UNITS=MM
#Layer_Color=9474304
#
#Feature symbol names
#
$0 r127
$1 r169.33164
$2 r101.6

#
#Feature attribute names
#

#
#Layer features
#
A 13.95480064 4.58499972 13.95480064 4.58499972 13.65000064 4.58499972 2 P 0 N
A 14.15800064 4.58499972 14.15800064 4.58499972 13.65000064 4.58499972 1 P 0 N
A 26.65480064 4.58499972 26.65480064 4.58499972 26.35000064 4.58499972 2 P 0 N
A 26.85800064 4.58499972 26.85800064 4.58499972 26.35000064 4.58499972 1 P 0 N
A 33.5079975 58.50000238 33.5079975 58.50000238 32.9999975 58.50000238 1 P 0 N
L 1.09200188 1.69200322 1.34600188 2.20000322 0 P 0
L 1.09200188 1.69200322 1.60000188 1.94600322 0 P 0
L 1.09200188 2.70800322 1.34600188 2.20000322 0 P 0
L 1.09200188 2.70800322 1.60000188 2.45400322 0 P 0
L 1.09200188 4.0920035 1.34600188 4.6000035 0 P 0
L 1.09200188 4.0920035 1.60000188 4.3460035 0 P 0
L 1.09200188 5.1080035 1.34600188 4.6000035 0 P 0
L 1.09200188 5.1080035 1.60000188 4.8540035 0 P 0
L 1.09200188 16.0920049 1.34600188 16.6000049 0 P 0
L 1.09200188 16.0920049 1.60000188 16.3460049 0 P 0
L 1.09200188 17.1080049 1.34600188 16.6000049 0 P 0
L 1.09200188 17.1080049 1.60000188 16.8540049 0 P 0
L 1.09200188 18.49200518 1.34600188 19.00000518 0 P 0
L 1.09200188 18.49200518 1.60000188 18.74600518 0 P 0
L 1.09200188 19.50800518 1.34600188 19.00000518 0 P 0
L 1.09200188 19.50800518 1.60000188 19.25400518 0 P 0
L 1.29199894 29.14599962 1.29199894 29.65399962 0 P 0
L 1.29199894 29.14599962 1.54599894 29.14599962 0 P 0
L 1.29199894 29.65399962 1.54599894 29.65399962 0 P 0
L 1.29520188 1.89520322 1.44760188 2.20000322 0 P 0
L 1.29520188 1.89520322 1.60000188 2.04760322 0 P 0
L 1.29520188 2.50480322 1.44760188 2.20000322 0 P 0
L 1.29520188 2.50480322 1.60000188 2.35240322 0 P 0
L 1.29520188 4.2952035 1.44760188 4.6000035 0 P 0
L 1.29520188 4.2952035 1.60000188 4.4476035 0 P 0
L 1.29520188 4.9048035 1.44760188 4.6000035 0 P 0
L 1.29520188 4.9048035 1.60000188 4.7524035 0 P 0
L 1.29520188 16.2952049 1.44760188 16.6000049 0 P 0
L 1.29520188 16.2952049 1.60000188 16.4476049 0 P 0
L 1.29520188 16.9048049 1.44760188 16.6000049 0 P 0
L 1.29520188 16.9048049 1.60000188 16.7524049 0 P 0
L 1.29520188 18.69520518 1.44760188 19.00000518 0 P 0
L 1.29520188 18.69520518 1.60000188 18.84760518 0 P 0
L 1.29520188 19.30480518 1.44760188 19.00000518 0 P 0
L 1.29520188 19.30480518 1.60000188 19.15240518 0 P 0
L 1.49519894 29.24759962 1.49519894 29.55239962 0 P 0
L 1.49519894 29.24759962 1.64759894 29.24759962 0 P 0
L 1.49519894 29.55239962 1.64759894 29.55239962 0 P 0
L 1.54599894 28.89199962 1.54599894 29.14599962 0 P 0
L 1.54599894 28.89199962 2.05399894 28.89199962 0 P 0
L 1.54599894 29.65399962 1.54599894 29.90799962 0 P 0
L 1.54599894 29.90799962 2.05399894 29.90799962 0 P 0
L 1.60000188 1.94600322 2.10800188 1.69200322 0 P 0
L 1.60000188 2.04760322 1.90480188 1.89520322 0 P 0
L 1.60000188 2.35240322 1.90480188 2.50480322 0 P 0
L 1.60000188 2.45400322 2.10800188 2.70800322 0 P 0
L 1.60000188 4.3460035 2.10800188 4.0920035 0 P 0
L 1.60000188 4.4476035 1.90480188 4.2952035 0 P 0
L 1.60000188 4.7524035 1.90480188 4.9048035 0 P 0
L 1.60000188 4.8540035 2.10800188 5.1080035 0 P 0
L 1.60000188 16.3460049 2.10800188 16.0920049 0 P 0
L 1.60000188 16.4476049 1.90480188 16.2952049 0 P 0
L 1.60000188 16.7524049 1.90480188 16.9048049 0 P 0
L 1.60000188 16.8540049 2.10800188 17.1080049 0 P 0
L 1.60000188 18.74600518 2.10800188 18.49200518 0 P 0
L 1.60000188 18.84760518 1.90480188 18.69520518 0 P 0
L 1.60000188 19.15240518 1.90480188 19.30480518 0 P 0
L 1.60000188 19.25400518 2.10800188 19.50800518 0 P 0
L 1.64759894 29.09519962 1.64759894 29.24759962 0 P 0
L 1.64759894 29.09519962 1.95239894 29.09519962 0 P 0
L 1.64759894 29.55239962 1.64759894 29.70479962 0 P 0
L 1.64759894 29.70479962 1.95239894 29.70479962 0 P 0
L 1.69200322 2.89200336 1.94600322 3.40000336 0 P 0
L 1.69200322 2.89200336 2.20000322 3.14600336 0 P 0
L 1.69200322 3.90800336 1.94600322 3.40000336 0 P 0
L 1.69200322 3.90800336 2.20000322 3.65400336 0 P 0
L 1.69200322 10.0920042 1.94600322 10.6000042 0 P 0
L 1.69200322 10.0920042 2.20000322 10.3460042 0 P 0
L 1.69200322 11.1080042 1.94600322 10.6000042 0 P 0
L 1.69200322 11.1080042 2.20000322 10.8540042 0 P 0
L 1.69200322 14.89200476 1.94600322 15.40000476 0 P 0
L 1.69200322 14.89200476 2.20000322 15.14600476 0 P 0
L 1.69200322 15.90800476 1.94600322 15.40000476 0 P 0
L 1.69200322 15.90800476 2.20000322 15.65400476 0 P 0
L 1.69200322 17.29200504 1.94600322 17.80000504 0 P 0
L 1.69200322 17.29200504 2.20000322 17.54600504 0 P 0
L 1.69200322 18.30800504 1.94600322 17.80000504 0 P 0
L 1.69200322 18.30800504 2.20000322 18.05400504 0 P 0
L 1.75240188 2.20000322 1.90480188 1.89520322 0 P 0
L 1.75240188 2.20000322 1.90480188 2.50480322 0 P 0
L 1.75240188 4.6000035 1.90480188 4.2952035 0 P 0
L 1.75240188 4.6000035 1.90480188 4.9048035 0 P 0
L 1.75240188 16.6000049 1.90480188 16.2952049 0 P 0
L 1.75240188 16.6000049 1.90480188 16.9048049 0 P 0
L 1.75240188 19.00000518 1.90480188 18.69520518 0 P 0
L 1.75240188 19.00000518 1.90480188 19.30480518 0 P 0
L 1.85400188 2.20000322 2.10800188 1.69200322 0 P 0
L 1.85400188 2.20000322 2.10800188 2.70800322 0 P 0
L 1.85400188 4.6000035 2.10800188 4.0920035 0 P 0
L 1.85400188 4.6000035 2.10800188 5.1080035 0 P 0
L 1.85400188 16.6000049 2.10800188 16.0920049 0 P 0
L 1.85400188 16.6000049 2.10800188 17.1080049 0 P 0
L 1.85400188 19.00000518 2.10800188 18.49200518 0 P 0
L 1.85400188 19.00000518 2.10800188 19.50800518 0 P 0
L 1.89520322 3.09520336 2.04760322 3.40000336 0 P 0
L 1.89520322 3.09520336 2.20000322 3.24760336 0 P 0
L 1.89520322 3.70480336 2.04760322 3.40000336 0 P 0
L 1.89520322 3.70480336 2.20000322 3.55240336 0 P 0
L 1.89520322 10.2952042 2.04760322 10.6000042 0 P 0
L 1.89520322 10.2952042 2.20000322 10.4476042 0 P 0
L 1.89520322 10.9048042 2.04760322 10.6000042 0 P 0
L 1.89520322 10.9048042 2.20000322 10.7524042 0 P 0
L 1.89520322 15.09520476 2.04760322 15.40000476 0 P 0
L 1.89520322 15.09520476 2.20000322 15.24760476 0 P 0
L 1.89520322 15.70480476 2.04760322 15.40000476 0 P 0
L 1.89520322 15.70480476 2.20000322 15.55240476 0 P 0
L 1.89520322 17.49520504 2.04760322 17.80000504 0 P 0
L 1.89520322 17.49520504 2.20000322 17.64760504 0 P 0
L 1.89520322 18.10480504 2.04760322 17.80000504 0 P 0
L 1.89520322 18.10480504 2.20000322 17.95240504 0 P 0
L 1.95239894 29.09519962 1.95239894 29.24759962 0 P 0
L 1.95239894 29.24759962 2.10479894 29.24759962 0 P 0
L 1.95239894 29.55239962 1.95239894 29.70479962 0 P 0
L 1.95239894 29.55239962 2.10479894 29.55239962 0 P 0
L 2.05399894 28.89199962 2.05399894 29.14599962 0 P 0
L 2.05399894 29.14599962 2.30799894 29.14599962 0 P 0
L 2.05399894 29.65399962 2.05399894 29.90799962 0 P 0
L 2.05399894 29.65399962 2.30799894 29.65399962 0 P 0
L 2.10479894 29.24759962 2.10479894 29.55239962 0 P 0
L 2.20000322 3.14600336 2.70800322 2.89200336 0 P 0
L 2.20000322 3.24760336 2.50480322 3.09520336 0 P 0
L 2.20000322 3.55240336 2.50480322 3.70480336 0 P 0
L 2.20000322 3.65400336 2.70800322 3.90800336 0 P 0
L 2.20000322 10.3460042 2.70800322 10.0920042 0 P 0
L 2.20000322 10.4476042 2.50480322 10.2952042 0 P 0
L 2.20000322 10.7524042 2.50480322 10.9048042 0 P 0
L 2.20000322 10.8540042 2.70800322 11.1080042 0 P 0
L 2.20000322 15.14600476 2.70800322 14.89200476 0 P 0
L 2.20000322 15.24760476 2.50480322 15.09520476 0 P 0
L 2.20000322 15.55240476 2.50480322 15.70480476 0 P 0
L 2.20000322 15.65400476 2.70800322 15.90800476 0 P 0
L 2.20000322 17.54600504 2.70800322 17.29200504 0 P 0
L 2.20000322 17.64760504 2.50480322 17.49520504 0 P 0
L 2.20000322 17.95240504 2.50480322 18.10480504 0 P 0
L 2.20000322 18.05400504 2.70800322 18.30800504 0 P 0
L 2.29200202 1.69200322 2.54600202 2.20000322 0 P 0
L 2.29200202 1.69200322 2.80000202 1.94600322 0 P 0
L 2.29200202 2.70800322 2.54600202 2.20000322 0 P 0
L 2.29200202 2.70800322 2.80000202 2.45400322 0 P 0
L 2.29200202 4.0920035 2.54600202 4.6000035 0 P 0
L 2.29200202 4.0920035 2.80000202 4.3460035 0 P 0
L 2.29200202 5.1080035 2.54600202 4.6000035 0 P 0
L 2.29200202 5.1080035 2.80000202 4.8540035 0 P 0
L 2.29200202 16.0920049 2.54600202 16.6000049 0 P 0
L 2.29200202 16.0920049 2.80000202 16.3460049 0 P 0
L 2.29200202 17.1080049 2.54600202 16.6000049 0 P 0
L 2.29200202 17.1080049 2.80000202 16.8540049 0 P 0
L 2.30799894 29.14599962 2.30799894 29.65399962 0 P 0
L 2.35240322 3.40000336 2.50480322 3.09520336 0 P 0
L 2.35240322 3.40000336 2.50480322 3.70480336 0 P 0
L 2.35240322 10.6000042 2.50480322 10.2952042 0 P 0
L 2.35240322 10.6000042 2.50480322 10.9048042 0 P 0
L 2.35240322 15.40000476 2.50480322 15.09520476 0 P 0
L 2.35240322 15.40000476 2.50480322 15.70480476 0 P 0
L 2.35240322 17.80000504 2.50480322 17.49520504 0 P 0
L 2.35240322 17.80000504 2.50480322 18.10480504 0 P 0
L 2.45400322 3.40000336 2.70800322 2.89200336 0 P 0
L 2.45400322 3.40000336 2.70800322 3.90800336 0 P 0
L 2.45400322 10.6000042 2.70800322 10.0920042 0 P 0
L 2.45400322 10.6000042 2.70800322 11.1080042 0 P 0
L 2.45400322 15.40000476 2.70800322 14.89200476 0 P 0
L 2.45400322 15.40000476 2.70800322 15.90800476 0 P 0
L 2.45400322 17.80000504 2.70800322 17.29200504 0 P 0
L 2.45400322 17.80000504 2.70800322 18.30800504 0 P 0
L 2.49520202 1.89520322 2.64760202 2.20000322 0 P 0
L 2.49520202 1.89520322 2.80000202 2.04760322 0 P 0
L 2.49520202 2.50480322 2.64760202 2.20000322 0 P 0
L 2.49520202 2.50480322 2.80000202 2.35240322 0 P 0
L 2.49520202 4.2952035 2.64760202 4.6000035 0 P 0
L 2.49520202 4.2952035 2.80000202 4.4476035 0 P 0
L 2.49520202 4.9048035 2.64760202 4.6000035 0 P 0
L 2.49520202 4.9048035 2.80000202 4.7524035 0 P 0
L 2.49520202 16.2952049 2.64760202 16.6000049 0 P 0
L 2.49520202 16.2952049 2.80000202 16.4476049 0 P 0
L 2.49520202 16.9048049 2.64760202 16.6000049 0 P 0
L 2.49520202 16.9048049 2.80000202 16.7524049 0 P 0
L 2.80000202 1.94600322 3.30800202 1.69200322 0 P 0
L 2.80000202 2.04760322 3.10480202 1.89520322 0 P 0
L 2.80000202 2.35240322 3.10480202 2.50480322 0 P 0
L 2.80000202 2.45400322 3.30800202 2.70800322 0 P 0
L 2.80000202 4.3460035 3.30800202 4.0920035 0 P 0
L 2.80000202 4.4476035 3.10480202 4.2952035 0 P 0
L 2.80000202 4.7524035 3.10480202 4.9048035 0 P 0
L 2.80000202 4.8540035 3.30800202 5.1080035 0 P 0
L 2.80000202 16.3460049 3.30800202 16.0920049 0 P 0
L 2.80000202 16.4476049 3.10480202 16.2952049 0 P 0
L 2.80000202 16.7524049 3.10480202 16.9048049 0 P 0
L 2.80000202 16.8540049 3.30800202 17.1080049 0 P 0
L 2.89200336 2.89200336 3.14600336 3.40000336 0 P 0
L 2.89200336 2.89200336 3.40000336 3.14600336 0 P 0
L 2.89200336 3.90800336 3.14600336 3.40000336 0 P 0
L 2.89200336 3.90800336 3.40000336 3.65400336 0 P 0
L 2.89200336 14.89200476 3.14600336 15.40000476 0 P 0
L 2.89200336 14.89200476 3.40000336 15.14600476 0 P 0
L 2.89200336 15.90800476 3.14600336 15.40000476 0 P 0
L 2.89200336 15.90800476 3.40000336 15.65400476 0 P 0
L 2.95240202 2.20000322 3.10480202 1.89520322 0 P 0
L 2.95240202 2.20000322 3.10480202 2.50480322 0 P 0
L 2.95240202 4.6000035 3.10480202 4.2952035 0 P 0
L 2.95240202 4.6000035 3.10480202 4.9048035 0 P 0
L 2.95240202 16.6000049 3.10480202 16.2952049 0 P 0
L 2.95240202 16.6000049 3.10480202 16.9048049 0 P 0
L 3.05400202 2.20000322 3.30800202 1.69200322 0 P 0
L 3.05400202 2.20000322 3.30800202 2.70800322 0 P 0
L 3.05400202 4.6000035 3.30800202 4.0920035 0 P 0
L 3.05400202 4.6000035 3.30800202 5.1080035 0 P 0
L 3.05400202 16.6000049 3.30800202 16.0920049 0 P 0
L 3.05400202 16.6000049 3.30800202 17.1080049 0 P 0
L 3.09520336 3.09520336 3.24760336 3.40000336 0 P 0
L 3.09520336 3.09520336 3.40000336 3.24760336 0 P 0
L 3.09520336 3.70480336 3.24760336 3.40000336 0 P 0
L 3.09520336 3.70480336 3.40000336 3.55240336 0 P 0
L 3.09520336 15.09520476 3.24760336 15.40000476 0 P 0
L 3.09520336 15.09520476 3.40000336 15.24760476 0 P 0
L 3.09520336 15.70480476 3.24760336 15.40000476 0 P 0
L 3.09520336 15.70480476 3.40000336 15.55240476 0 P 0
L 3.40000336 3.14600336 3.90800336 2.89200336 0 P 0
L 3.40000336 3.24760336 3.70480336 3.09520336 0 P 0
L 3.40000336 3.55240336 3.70480336 3.70480336 0 P 0
L 3.40000336 3.65400336 3.90800336 3.90800336 0 P 0
L 3.40000336 15.14600476 3.90800336 14.89200476 0 P 0
L 3.40000336 15.24760476 3.70480336 15.09520476 0 P 0
L 3.40000336 15.55240476 3.70480336 15.70480476 0 P 0
L 3.40000336 15.65400476 3.90800336 15.90800476 0 P 0
L 3.49200216 1.69200322 3.74600216 2.20000322 0 P 0
L 3.49200216 1.69200322 4.00000216 1.94600322 0 P 0
L 3.49200216 2.70800322 3.74600216 2.20000322 0 P 0
L 3.49200216 2.70800322 4.00000216 2.45400322 0 P 0
L 3.49200216 6.49200378 3.74600216 7.00000378 0 P 0
L 3.49200216 6.49200378 4.00000216 6.74600378 0 P 0
L 3.49200216 7.50800378 3.74600216 7.00000378 0 P 0
L 3.49200216 7.50800378 4.00000216 7.25400378 0 P 0
L 3.55240336 3.40000336 3.70480336 3.09520336 0 P 0
L 3.55240336 3.40000336 3.70480336 3.70480336 0 P 0
L 3.55240336 15.40000476 3.70480336 15.09520476 0 P 0
L 3.55240336 15.40000476 3.70480336 15.70480476 0 P 0
L 3.65400336 3.40000336 3.90800336 2.89200336 0 P 0
L 3.65400336 3.40000336 3.90800336 3.90800336 0 P 0
L 3.65400336 15.40000476 3.90800336 14.89200476 0 P 0
L 3.65400336 15.40000476 3.90800336 15.90800476 0 P 0
L 3.69520216 1.89520322 3.84760216 2.20000322 0 P 0
L 3.69520216 1.89520322 4.00000216 2.04760322 0 P 0
L 3.69520216 2.50480322 3.84760216 2.20000322 0 P 0
L 3.69520216 2.50480322 4.00000216 2.35240322 0 P 0
L 3.69520216 6.69520378 3.84760216 7.00000378 0 P 0
L 3.69520216 6.69520378 4.00000216 6.84760378 0 P 0
L 3.69520216 7.30480378 3.84760216 7.00000378 0 P 0
L 3.69520216 7.30480378 4.00000216 7.15240378 0 P 0
L 3.99199608 26.27099902 4.24599608 26.27099902 0 P 0
L 3.99199608 26.27099902 4.24599608 26.52499902 0 P 0
L 3.99199608 26.77899902 4.24599608 26.52499902 0 P 0
L 3.99199608 26.77899902 4.24599608 26.77899902 0 P 0
L 4.00000216 1.94600322 4.50800216 1.69200322 0 P 0
L 4.00000216 2.04760322 4.30480216 1.89520322 0 P 0
L 4.00000216 2.35240322 4.30480216 2.50480322 0 P 0
L 4.00000216 2.45400322 4.50800216 2.70800322 0 P 0
L 4.00000216 6.74600378 4.50800216 6.49200378 0 P 0
L 4.00000216 6.84760378 4.30480216 6.69520378 0 P 0
L 4.00000216 7.15240378 4.30480216 7.30480378 0 P 0
L 4.00000216 7.25400378 4.50800216 7.50800378 0 P 0
L 4.0920035 29.29200644 4.3460035 29.80000644 0 P 0
L 4.0920035 29.29200644 4.6000035 29.54600644 0 P 0
L 4.0920035 30.30800644 4.3460035 29.80000644 0 P 0
L 4.0920035 30.30800644 4.6000035 30.05400644 0 P 0
L 4.15240216 2.20000322 4.30480216 1.89520322 0 P 0
L 4.15240216 2.20000322 4.30480216 2.50480322 0 P 0
L 4.15240216 7.00000378 4.30480216 6.69520378 0 P 0
L 4.15240216 7.00000378 4.30480216 7.30480378 0 P 0
L 4.19519608 26.37259902 4.34759608 26.37259902 0 P 0
L 4.19519608 26.37259902 4.34759608 26.52499902 0 P 0
L 4.19519608 26.67739902 4.34759608 26.52499902 0 P 0
L 4.19519608 26.67739902 4.34759608 26.67739902 0 P 0
L 4.24599608 26.27099902 4.49999608 26.01699902 0 P 0
L 4.24599608 26.77899902 4.49999608 27.03299902 0 P 0
L 4.25400216 2.20000322 4.50800216 1.69200322 0 P 0
L 4.25400216 2.20000322 4.50800216 2.70800322 0 P 0
L 4.25400216 7.00000378 4.50800216 6.49200378 0 P 0
L 4.25400216 7.00000378 4.50800216 7.50800378 0 P 0
L 4.2952035 29.49520644 4.4476035 29.80000644 0 P 0
L 4.2952035 29.49520644 4.6000035 29.64760644 0 P 0
L 4.2952035 30.10480644 4.4476035 29.80000644 0 P 0
L 4.2952035 30.10480644 4.6000035 29.95240644 0 P 0
L 4.34759608 26.37259902 4.49999608 26.22019902 0 P 0
L 4.34759608 26.67739902 4.49999608 26.82979902 0 P 0
L 4.49999608 26.01699902 4.75399608 26.27099902 0 P 0
L 4.49999608 26.22019902 4.65239608 26.37259902 0 P 0
L 4.49999608 26.82979902 4.65239608 26.67739902 0 P 0
L 4.49999608 27.03299902 4.75399608 26.77899902 0 P 0
L 4.6000035 29.54600644 5.1080035 29.29200644 0 P 0
L 4.6000035 29.64760644 4.9048035 29.49520644 0 P 0
L 4.6000035 29.95240644 4.9048035 30.10480644 0 P 0
L 4.6000035 30.05400644 5.1080035 30.30800644 0 P 0
L 4.65239608 26.37259902 4.80479608 26.37259902 0 P 0
L 4.65239608 26.52499902 4.80479608 26.37259902 0 P 0
L 4.65239608 26.52499902 4.80479608 26.67739902 0 P 0
L 4.65239608 26.67739902 4.80479608 26.67739902 0 P 0
L 4.6920023 6.49200378 4.9460023 7.00000378 0 P 0
L 4.6920023 6.49200378 5.2000023 6.74600378 0 P 0
L 4.6920023 7.50800378 4.9460023 7.00000378 0 P 0
L 4.6920023 7.50800378 5.2000023 7.25400378 0 P 0
L 4.6920023 42.49200798 4.9460023 43.00000798 0 P 0
L 4.6920023 42.49200798 5.2000023 42.74600798 0 P 0
L 4.6920023 43.50800798 4.9460023 43.00000798 0 P 0
L 4.6920023 43.50800798 5.2000023 43.25400798 0 P 0
L 4.7524035 29.80000644 4.9048035 29.49520644 0 P 0
L 4.7524035 29.80000644 4.9048035 30.10480644 0 P 0
L 4.75399608 26.27099902 5.00799608 26.27099902 0 P 0
L 4.75399608 26.52499902 5.00799608 26.27099902 0 P 0
L 4.75399608 26.52499902 5.00799608 26.77899902 0 P 0
L 4.75399608 26.77899902 5.00799608 26.77899902 0 P 0
L 4.84199946 58.49199884 4.84199946 59.50799884 0 P 0
L 4.84199946 58.49199884 5.85799946 58.49199884 0 P 0
L 4.84199946 59.50799884 5.85799946 59.50799884 0 P 0
L 4.8540035 29.80000644 5.1080035 29.29200644 0 P 0
L 4.8540035 29.80000644 5.1080035 30.30800644 0 P 0
L 4.8952023 6.69520378 5.0476023 7.00000378 0 P 0
L 4.8952023 6.69520378 5.2000023 6.84760378 0 P 0
L 4.8952023 7.30480378 5.0476023 7.00000378 0 P 0
L 4.8952023 7.30480378 5.2000023 7.15240378 0 P 0
L 4.8952023 42.69520798 5.0476023 43.00000798 0 P 0
L 4.8952023 42.69520798 5.2000023 42.84760798 0 P 0
L 4.8952023 43.30480798 5.0476023 43.00000798 0 P 0
L 4.8952023 43.30480798 5.2000023 43.15240798 0 P 0
L 5.0000027 17.75000006 5.63479696 17.75000006 0 P 0
L 5.0000027 18.38479432 5.63479696 18.38479432 0 P 0
L 5.0000027 19.01958858 5.0000027 17.75000006 0 P 0
L 5.19199876 49.54599946 5.44599876 49.54599946 0 P 0
L 5.19199876 49.54599946 5.44599876 49.79999946 0 P 0
L 5.19199876 50.05399946 5.44599876 49.79999946 0 P 0
L 5.19199876 50.05399946 5.44599876 50.05399946 0 P 0
L 5.2000023 6.74600378 5.7080023 6.49200378 0 P 0
L 5.2000023 6.84760378 5.5048023 6.69520378 0 P 0
L 5.2000023 7.15240378 5.5048023 7.30480378 0 P 0
L 5.2000023 7.25400378 5.7080023 7.50800378 0 P 0
L 5.2000023 42.74600798 5.7080023 42.49200798 0 P 0
L 5.2000023 42.84760798 5.5048023 42.69520798 0 P 0
L 5.2000023 43.15240798 5.5048023 43.30480798 0 P 0
L 5.2000023 43.25400798 5.7080023 43.50800798 0 P 0
L 5.29200364 46.0920084 5.54600364 46.6000084 0 P 0
L 5.29200364 46.0920084 5.80000364 46.3460084 0 P 0
L 5.29200364 47.1080084 5.54600364 46.6000084 0 P 0
L 5.29200364 47.1080084 5.80000364 46.8540084 0 P 0
L 5.29200364 60.49201008 5.54600364 61.00001008 0 P 0
L 5.29200364 60.49201008 5.80000364 60.74601008 0 P 0
L 5.29200364 61.50801008 5.54600364 61.00001008 0 P 0
L 5.29200364 61.50801008 5.80000364 61.25401008 0 P 0
L 5.3524023 7.00000378 5.5048023 6.69520378 0 P 0
L 5.3524023 7.00000378 5.5048023 7.30480378 0 P 0
L 5.3524023 43.00000798 5.5048023 42.69520798 0 P 0
L 5.3524023 43.00000798 5.5048023 43.30480798 0 P 0
L 5.39519876 49.64759946 5.54759876 49.64759946 0 P 0
L 5.39519876 49.64759946 5.54759876 49.79999946 0 P 0
L 5.39519876 49.95239946 5.54759876 49.79999946 0 P 0
L 5.39519876 49.95239946 5.54759876 49.95239946 0 P 0
L 5.44599876 49.54599946 5.69999876 49.29199946 0 P 0
L 5.44599876 50.05399946 5.69999876 50.30799946 0 P 0
L 5.4540023 7.00000378 5.7080023 6.49200378 0 P 0
L 5.4540023 7.00000378 5.7080023 7.50800378 0 P 0
L 5.4540023 43.00000798 5.7080023 42.49200798 0 P 0
L 5.4540023 43.00000798 5.7080023 43.50800798 0 P 0
L 5.49520364 46.2952084 5.64760364 46.6000084 0 P 0
L 5.49520364 46.2952084 5.80000364 46.4476084 0 P 0
L 5.49520364 46.9048084 5.64760364 46.6000084 0 P 0
L 5.49520364 46.9048084 5.80000364 46.7524084 0 P 0
L 5.49520364 60.69521008 5.64760364 61.00001008 0 P 0
L 5.49520364 60.69521008 5.80000364 60.84761008 0 P 0
L 5.49520364 61.30481008 5.64760364 61.00001008 0 P 0
L 5.49520364 61.30481008 5.80000364 61.15241008 0 P 0
L 5.54759876 49.64759946 5.69999876 49.49519946 0 P 0
L 5.54759876 49.95239946 5.69999876 50.10479946 0 P 0
L 5.63479696 17.75000006 5.84639674 17.9615973 0 P 0
L 5.63479696 18.38479432 5.0000027 18.38479432 0 P 0
L 5.63479696 18.38479432 5.84639674 18.5963941 0 P 0
L 5.63479696 19.01958858 5.0000027 19.01958858 0 P 0
L 5.69999876 49.29199946 5.95399876 49.54599946 0 P 0
L 5.69999876 49.49519946 5.85239876 49.64759946 0 P 0
L 5.69999876 50.10479946 5.85239876 49.95239946 0 P 0
L 5.69999876 50.30799946 5.95399876 50.05399946 0 P 0
L 5.80000364 46.3460084 6.30800364 46.0920084 0 P 0
L 5.80000364 46.4476084 6.10480364 46.2952084 0 P 0
L 5.80000364 46.7524084 6.10480364 46.9048084 0 P 0
L 5.80000364 46.8540084 6.30800364 47.1080084 0 P 0
L 5.80000364 60.74601008 6.30800364 60.49201008 0 P 0
L 5.80000364 60.84761008 6.10480364 60.69521008 0 P 0
L 5.80000364 61.15241008 6.10480364 61.30481008 0 P 0
L 5.80000364 61.25401008 6.30800364 61.50801008 0 P 0
L 5.84639674 17.9615973 5.84639674 18.17319708 0 P 0
L 5.84639674 18.17319708 5.63479696 18.38479432 0 P 0
L 5.84639674 18.5963941 5.84639674 18.80799134 0 P 0
L 5.84639674 18.80799134 5.63479696 19.01958858 0 P 0
L 5.85239876 49.64759946 6.00479876 49.64759946 0 P 0
L 5.85239876 49.79999946 6.00479876 49.64759946 0 P 0
L 5.85239876 49.79999946 6.00479876 49.95239946 0 P 0
L 5.85239876 49.95239946 6.00479876 49.95239946 0 P 0
L 5.85799946 58.49199884 5.85799946 59.50799884 0 P 0
L 5.89200244 6.49200378 6.14600244 7.00000378 0 P 0
L 5.89200244 6.49200378 6.40000244 6.74600378 0 P 0
L 5.89200244 7.50800378 6.14600244 7.00000378 0 P 0
L 5.89200244 7.50800378 6.40000244 7.25400378 0 P 0
L 5.89200244 42.49200798 6.14600244 43.00000798 0 P 0
L 5.89200244 42.49200798 6.40000244 42.74600798 0 P 0
L 5.89200244 43.50800798 6.14600244 43.00000798 0 P 0
L 5.89200244 43.50800798 6.40000244 43.25400798 0 P 0
L 5.89200244 47.29200854 6.14600244 47.80000854 0 P 0
L 5.89200244 47.29200854 6.40000244 47.54600854 0 P 0
L 5.89200244 48.30800854 6.14600244 47.80000854 0 P 0
L 5.89200244 48.30800854 6.40000244 48.05400854 0 P 0
L 5.89200244 56.89200966 6.14600244 57.40000966 0 P 0
L 5.89200244 56.89200966 6.40000244 57.14600966 0 P 0
L 5.89200244 57.90800966 6.14600244 57.40000966 0 P 0
L 5.89200244 57.90800966 6.40000244 57.65400966 0 P 0
L 5.9500008 41.40000102 6.58479506 41.40000102 0 P 0
L 5.9500008 42.03479528 6.58479506 42.03479528 0 P 0
L 5.9500008 42.66958954 5.9500008 41.40000102 0 P 0
L 5.95240364 46.6000084 6.10480364 46.2952084 0 P 0
L 5.95240364 46.6000084 6.10480364 46.9048084 0 P 0
L 5.95240364 61.00001008 6.10480364 60.69521008 0 P 0
L 5.95240364 61.00001008 6.10480364 61.30481008 0 P 0
L 5.95399876 49.54599946 6.20799876 49.54599946 0 P 0
L 5.95399876 49.79999946 6.20799876 49.54599946 0 P 0
L 5.95399876 49.79999946 6.20799876 50.05399946 0 P 0
L 5.95399876 50.05399946 6.20799876 50.05399946 0 P 0
L 6.05400364 46.6000084 6.30800364 46.0920084 0 P 0
L 6.05400364 46.6000084 6.30800364 47.1080084 0 P 0
L 6.05400364 61.00001008 6.30800364 60.49201008 0 P 0
L 6.05400364 61.00001008 6.30800364 61.50801008 0 P 0
L 6.09520244 6.69520378 6.24760244 7.00000378 0 P 0
L 6.09520244 6.69520378 6.40000244 6.84760378 0 P 0
L 6.09520244 7.30480378 6.24760244 7.00000378 0 P 0
L 6.09520244 7.30480378 6.40000244 7.15240378 0 P 0
L 6.09520244 42.69520798 6.24760244 43.00000798 0 P 0
L 6.09520244 42.69520798 6.40000244 42.84760798 0 P 0
L 6.09520244 43.30480798 6.24760244 43.00000798 0 P 0
L 6.09520244 43.30480798 6.40000244 43.15240798 0 P 0
L 6.09520244 47.49520854 6.24760244 47.80000854 0 P 0
L 6.09520244 47.49520854 6.40000244 47.64760854 0 P 0
L 6.09520244 48.10480854 6.24760244 47.80000854 0 P 0
L 6.09520244 48.10480854 6.40000244 47.95240854 0 P 0
L 6.09520244 57.09520966 6.24760244 57.40000966 0 P 0
L 6.09520244 57.09520966 6.40000244 57.24760966 0 P 0
L 6.09520244 57.70480966 6.24760244 57.40000966 0 P 0
L 6.09520244 57.70480966 6.40000244 57.55240966 0 P 0
L 6.39200398 26.17100176 6.64600398 26.17100176 0 P 0
L 6.39200398 26.17100176 6.64600398 26.42500176 0 P 0
L 6.39200398 26.67900176 6.64600398 26.42500176 0 P 0
L 6.39200398 26.67900176 6.64600398 26.67900176 0 P 0
L 6.40000244 6.74600378 6.90800244 6.49200378 0 P 0
L 6.40000244 6.84760378 6.70480244 6.69520378 0 P 0
L 6.40000244 7.15240378 6.70480244 7.30480378 0 P 0
L 6.40000244 7.25400378 6.90800244 7.50800378 0 P 0
L 6.40000244 42.74600798 6.90800244 42.49200798 0 P 0
L 6.40000244 42.84760798 6.70480244 42.69520798 0 P 0
L 6.40000244 43.15240798 6.70480244 43.30480798 0 P 0
L 6.40000244 43.25400798 6.90800244 43.50800798 0 P 0
L 6.40000244 47.54600854 6.90800244 47.29200854 0 P 0
L 6.40000244 47.64760854 6.70480244 47.49520854 0 P 0
L 6.40000244 47.95240854 6.70480244 48.10480854 0 P 0
L 6.40000244 48.05400854 6.90800244 48.30800854 0 P 0
L 6.40000244 57.14600966 6.90800244 56.89200966 0 P 0
L 6.40000244 57.24760966 6.70480244 57.09520966 0 P 0
L 6.40000244 57.55240966 6.70480244 57.70480966 0 P 0
L 6.40000244 57.65400966 6.90800244 57.90800966 0 P 0
L 6.436995 22.54600012 6.690995 22.54600012 0 P 0
L 6.436995 22.54600012 6.690995 22.80000012 0 P 0
L 6.436995 23.05400012 6.690995 22.80000012 0 P 0
L 6.436995 23.05400012 6.690995 23.05400012 0 P 0
L 6.49200378 36.49200728 6.74600378 37.00000728 0 P 0
L 6.49200378 36.49200728 7.00000378 36.74600728 0 P 0
L 6.49200378 37.50800728 6.74600378 37.00000728 0 P 0
L 6.49200378 37.50800728 7.00000378 37.25400728 0 P 0
L 6.49200378 38.89200756 6.74600378 39.40000756 0 P 0
L 6.49200378 38.89200756 7.00000378 39.14600756 0 P 0
L 6.49200378 39.90800756 6.74600378 39.40000756 0 P 0
L 6.49200378 39.90800756 7.00000378 39.65400756 0 P 0
L 6.49200378 46.0920084 6.74600378 46.6000084 0 P 0
L 6.49200378 46.0920084 7.00000378 46.3460084 0 P 0
L 6.49200378 47.1080084 6.74600378 46.6000084 0 P 0
L 6.49200378 47.1080084 7.00000378 46.8540084 0 P 0
L 6.49200378 53.29200924 6.74600378 53.80000924 0 P 0
L 6.49200378 53.29200924 7.00000378 53.54600924 0 P 0
L 6.49200378 54.30800924 6.74600378 53.80000924 0 P 0
L 6.49200378 54.30800924 7.00000378 54.05400924 0 P 0
L 6.49200378 55.69200952 6.74600378 56.20000952 0 P 0
L 6.49200378 55.69200952 7.00000378 55.94600952 0 P 0
L 6.49200378 56.70800952 6.74600378 56.20000952 0 P 0
L 6.49200378 56.70800952 7.00000378 56.45400952 0 P 0
L 6.49200378 60.49201008 6.74600378 61.00001008 0 P 0
L 6.49200378 60.49201008 7.00000378 60.74601008 0 P 0
L 6.49200378 61.50801008 6.74600378 61.00001008 0 P 0
L 6.49200378 61.50801008 7.00000378 61.25401008 0 P 0
L 6.55240244 7.00000378 6.70480244 6.69520378 0 P 0
L 6.55240244 7.00000378 6.70480244 7.30480378 0 P 0
L 6.55240244 43.00000798 6.70480244 42.69520798 0 P 0
L 6.55240244 43.00000798 6.70480244 43.30480798 0 P 0
L 6.55240244 47.80000854 6.70480244 47.49520854 0 P 0
L 6.55240244 47.80000854 6.70480244 48.10480854 0 P 0
L 6.55240244 57.40000966 6.70480244 57.09520966 0 P 0
L 6.55240244 57.40000966 6.70480244 57.70480966 0 P 0
L 6.58479506 41.40000102 6.79639484 41.61159826 0 P 0
L 6.58479506 42.03479528 5.9500008 42.03479528 0 P 0
L 6.58479506 42.03479528 6.79639484 42.24639506 0 P 0
L 6.58479506 42.66958954 5.9500008 42.66958954 0 P 0
L 6.59520398 26.27260176 6.74760398 26.27260176 0 P 0
L 6.59520398 26.27260176 6.74760398 26.42500176 0 P 0
L 6.59520398 26.57740176 6.74760398 26.42500176 0 P 0
L 6.59520398 26.57740176 6.74760398 26.57740176 0 P 0
L 6.640195 22.64760012 6.792595 22.64760012 0 P 0
L 6.640195 22.64760012 6.792595 22.80000012 0 P 0
L 6.640195 22.95240012 6.792595 22.80000012 0 P 0
L 6.640195 22.95240012 6.792595 22.95240012 0 P 0
L 6.64600398 26.17100176 6.90000398 25.91700176 0 P 0
L 6.64600398 26.67900176 6.90000398 26.93300176 0 P 0
L 6.65400244 7.00000378 6.90800244 6.49200378 0 P 0
L 6.65400244 7.00000378 6.90800244 7.50800378 0 P 0
L 6.65400244 43.00000798 6.90800244 42.49200798 0 P 0
L 6.65400244 43.00000798 6.90800244 43.50800798 0 P 0
L 6.65400244 47.80000854 6.90800244 47.29200854 0 P 0
L 6.65400244 47.80000854 6.90800244 48.30800854 0 P 0
L 6.65400244 57.40000966 6.90800244 56.89200966 0 P 0
L 6.65400244 57.40000966 6.90800244 57.90800966 0 P 0
L 6.690995 22.54600012 6.944995 22.29200012 0 P 0
L 6.690995 23.05400012 6.944995 23.30800012 0 P 0
L 6.69520378 36.69520728 6.84760378 37.00000728 0 P 0
L 6.69520378 36.69520728 7.00000378 36.84760728 0 P 0
L 6.69520378 37.30480728 6.84760378 37.00000728 0 P 0
L 6.69520378 37.30480728 7.00000378 37.15240728 0 P 0
L 6.69520378 39.09520756 6.84760378 39.40000756 0 P 0
L 6.69520378 39.09520756 7.00000378 39.24760756 0 P 0
L 6.69520378 39.70480756 6.84760378 39.40000756 0 P 0
L 6.69520378 39.70480756 7.00000378 39.55240756 0 P 0
L 6.69520378 46.2952084 6.84760378 46.6000084 0 P 0
L 6.69520378 46.2952084 7.00000378 46.4476084 0 P 0
L 6.69520378 46.9048084 6.84760378 46.6000084 0 P 0
L 6.69520378 46.9048084 7.00000378 46.7524084 0 P 0
L 6.69520378 53.49520924 6.84760378 53.80000924 0 P 0
L 6.69520378 53.49520924 7.00000378 53.64760924 0 P 0
L 6.69520378 54.10480924 6.84760378 53.80000924 0 P 0
L 6.69520378 54.10480924 7.00000378 53.95240924 0 P 0
L 6.69520378 55.89520952 6.84760378 56.20000952 0 P 0
L 6.69520378 55.89520952 7.00000378 56.04760952 0 P 0
L 6.69520378 56.50480952 6.84760378 56.20000952 0 P 0
L 6.69520378 56.50480952 7.00000378 56.35240952 0 P 0
L 6.69520378 60.69521008 6.84760378 61.00001008 0 P 0
L 6.69520378 60.69521008 7.00000378 60.84761008 0 P 0
L 6.69520378 61.30481008 6.84760378 61.00001008 0 P 0
L 6.69520378 61.30481008 7.00000378 61.15241008 0 P 0
L 6.74760398 26.27260176 6.90000398 26.12020176 0 P 0
L 6.74760398 26.57740176 6.90000398 26.72980176 0 P 0
L 6.792595 22.64760012 6.944995 22.49520012 0 P 0
L 6.792595 22.95240012 6.944995 23.10480012 0 P 0
L 6.79639484 41.61159826 6.79639484 41.82319804 0 P 0
L 6.79639484 41.82319804 6.58479506 42.03479528 0 P 0
L 6.79639484 42.24639506 6.79639484 42.4579923 0 P 0
L 6.79639484 42.4579923 6.58479506 42.66958954 0 P 0
L 6.90000398 25.91700176 7.15400398 26.17100176 0 P 0
L 6.90000398 26.12020176 7.05240398 26.27260176 0 P 0
L 6.90000398 26.72980176 7.05240398 26.57740176 0 P 0
L 6.90000398 26.93300176 7.15400398 26.67900176 0 P 0
L 6.944995 22.29200012 7.198995 22.54600012 0 P 0
L 6.944995 22.49520012 7.097395 22.64760012 0 P 0
L 6.944995 23.10480012 7.097395 22.95240012 0 P 0
L 6.944995 23.30800012 7.198995 23.05400012 0 P 0
L 7.00000378 36.74600728 7.50800378 36.49200728 0 P 0
L 7.00000378 36.84760728 7.30480378 36.69520728 0 P 0
L 7.00000378 37.15240728 7.30480378 37.30480728 0 P 0
L 7.00000378 37.25400728 7.50800378 37.50800728 0 P 0
L 7.00000378 39.14600756 7.50800378 38.89200756 0 P 0
L 7.00000378 39.24760756 7.30480378 39.09520756 0 P 0
L 7.00000378 39.55240756 7.30480378 39.70480756 0 P 0
L 7.00000378 39.65400756 7.50800378 39.90800756 0 P 0
L 7.00000378 46.3460084 7.50800378 46.0920084 0 P 0
L 7.00000378 46.4476084 7.30480378 46.2952084 0 P 0
L 7.00000378 46.7524084 7.30480378 46.9048084 0 P 0
L 7.00000378 46.8540084 7.50800378 47.1080084 0 P 0
L 7.00000378 53.54600924 7.50800378 53.29200924 0 P 0
L 7.00000378 53.64760924 7.30480378 53.49520924 0 P 0
L 7.00000378 53.95240924 7.30480378 54.10480924 0 P 0
L 7.00000378 54.05400924 7.50800378 54.30800924 0 P 0
L 7.00000378 55.94600952 7.50800378 55.69200952 0 P 0
L 7.00000378 56.04760952 7.30480378 55.89520952 0 P 0
L 7.00000378 56.35240952 7.30480378 56.50480952 0 P 0
L 7.00000378 56.45400952 7.50800378 56.70800952 0 P 0
L 7.00000378 60.74601008 7.50800378 60.49201008 0 P 0
L 7.00000378 60.84761008 7.30480378 60.69521008 0 P 0
L 7.00000378 61.15241008 7.30480378 61.30481008 0 P 0
L 7.00000378 61.25401008 7.50800378 61.50801008 0 P 0
L 7.05240398 26.27260176 7.20480398 26.27260176 0 P 0
L 7.05240398 26.42500176 7.20480398 26.27260176 0 P 0
L 7.05240398 26.42500176 7.20480398 26.57740176 0 P 0
L 7.05240398 26.57740176 7.20480398 26.57740176 0 P 0
L 7.09200004 49.54599946 7.34600004 49.54599946 0 P 0
L 7.09200004 49.54599946 7.34600004 49.79999946 0 P 0
L 7.09200004 50.05399946 7.34600004 49.79999946 0 P 0
L 7.09200004 50.05399946 7.34600004 50.05399946 0 P 0
L 7.09200258 6.49200378 7.34600258 7.00000378 0 P 0
L 7.09200258 6.49200378 7.60000258 6.74600378 0 P 0
L 7.09200258 7.50800378 7.34600258 7.00000378 0 P 0
L 7.09200258 7.50800378 7.60000258 7.25400378 0 P 0
L 7.09200258 37.69200742 7.34600258 38.20000742 0 P 0
L 7.09200258 37.69200742 7.60000258 37.94600742 0 P 0
L 7.09200258 38.70800742 7.34600258 38.20000742 0 P 0
L 7.09200258 38.70800742 7.60000258 38.45400742 0 P 0
L 7.09200258 42.49200798 7.34600258 43.00000798 0 P 0
L 7.09200258 42.49200798 7.60000258 42.74600798 0 P 0
L 7.09200258 43.50800798 7.34600258 43.00000798 0 P 0
L 7.09200258 43.50800798 7.60000258 43.25400798 0 P 0
L 7.09200258 47.29200854 7.34600258 47.80000854 0 P 0
L 7.09200258 47.29200854 7.60000258 47.54600854 0 P 0
L 7.09200258 48.30800854 7.34600258 47.80000854 0 P 0
L 7.09200258 48.30800854 7.60000258 48.05400854 0 P 0
L 7.09200258 54.49200938 7.34600258 55.00000938 0 P 0
L 7.09200258 54.49200938 7.60000258 54.74600938 0 P 0
L 7.09200258 55.50800938 7.34600258 55.00000938 0 P 0
L 7.09200258 55.50800938 7.60000258 55.25400938 0 P 0
L 7.09200258 56.89200966 7.34600258 57.40000966 0 P 0
L 7.09200258 56.89200966 7.60000258 57.14600966 0 P 0
L 7.09200258 57.90800966 7.34600258 57.40000966 0 P 0
L 7.09200258 57.90800966 7.60000258 57.65400966 0 P 0
L 7.09200258 59.29200994 7.34600258 59.80000994 0 P 0
L 7.09200258 59.29200994 7.60000258 59.54600994 0 P 0
L 7.09200258 60.30800994 7.34600258 59.80000994 0 P 0
L 7.09200258 60.30800994 7.60000258 60.05400994 0 P 0
L 7.097395 22.64760012 7.249795 22.64760012 0 P 0
L 7.097395 22.80000012 7.249795 22.64760012 0 P 0
L 7.097395 22.80000012 7.249795 22.95240012 0 P 0
L 7.097395 22.95240012 7.249795 22.95240012 0 P 0
L 7.15240378 37.00000728 7.30480378 36.69520728 0 P 0
L 7.15240378 37.00000728 7.30480378 37.30480728 0 P 0
L 7.15240378 39.40000756 7.30480378 39.09520756 0 P 0
L 7.15240378 39.40000756 7.30480378 39.70480756 0 P 0
L 7.15240378 46.6000084 7.30480378 46.2952084 0 P 0
L 7.15240378 46.6000084 7.30480378 46.9048084 0 P 0
L 7.15240378 53.80000924 7.30480378 53.49520924 0 P 0
L 7.15240378 53.80000924 7.30480378 54.10480924 0 P 0
L 7.15240378 56.20000952 7.30480378 55.89520952 0 P 0
L 7.15240378 56.20000952 7.30480378 56.50480952 0 P 0
L 7.15240378 61.00001008 7.30480378 60.69521008 0 P 0
L 7.15240378 61.00001008 7.30480378 61.30481008 0 P 0
L 7.15400398 26.17100176 7.40800398 26.17100176 0 P 0
L 7.15400398 26.42500176 7.40800398 26.17100176 0 P 0
L 7.15400398 26.42500176 7.40800398 26.67900176 0 P 0
L 7.15400398 26.67900176 7.40800398 26.67900176 0 P 0
L 7.198995 22.54600012 7.452995 22.54600012 0 P 0
L 7.198995 22.80000012 7.452995 22.54600012 0 P 0
L 7.198995 22.80000012 7.452995 23.05400012 0 P 0
L 7.198995 23.05400012 7.452995 23.05400012 0 P 0
L 7.25400378 37.00000728 7.50800378 36.49200728 0 P 0
L 7.25400378 37.00000728 7.50800378 37.50800728 0 P 0
L 7.25400378 39.40000756 7.50800378 38.89200756 0 P 0
L 7.25400378 39.40000756 7.50800378 39.90800756 0 P 0
L 7.25400378 46.6000084 7.50800378 46.0920084 0 P 0
L 7.25400378 46.6000084 7.50800378 47.1080084 0 P 0
L 7.25400378 53.80000924 7.50800378 53.29200924 0 P 0
L 7.25400378 53.80000924 7.50800378 54.30800924 0 P 0
L 7.25400378 56.20000952 7.50800378 55.69200952 0 P 0
L 7.25400378 56.20000952 7.50800378 56.70800952 0 P 0
L 7.25400378 61.00001008 7.50800378 60.49201008 0 P 0
L 7.25400378 61.00001008 7.50800378 61.50801008 0 P 0
L 7.29520004 49.64759946 7.44760004 49.64759946 0 P 0
L 7.29520004 49.64759946 7.44760004 49.79999946 0 P 0
L 7.29520004 49.95239946 7.44760004 49.79999946 0 P 0
L 7.29520004 49.95239946 7.44760004 49.95239946 0 P 0
L 7.29520258 6.69520378 7.44760258 7.00000378 0 P 0
L 7.29520258 6.69520378 7.60000258 6.84760378 0 P 0
L 7.29520258 7.30480378 7.44760258 7.00000378 0 P 0
L 7.29520258 7.30480378 7.60000258 7.15240378 0 P 0
L 7.29520258 37.89520742 7.44760258 38.20000742 0 P 0
L 7.29520258 37.89520742 7.60000258 38.04760742 0 P 0
L 7.29520258 38.50480742 7.44760258 38.20000742 0 P 0
L 7.29520258 38.50480742 7.60000258 38.35240742 0 P 0
L 7.29520258 42.69520798 7.44760258 43.00000798 0 P 0
L 7.29520258 42.69520798 7.60000258 42.84760798 0 P 0
L 7.29520258 43.30480798 7.44760258 43.00000798 0 P 0
L 7.29520258 43.30480798 7.60000258 43.15240798 0 P 0
L 7.29520258 47.49520854 7.44760258 47.80000854 0 P 0
L 7.29520258 47.49520854 7.60000258 47.64760854 0 P 0
L 7.29520258 48.10480854 7.44760258 47.80000854 0 P 0
L 7.29520258 48.10480854 7.60000258 47.95240854 0 P 0
L 7.29520258 54.69520938 7.44760258 55.00000938 0 P 0
L 7.29520258 54.69520938 7.60000258 54.84760938 0 P 0
L 7.29520258 55.30480938 7.44760258 55.00000938 0 P 0
L 7.29520258 55.30480938 7.60000258 55.15240938 0 P 0
L 7.29520258 57.09520966 7.44760258 57.40000966 0 P 0
L 7.29520258 57.09520966 7.60000258 57.24760966 0 P 0
L 7.29520258 57.70480966 7.44760258 57.40000966 0 P 0
L 7.29520258 57.70480966 7.60000258 57.55240966 0 P 0
L 7.29520258 59.49520994 7.44760258 59.80000994 0 P 0
L 7.29520258 59.49520994 7.60000258 59.64760994 0 P 0
L 7.29520258 60.10480994 7.44760258 59.80000994 0 P 0
L 7.29520258 60.10480994 7.60000258 59.95240994 0 P 0
L 7.34600004 49.54599946 7.60000004 49.29199946 0 P 0
L 7.34600004 50.05399946 7.60000004 50.30799946 0 P 0
L 7.44760004 49.64759946 7.60000004 49.49519946 0 P 0
L 7.44760004 49.95239946 7.60000004 50.10479946 0 P 0
L 7.60000004 49.29199946 7.85400004 49.54599946 0 P 0
L 7.60000004 49.49519946 7.75240004 49.64759946 0 P 0
L 7.60000004 50.10479946 7.75240004 49.95239946 0 P 0
L 7.60000004 50.30799946 7.85400004 50.05399946 0 P 0
L 7.60000258 6.74600378 8.10800258 6.49200378 0 P 0
L 7.60000258 6.84760378 7.90480258 6.69520378 0 P 0
L 7.60000258 7.15240378 7.90480258 7.30480378 0 P 0
L 7.60000258 7.25400378 8.10800258 7.50800378 0 P 0
L 7.60000258 37.94600742 8.10800258 37.69200742 0 P 0
L 7.60000258 38.04760742 7.90480258 37.89520742 0 P 0
L 7.60000258 38.35240742 7.90480258 38.50480742 0 P 0
L 7.60000258 38.45400742 8.10800258 38.70800742 0 P 0
L 7.60000258 42.74600798 8.10800258 42.49200798 0 P 0
L 7.60000258 42.84760798 7.90480258 42.69520798 0 P 0
L 7.60000258 43.15240798 7.90480258 43.30480798 0 P 0
L 7.60000258 43.25400798 8.10800258 43.50800798 0 P 0
L 7.60000258 47.54600854 8.10800258 47.29200854 0 P 0
L 7.60000258 47.64760854 7.90480258 47.49520854 0 P 0
L 7.60000258 47.95240854 7.90480258 48.10480854 0 P 0
L 7.60000258 48.05400854 8.10800258 48.30800854 0 P 0
L 7.60000258 54.74600938 8.10800258 54.49200938 0 P 0
L 7.60000258 54.84760938 7.90480258 54.69520938 0 P 0
L 7.60000258 55.15240938 7.90480258 55.30480938 0 P 0
L 7.60000258 55.25400938 8.10800258 55.50800938 0 P 0
L 7.60000258 57.14600966 8.10800258 56.89200966 0 P 0
L 7.60000258 57.24760966 7.90480258 57.09520966 0 P 0
L 7.60000258 57.55240966 7.90480258 57.70480966 0 P 0
L 7.60000258 57.65400966 8.10800258 57.90800966 0 P 0
L 7.60000258 59.54600994 8.10800258 59.29200994 0 P 0
L 7.60000258 59.64760994 7.90480258 59.49520994 0 P 0
L 7.60000258 59.95240994 7.90480258 60.10480994 0 P 0
L 7.60000258 60.05400994 8.10800258 60.30800994 0 P 0
L 7.69200392 5.29200364 7.94600392 5.80000364 0 P 0
L 7.69200392 5.29200364 8.20000392 5.54600364 0 P 0
L 7.69200392 6.30800364 7.94600392 5.80000364 0 P 0
L 7.69200392 6.30800364 8.20000392 6.05400364 0 P 0
L 7.69200392 7.69200392 7.94600392 8.20000392 0 P 0
L 7.69200392 7.69200392 8.20000392 7.94600392 0 P 0
L 7.69200392 8.70800392 7.94600392 8.20000392 0 P 0
L 7.69200392 8.70800392 8.20000392 8.45400392 0 P 0
L 7.69200392 10.0920042 7.94600392 10.6000042 0 P 0
L 7.69200392 10.0920042 8.20000392 10.3460042 0 P 0
L 7.69200392 11.1080042 7.94600392 10.6000042 0 P 0
L 7.69200392 11.1080042 8.20000392 10.8540042 0 P 0
L 7.69200392 14.89200476 7.94600392 15.40000476 0 P 0
L 7.69200392 14.89200476 8.20000392 15.14600476 0 P 0
L 7.69200392 15.90800476 7.94600392 15.40000476 0 P 0
L 7.69200392 15.90800476 8.20000392 15.65400476 0 P 0
L 7.69200392 24.49200588 7.94600392 25.00000588 0 P 0
L 7.69200392 24.49200588 8.20000392 24.74600588 0 P 0
L 7.69200392 25.50800588 7.94600392 25.00000588 0 P 0
L 7.69200392 25.50800588 8.20000392 25.25400588 0 P 0
L 7.69200392 38.89200756 7.94600392 39.40000756 0 P 0
L 7.69200392 38.89200756 8.20000392 39.14600756 0 P 0
L 7.69200392 39.90800756 7.94600392 39.40000756 0 P 0
L 7.69200392 39.90800756 8.20000392 39.65400756 0 P 0
L 7.69200392 46.0920084 7.94600392 46.6000084 0 P 0
L 7.69200392 46.0920084 8.20000392 46.3460084 0 P 0
L 7.69200392 47.1080084 7.94600392 46.6000084 0 P 0
L 7.69200392 47.1080084 8.20000392 46.8540084 0 P 0
L 7.69200392 55.69200952 7.94600392 56.20000952 0 P 0
L 7.69200392 55.69200952 8.20000392 55.94600952 0 P 0
L 7.69200392 56.70800952 7.94600392 56.20000952 0 P 0
L 7.69200392 56.70800952 8.20000392 56.45400952 0 P 0
L 7.69200392 58.0920098 7.94600392 58.6000098 0 P 0
L 7.69200392 58.0920098 8.20000392 58.3460098 0 P 0
L 7.69200392 59.1080098 7.94600392 58.6000098 0 P 0
L 7.69200392 59.1080098 8.20000392 58.8540098 0 P 0
L 7.69200392 60.49201008 7.94600392 61.00001008 0 P 0
L 7.69200392 60.49201008 8.20000392 60.74601008 0 P 0
L 7.69200392 61.50801008 7.94600392 61.00001008 0 P 0
L 7.69200392 61.50801008 8.20000392 61.25401008 0 P 0
L 7.75240004 49.64759946 7.90480004 49.64759946 0 P 0
L 7.75240004 49.79999946 7.90480004 49.64759946 0 P 0
L 7.75240004 49.79999946 7.90480004 49.95239946 0 P 0
L 7.75240004 49.95239946 7.90480004 49.95239946 0 P 0
L 7.75240258 7.00000378 7.90480258 6.69520378 0 P 0
L 7.75240258 7.00000378 7.90480258 7.30480378 0 P 0
L 7.75240258 38.20000742 7.90480258 37.89520742 0 P 0
L 7.75240258 38.20000742 7.90480258 38.50480742 0 P 0
L 7.75240258 43.00000798 7.90480258 42.69520798 0 P 0
L 7.75240258 43.00000798 7.90480258 43.30480798 0 P 0
L 7.75240258 47.80000854 7.90480258 47.49520854 0 P 0
L 7.75240258 47.80000854 7.90480258 48.10480854 0 P 0
L 7.75240258 55.00000938 7.90480258 54.69520938 0 P 0
L 7.75240258 55.00000938 7.90480258 55.30480938 0 P 0
L 7.75240258 57.40000966 7.90480258 57.09520966 0 P 0
L 7.75240258 57.40000966 7.90480258 57.70480966 0 P 0
L 7.75240258 59.80000994 7.90480258 59.49520994 0 P 0
L 7.75240258 59.80000994 7.90480258 60.10480994 0 P 0
L 7.85400004 49.54599946 8.10800004 49.54599946 0 P 0
L 7.85400004 49.79999946 8.10800004 49.54599946 0 P 0
L 7.85400004 49.79999946 8.10800004 50.05399946 0 P 0
L 7.85400004 50.05399946 8.10800004 50.05399946 0 P 0
L 7.85400258 7.00000378 8.10800258 6.49200378 0 P 0
L 7.85400258 7.00000378 8.10800258 7.50800378 0 P 0
L 7.85400258 38.20000742 8.10800258 37.69200742 0 P 0
L 7.85400258 38.20000742 8.10800258 38.70800742 0 P 0
L 7.85400258 43.00000798 8.10800258 42.49200798 0 P 0
L 7.85400258 43.00000798 8.10800258 43.50800798 0 P 0
L 7.85400258 47.80000854 8.10800258 47.29200854 0 P 0
L 7.85400258 47.80000854 8.10800258 48.30800854 0 P 0
L 7.85400258 55.00000938 8.10800258 54.49200938 0 P 0
L 7.85400258 55.00000938 8.10800258 55.50800938 0 P 0
L 7.85400258 57.40000966 8.10800258 56.89200966 0 P 0
L 7.85400258 57.40000966 8.10800258 57.90800966 0 P 0
L 7.85400258 59.80000994 8.10800258 59.29200994 0 P 0
L 7.85400258 59.80000994 8.10800258 60.30800994 0 P 0
L 7.89520392 5.49520364 8.04760392 5.80000364 0 P 0
L 7.89520392 5.49520364 8.20000392 5.64760364 0 P 0
L 7.89520392 6.10480364 8.04760392 5.80000364 0 P 0
L 7.89520392 6.10480364 8.20000392 5.95240364 0 P 0
L 7.89520392 7.89520392 8.04760392 8.20000392 0 P 0
L 7.89520392 7.89520392 8.20000392 8.04760392 0 P 0
L 7.89520392 8.50480392 8.04760392 8.20000392 0 P 0
L 7.89520392 8.50480392 8.20000392 8.35240392 0 P 0
L 7.89520392 10.2952042 8.04760392 10.6000042 0 P 0
L 7.89520392 10.2952042 8.20000392 10.4476042 0 P 0
L 7.89520392 10.9048042 8.04760392 10.6000042 0 P 0
L 7.89520392 10.9048042 8.20000392 10.7524042 0 P 0
L 7.89520392 15.09520476 8.04760392 15.40000476 0 P 0
L 7.89520392 15.09520476 8.20000392 15.24760476 0 P 0
L 7.89520392 15.70480476 8.04760392 15.40000476 0 P 0
L 7.89520392 15.70480476 8.20000392 15.55240476 0 P 0
L 7.89520392 24.69520588 8.04760392 25.00000588 0 P 0
L 7.89520392 24.69520588 8.20000392 24.84760588 0 P 0
L 7.89520392 25.30480588 8.04760392 25.00000588 0 P 0
L 7.89520392 25.30480588 8.20000392 25.15240588 0 P 0
L 7.89520392 39.09520756 8.04760392 39.40000756 0 P 0
L 7.89520392 39.09520756 8.20000392 39.24760756 0 P 0
L 7.89520392 39.70480756 8.04760392 39.40000756 0 P 0
L 7.89520392 39.70480756 8.20000392 39.55240756 0 P 0
L 7.89520392 46.2952084 8.04760392 46.6000084 0 P 0
L 7.89520392 46.2952084 8.20000392 46.4476084 0 P 0
L 7.89520392 46.9048084 8.04760392 46.6000084 0 P 0
L 7.89520392 46.9048084 8.20000392 46.7524084 0 P 0
L 7.89520392 55.89520952 8.04760392 56.20000952 0 P 0
L 7.89520392 55.89520952 8.20000392 56.04760952 0 P 0
L 7.89520392 56.50480952 8.04760392 56.20000952 0 P 0
L 7.89520392 56.50480952 8.20000392 56.35240952 0 P 0
L 7.89520392 58.2952098 8.04760392 58.6000098 0 P 0
L 7.89520392 58.2952098 8.20000392 58.4476098 0 P 0
L 7.89520392 58.9048098 8.04760392 58.6000098 0 P 0
L 7.89520392 58.9048098 8.20000392 58.7524098 0 P 0
L 7.89520392 60.69521008 8.04760392 61.00001008 0 P 0
L 7.89520392 60.69521008 8.20000392 60.84761008 0 P 0
L 7.89520392 61.30481008 8.04760392 61.00001008 0 P 0
L 7.89520392 61.30481008 8.20000392 61.15241008 0 P 0
L 8.20000392 5.54600364 8.70800392 5.29200364 0 P 0
L 8.20000392 5.64760364 8.50480392 5.49520364 0 P 0
L 8.20000392 5.95240364 8.50480392 6.10480364 0 P 0
L 8.20000392 6.05400364 8.70800392 6.30800364 0 P 0
L 8.20000392 7.94600392 8.70800392 7.69200392 0 P 0
L 8.20000392 8.04760392 8.50480392 7.89520392 0 P 0
L 8.20000392 8.35240392 8.50480392 8.50480392 0 P 0
L 8.20000392 8.45400392 8.70800392 8.70800392 0 P 0
L 8.20000392 10.3460042 8.70800392 10.0920042 0 P 0
L 8.20000392 10.4476042 8.50480392 10.2952042 0 P 0
L 8.20000392 10.7524042 8.50480392 10.9048042 0 P 0
L 8.20000392 10.8540042 8.70800392 11.1080042 0 P 0
L 8.20000392 15.14600476 8.70800392 14.89200476 0 P 0
L 8.20000392 15.24760476 8.50480392 15.09520476 0 P 0
L 8.20000392 15.55240476 8.50480392 15.70480476 0 P 0
L 8.20000392 15.65400476 8.70800392 15.90800476 0 P 0
L 8.20000392 24.74600588 8.70800392 24.49200588 0 P 0
L 8.20000392 24.84760588 8.50480392 24.69520588 0 P 0
L 8.20000392 25.15240588 8.50480392 25.30480588 0 P 0
L 8.20000392 25.25400588 8.70800392 25.50800588 0 P 0
L 8.20000392 39.14600756 8.70800392 38.89200756 0 P 0
L 8.20000392 39.24760756 8.50480392 39.09520756 0 P 0
L 8.20000392 39.55240756 8.50480392 39.70480756 0 P 0
L 8.20000392 39.65400756 8.70800392 39.90800756 0 P 0
L 8.20000392 46.3460084 8.70800392 46.0920084 0 P 0
L 8.20000392 46.4476084 8.50480392 46.2952084 0 P 0
L 8.20000392 46.7524084 8.50480392 46.9048084 0 P 0
L 8.20000392 46.8540084 8.70800392 47.1080084 0 P 0
L 8.20000392 55.94600952 8.70800392 55.69200952 0 P 0
L 8.20000392 56.04760952 8.50480392 55.89520952 0 P 0
L 8.20000392 56.35240952 8.50480392 56.50480952 0 P 0
L 8.20000392 56.45400952 8.70800392 56.70800952 0 P 0
L 8.20000392 58.3460098 8.70800392 58.0920098 0 P 0
L 8.20000392 58.4476098 8.50480392 58.2952098 0 P 0
L 8.20000392 58.7524098 8.50480392 58.9048098 0 P 0
L 8.20000392 58.8540098 8.70800392 59.1080098 0 P 0
L 8.20000392 60.74601008 8.70800392 60.49201008 0 P 0
L 8.20000392 60.84761008 8.50480392 60.69521008 0 P 0
L 8.20000392 61.15241008 8.50480392 61.30481008 0 P 0
L 8.20000392 61.25401008 8.70800392 61.50801008 0 P 0
L 8.29200272 4.0920035 8.54600272 4.6000035 0 P 0
L 8.29200272 4.0920035 8.80000272 4.3460035 0 P 0
L 8.29200272 5.1080035 8.54600272 4.6000035 0 P 0
L 8.29200272 5.1080035 8.80000272 4.8540035 0 P 0
L 8.29200272 6.49200378 8.54600272 7.00000378 0 P 0
L 8.29200272 6.49200378 8.80000272 6.74600378 0 P 0
L 8.29200272 7.50800378 8.54600272 7.00000378 0 P 0
L 8.29200272 7.50800378 8.80000272 7.25400378 0 P 0
L 8.29200272 8.89200406 8.54600272 9.40000406 0 P 0
L 8.29200272 8.89200406 8.80000272 9.14600406 0 P 0
L 8.29200272 9.90800406 8.54600272 9.40000406 0 P 0
L 8.29200272 9.90800406 8.80000272 9.65400406 0 P 0
L 8.29200272 11.29200434 8.54600272 11.80000434 0 P 0
L 8.29200272 11.29200434 8.80000272 11.54600434 0 P 0
L 8.29200272 12.30800434 8.54600272 11.80000434 0 P 0
L 8.29200272 12.30800434 8.80000272 12.05400434 0 P 0
L 8.29200272 13.69200462 8.54600272 14.20000462 0 P 0
L 8.29200272 13.69200462 8.80000272 13.94600462 0 P 0
L 8.29200272 14.70800462 8.54600272 14.20000462 0 P 0
L 8.29200272 14.70800462 8.80000272 14.45400462 0 P 0
L 8.29200272 16.0920049 8.54600272 16.6000049 0 P 0
L 8.29200272 16.0920049 8.80000272 16.3460049 0 P 0
L 8.29200272 17.1080049 8.54600272 16.6000049 0 P 0
L 8.29200272 17.1080049 8.80000272 16.8540049 0 P 0
L 8.29200272 23.29200574 8.54600272 23.80000574 0 P 0
L 8.29200272 23.29200574 8.80000272 23.54600574 0 P 0
L 8.29200272 24.30800574 8.54600272 23.80000574 0 P 0
L 8.29200272 24.30800574 8.80000272 24.05400574 0 P 0
L 8.29200272 25.69200602 8.54600272 26.20000602 0 P 0
L 8.29200272 25.69200602 8.80000272 25.94600602 0 P 0
L 8.29200272 26.70800602 8.54600272 26.20000602 0 P 0
L 8.29200272 26.70800602 8.80000272 26.45400602 0 P 0
L 8.29200272 28.0920063 8.54600272 28.6000063 0 P 0
L 8.29200272 28.0920063 8.80000272 28.3460063 0 P 0
L 8.29200272 29.1080063 8.54600272 28.6000063 0 P 0
L 8.29200272 29.1080063 8.80000272 28.8540063 0 P 0
L 8.29200272 42.49200798 8.54600272 43.00000798 0 P 0
L 8.29200272 42.49200798 8.80000272 42.74600798 0 P 0
L 8.29200272 43.50800798 8.54600272 43.00000798 0 P 0
L 8.29200272 43.50800798 8.80000272 43.25400798 0 P 0
L 8.29200272 47.29200854 8.54600272 47.80000854 0 P 0
L 8.29200272 47.29200854 8.80000272 47.54600854 0 P 0
L 8.29200272 48.30800854 8.54600272 47.80000854 0 P 0
L 8.29200272 48.30800854 8.80000272 48.05400854 0 P 0
L 8.35240392 5.80000364 8.50480392 5.49520364 0 P 0
L 8.35240392 5.80000364 8.50480392 6.10480364 0 P 0
L 8.35240392 8.20000392 8.50480392 7.89520392 0 P 0
L 8.35240392 8.20000392 8.50480392 8.50480392 0 P 0
L 8.35240392 10.6000042 8.50480392 10.2952042 0 P 0
L 8.35240392 10.6000042 8.50480392 10.9048042 0 P 0
L 8.35240392 15.40000476 8.50480392 15.09520476 0 P 0
L 8.35240392 15.40000476 8.50480392 15.70480476 0 P 0
L 8.35240392 25.00000588 8.50480392 24.69520588 0 P 0
L 8.35240392 25.00000588 8.50480392 25.30480588 0 P 0
L 8.35240392 39.40000756 8.50480392 39.09520756 0 P 0
L 8.35240392 39.40000756 8.50480392 39.70480756 0 P 0
L 8.35240392 46.6000084 8.50480392 46.2952084 0 P 0
L 8.35240392 46.6000084 8.50480392 46.9048084 0 P 0
L 8.35240392 56.20000952 8.50480392 55.89520952 0 P 0
L 8.35240392 56.20000952 8.50480392 56.50480952 0 P 0
L 8.35240392 58.6000098 8.50480392 58.2952098 0 P 0
L 8.35240392 58.6000098 8.50480392 58.9048098 0 P 0
L 8.35240392 61.00001008 8.50480392 60.69521008 0 P 0
L 8.35240392 61.00001008 8.50480392 61.30481008 0 P 0
L 8.45400392 5.80000364 8.70800392 5.29200364 0 P 0
L 8.45400392 5.80000364 8.70800392 6.30800364 0 P 0
L 8.45400392 8.20000392 8.70800392 7.69200392 0 P 0
L 8.45400392 8.20000392 8.70800392 8.70800392 0 P 0
L 8.45400392 10.6000042 8.70800392 10.0920042 0 P 0
L 8.45400392 10.6000042 8.70800392 11.1080042 0 P 0
L 8.45400392 15.40000476 8.70800392 14.89200476 0 P 0
L 8.45400392 15.40000476 8.70800392 15.90800476 0 P 0
L 8.45400392 25.00000588 8.70800392 24.49200588 0 P 0
L 8.45400392 25.00000588 8.70800392 25.50800588 0 P 0
L 8.45400392 39.40000756 8.70800392 38.89200756 0 P 0
L 8.45400392 39.40000756 8.70800392 39.90800756 0 P 0
L 8.45400392 46.6000084 8.70800392 46.0920084 0 P 0
L 8.45400392 46.6000084 8.70800392 47.1080084 0 P 0
L 8.45400392 56.20000952 8.70800392 55.69200952 0 P 0
L 8.45400392 56.20000952 8.70800392 56.70800952 0 P 0
L 8.45400392 58.6000098 8.70800392 58.0920098 0 P 0
L 8.45400392 58.6000098 8.70800392 59.1080098 0 P 0
L 8.45400392 61.00001008 8.70800392 60.49201008 0 P 0
L 8.45400392 61.00001008 8.70800392 61.50801008 0 P 0
L 8.49520272 4.2952035 8.64760272 4.6000035 0 P 0
L 8.49520272 4.2952035 8.80000272 4.4476035 0 P 0
L 8.49520272 4.9048035 8.64760272 4.6000035 0 P 0
L 8.49520272 4.9048035 8.80000272 4.7524035 0 P 0
L 8.49520272 6.69520378 8.64760272 7.00000378 0 P 0
L 8.49520272 6.69520378 8.80000272 6.84760378 0 P 0
L 8.49520272 7.30480378 8.64760272 7.00000378 0 P 0
L 8.49520272 7.30480378 8.80000272 7.15240378 0 P 0
L 8.49520272 9.09520406 8.64760272 9.40000406 0 P 0
L 8.49520272 9.09520406 8.80000272 9.24760406 0 P 0
L 8.49520272 9.70480406 8.64760272 9.40000406 0 P 0
L 8.49520272 9.70480406 8.80000272 9.55240406 0 P 0
L 8.49520272 11.49520434 8.64760272 11.80000434 0 P 0
L 8.49520272 11.49520434 8.80000272 11.64760434 0 P 0
L 8.49520272 12.10480434 8.64760272 11.80000434 0 P 0
L 8.49520272 12.10480434 8.80000272 11.95240434 0 P 0
L 8.49520272 13.89520462 8.64760272 14.20000462 0 P 0
L 8.49520272 13.89520462 8.80000272 14.04760462 0 P 0
L 8.49520272 14.50480462 8.64760272 14.20000462 0 P 0
L 8.49520272 14.50480462 8.80000272 14.35240462 0 P 0
L 8.49520272 16.2952049 8.64760272 16.6000049 0 P 0
L 8.49520272 16.2952049 8.80000272 16.4476049 0 P 0
L 8.49520272 16.9048049 8.64760272 16.6000049 0 P 0
L 8.49520272 16.9048049 8.80000272 16.7524049 0 P 0
L 8.49520272 23.49520574 8.64760272 23.80000574 0 P 0
L 8.49520272 23.49520574 8.80000272 23.64760574 0 P 0
L 8.49520272 24.10480574 8.64760272 23.80000574 0 P 0
L 8.49520272 24.10480574 8.80000272 23.95240574 0 P 0
L 8.49520272 25.89520602 8.64760272 26.20000602 0 P 0
L 8.49520272 25.89520602 8.80000272 26.04760602 0 P 0
L 8.49520272 26.50480602 8.64760272 26.20000602 0 P 0
L 8.49520272 26.50480602 8.80000272 26.35240602 0 P 0
L 8.49520272 28.2952063 8.64760272 28.6000063 0 P 0
L 8.49520272 28.2952063 8.80000272 28.4476063 0 P 0
L 8.49520272 28.9048063 8.64760272 28.6000063 0 P 0
L 8.49520272 28.9048063 8.80000272 28.7524063 0 P 0
L 8.49520272 42.69520798 8.64760272 43.00000798 0 P 0
L 8.49520272 42.69520798 8.80000272 42.84760798 0 P 0
L 8.49520272 43.30480798 8.64760272 43.00000798 0 P 0
L 8.49520272 43.30480798 8.80000272 43.15240798 0 P 0
L 8.49520272 47.49520854 8.64760272 47.80000854 0 P 0
L 8.49520272 47.49520854 8.80000272 47.64760854 0 P 0
L 8.49520272 48.10480854 8.64760272 47.80000854 0 P 0
L 8.49520272 48.10480854 8.80000272 47.95240854 0 P 0
L 8.80000272 4.3460035 9.30800272 4.0920035 0 P 0
L 8.80000272 4.4476035 9.10480272 4.2952035 0 P 0
L 8.80000272 4.7524035 9.10480272 4.9048035 0 P 0
L 8.80000272 4.8540035 9.30800272 5.1080035 0 P 0
L 8.80000272 6.74600378 9.30800272 6.49200378 0 P 0
L 8.80000272 6.84760378 9.10480272 6.69520378 0 P 0
L 8.80000272 7.15240378 9.10480272 7.30480378 0 P 0
L 8.80000272 7.25400378 9.30800272 7.50800378 0 P 0
L 8.80000272 9.14600406 9.30800272 8.89200406 0 P 0
L 8.80000272 9.24760406 9.10480272 9.09520406 0 P 0
L 8.80000272 9.55240406 9.10480272 9.70480406 0 P 0
L 8.80000272 9.65400406 9.30800272 9.90800406 0 P 0
L 8.80000272 11.54600434 9.30800272 11.29200434 0 P 0
L 8.80000272 11.64760434 9.10480272 11.49520434 0 P 0
L 8.80000272 11.95240434 9.10480272 12.10480434 0 P 0
L 8.80000272 12.05400434 9.30800272 12.30800434 0 P 0
L 8.80000272 13.94600462 9.30800272 13.69200462 0 P 0
L 8.80000272 14.04760462 9.10480272 13.89520462 0 P 0
L 8.80000272 14.35240462 9.10480272 14.50480462 0 P 0
L 8.80000272 14.45400462 9.30800272 14.70800462 0 P 0
L 8.80000272 16.3460049 9.30800272 16.0920049 0 P 0
L 8.80000272 16.4476049 9.10480272 16.2952049 0 P 0
L 8.80000272 16.7524049 9.10480272 16.9048049 0 P 0
L 8.80000272 16.8540049 9.30800272 17.1080049 0 P 0
L 8.80000272 23.54600574 9.30800272 23.29200574 0 P 0
L 8.80000272 23.64760574 9.10480272 23.49520574 0 P 0
L 8.80000272 23.95240574 9.10480272 24.10480574 0 P 0
L 8.80000272 24.05400574 9.30800272 24.30800574 0 P 0
L 8.80000272 25.94600602 9.30800272 25.69200602 0 P 0
L 8.80000272 26.04760602 9.10480272 25.89520602 0 P 0
L 8.80000272 26.35240602 9.10480272 26.50480602 0 P 0
L 8.80000272 26.45400602 9.30800272 26.70800602 0 P 0
L 8.80000272 28.3460063 9.30800272 28.0920063 0 P 0
L 8.80000272 28.4476063 9.10480272 28.2952063 0 P 0
L 8.80000272 28.7524063 9.10480272 28.9048063 0 P 0
L 8.80000272 28.8540063 9.30800272 29.1080063 0 P 0
L 8.80000272 42.74600798 9.30800272 42.49200798 0 P 0
L 8.80000272 42.84760798 9.10480272 42.69520798 0 P 0
L 8.80000272 43.15240798 9.10480272 43.30480798 0 P 0
L 8.80000272 43.25400798 9.30800272 43.50800798 0 P 0
L 8.80000272 47.54600854 9.30800272 47.29200854 0 P 0
L 8.80000272 47.64760854 9.10480272 47.49520854 0 P 0
L 8.80000272 47.95240854 9.10480272 48.10480854 0 P 0
L 8.80000272 48.05400854 9.30800272 48.30800854 0 P 0
L 8.89200406 5.29200364 9.14600406 5.80000364 0 P 0
L 8.89200406 5.29200364 9.40000406 5.54600364 0 P 0
L 8.89200406 6.30800364 9.14600406 5.80000364 0 P 0
L 8.89200406 6.30800364 9.40000406 6.05400364 0 P 0
L 8.89200406 7.69200392 9.14600406 8.20000392 0 P 0
L 8.89200406 7.69200392 9.40000406 7.94600392 0 P 0
L 8.89200406 8.70800392 9.14600406 8.20000392 0 P 0
L 8.89200406 8.70800392 9.40000406 8.45400392 0 P 0
L 8.89200406 10.0920042 9.14600406 10.6000042 0 P 0
L 8.89200406 10.0920042 9.40000406 10.3460042 0 P 0
L 8.89200406 11.1080042 9.14600406 10.6000042 0 P 0
L 8.89200406 11.1080042 9.40000406 10.8540042 0 P 0
L 8.89200406 12.49200448 9.14600406 13.00000448 0 P 0
L 8.89200406 12.49200448 9.40000406 12.74600448 0 P 0
L 8.89200406 13.50800448 9.14600406 13.00000448 0 P 0
L 8.89200406 13.50800448 9.40000406 13.25400448 0 P 0
L 8.89200406 14.89200476 9.14600406 15.40000476 0 P 0
L 8.89200406 14.89200476 9.40000406 15.14600476 0 P 0
L 8.89200406 15.90800476 9.14600406 15.40000476 0 P 0
L 8.89200406 15.90800476 9.40000406 15.65400476 0 P 0
L 8.89200406 17.29200504 9.14600406 17.80000504 0 P 0
L 8.89200406 17.29200504 9.40000406 17.54600504 0 P 0
L 8.89200406 18.30800504 9.14600406 17.80000504 0 P 0
L 8.89200406 18.30800504 9.40000406 18.05400504 0 P 0
L 8.89200406 19.69200532 9.14600406 20.20000532 0 P 0
L 8.89200406 19.69200532 9.40000406 19.94600532 0 P 0
L 8.89200406 20.70800532 9.14600406 20.20000532 0 P 0
L 8.89200406 20.70800532 9.40000406 20.45400532 0 P 0
L 8.89200406 22.0920056 9.14600406 22.6000056 0 P 0
L 8.89200406 22.0920056 9.40000406 22.3460056 0 P 0
L 8.89200406 23.1080056 9.14600406 22.6000056 0 P 0
L 8.89200406 23.1080056 9.40000406 22.8540056 0 P 0
L 8.89200406 24.49200588 9.14600406 25.00000588 0 P 0
L 8.89200406 24.49200588 9.40000406 24.74600588 0 P 0
L 8.89200406 25.50800588 9.14600406 25.00000588 0 P 0
L 8.89200406 25.50800588 9.40000406 25.25400588 0 P 0
L 8.89200406 26.89200616 9.14600406 27.40000616 0 P 0
L 8.89200406 26.89200616 9.40000406 27.14600616 0 P 0
L 8.89200406 27.90800616 9.14600406 27.40000616 0 P 0
L 8.89200406 27.90800616 9.40000406 27.65400616 0 P 0
L 8.89200406 60.49201008 9.14600406 61.00001008 0 P 0
L 8.89200406 60.49201008 9.40000406 60.74601008 0 P 0
L 8.89200406 61.50801008 9.14600406 61.00001008 0 P 0
L 8.89200406 61.50801008 9.40000406 61.25401008 0 P 0
L 8.89200406 62.89201036 9.14600406 63.40001036 0 P 0
L 8.89200406 62.89201036 9.40000406 63.14601036 0 P 0
L 8.89200406 63.90801036 9.14600406 63.40001036 0 P 0
L 8.89200406 63.90801036 9.40000406 63.65401036 0 P 0
L 8.95240272 4.6000035 9.10480272 4.2952035 0 P 0
L 8.95240272 4.6000035 9.10480272 4.9048035 0 P 0
L 8.95240272 7.00000378 9.10480272 6.69520378 0 P 0
L 8.95240272 7.00000378 9.10480272 7.30480378 0 P 0
L 8.95240272 9.40000406 9.10480272 9.09520406 0 P 0
L 8.95240272 9.40000406 9.10480272 9.70480406 0 P 0
L 8.95240272 11.80000434 9.10480272 11.49520434 0 P 0
L 8.95240272 11.80000434 9.10480272 12.10480434 0 P 0
L 8.95240272 14.20000462 9.10480272 13.89520462 0 P 0
L 8.95240272 14.20000462 9.10480272 14.50480462 0 P 0
L 8.95240272 16.6000049 9.10480272 16.2952049 0 P 0
L 8.95240272 16.6000049 9.10480272 16.9048049 0 P 0
L 8.95240272 23.80000574 9.10480272 23.49520574 0 P 0
L 8.95240272 23.80000574 9.10480272 24.10480574 0 P 0
L 8.95240272 26.20000602 9.10480272 25.89520602 0 P 0
L 8.95240272 26.20000602 9.10480272 26.50480602 0 P 0
L 8.95240272 28.6000063 9.10480272 28.2952063 0 P 0
L 8.95240272 28.6000063 9.10480272 28.9048063 0 P 0
L 8.95240272 43.00000798 9.10480272 42.69520798 0 P 0
L 8.95240272 43.00000798 9.10480272 43.30480798 0 P 0
L 8.95240272 47.80000854 9.10480272 47.49520854 0 P 0
L 8.95240272 47.80000854 9.10480272 48.10480854 0 P 0
L 9.05400272 4.6000035 9.30800272 4.0920035 0 P 0
L 9.05400272 4.6000035 9.30800272 5.1080035 0 P 0
L 9.05400272 7.00000378 9.30800272 6.49200378 0 P 0
L 9.05400272 7.00000378 9.30800272 7.50800378 0 P 0
L 9.05400272 9.40000406 9.30800272 8.89200406 0 P 0
L 9.05400272 9.40000406 9.30800272 9.90800406 0 P 0
L 9.05400272 11.80000434 9.30800272 11.29200434 0 P 0
L 9.05400272 11.80000434 9.30800272 12.30800434 0 P 0
L 9.05400272 14.20000462 9.30800272 13.69200462 0 P 0
L 9.05400272 14.20000462 9.30800272 14.70800462 0 P 0
L 9.05400272 16.6000049 9.30800272 16.0920049 0 P 0
L 9.05400272 16.6000049 9.30800272 17.1080049 0 P 0
L 9.05400272 23.80000574 9.30800272 23.29200574 0 P 0
L 9.05400272 23.80000574 9.30800272 24.30800574 0 P 0
L 9.05400272 26.20000602 9.30800272 25.69200602 0 P 0
L 9.05400272 26.20000602 9.30800272 26.70800602 0 P 0
L 9.05400272 28.6000063 9.30800272 28.0920063 0 P 0
L 9.05400272 28.6000063 9.30800272 29.1080063 0 P 0
L 9.05400272 43.00000798 9.30800272 42.49200798 0 P 0
L 9.05400272 43.00000798 9.30800272 43.50800798 0 P 0
L 9.05400272 47.80000854 9.30800272 47.29200854 0 P 0
L 9.05400272 47.80000854 9.30800272 48.30800854 0 P 0
L 9.09520406 5.49520364 9.24760406 5.80000364 0 P 0
L 9.09520406 5.49520364 9.40000406 5.64760364 0 P 0
L 9.09520406 6.10480364 9.24760406 5.80000364 0 P 0
L 9.09520406 6.10480364 9.40000406 5.95240364 0 P 0
L 9.09520406 7.89520392 9.24760406 8.20000392 0 P 0
L 9.09520406 7.89520392 9.40000406 8.04760392 0 P 0
L 9.09520406 8.50480392 9.24760406 8.20000392 0 P 0
L 9.09520406 8.50480392 9.40000406 8.35240392 0 P 0
L 9.09520406 10.2952042 9.24760406 10.6000042 0 P 0
L 9.09520406 10.2952042 9.40000406 10.4476042 0 P 0
L 9.09520406 10.9048042 9.24760406 10.6000042 0 P 0
L 9.09520406 10.9048042 9.40000406 10.7524042 0 P 0
L 9.09520406 12.69520448 9.24760406 13.00000448 0 P 0
L 9.09520406 12.69520448 9.40000406 12.84760448 0 P 0
L 9.09520406 13.30480448 9.24760406 13.00000448 0 P 0
L 9.09520406 13.30480448 9.40000406 13.15240448 0 P 0
L 9.09520406 15.09520476 9.24760406 15.40000476 0 P 0
L 9.09520406 15.09520476 9.40000406 15.24760476 0 P 0
L 9.09520406 15.70480476 9.24760406 15.40000476 0 P 0
L 9.09520406 15.70480476 9.40000406 15.55240476 0 P 0
L 9.09520406 17.49520504 9.24760406 17.80000504 0 P 0
L 9.09520406 17.49520504 9.40000406 17.64760504 0 P 0
L 9.09520406 18.10480504 9.24760406 17.80000504 0 P 0
L 9.09520406 18.10480504 9.40000406 17.95240504 0 P 0
L 9.09520406 19.89520532 9.24760406 20.20000532 0 P 0
L 9.09520406 19.89520532 9.40000406 20.04760532 0 P 0
L 9.09520406 20.50480532 9.24760406 20.20000532 0 P 0
L 9.09520406 20.50480532 9.40000406 20.35240532 0 P 0
L 9.09520406 22.2952056 9.24760406 22.6000056 0 P 0
L 9.09520406 22.2952056 9.40000406 22.4476056 0 P 0
L 9.09520406 22.9048056 9.24760406 22.6000056 0 P 0
L 9.09520406 22.9048056 9.40000406 22.7524056 0 P 0
L 9.09520406 24.69520588 9.24760406 25.00000588 0 P 0
L 9.09520406 24.69520588 9.40000406 24.84760588 0 P 0
L 9.09520406 25.30480588 9.24760406 25.00000588 0 P 0
L 9.09520406 25.30480588 9.40000406 25.15240588 0 P 0
L 9.09520406 27.09520616 9.24760406 27.40000616 0 P 0
L 9.09520406 27.09520616 9.40000406 27.24760616 0 P 0
L 9.09520406 27.70480616 9.24760406 27.40000616 0 P 0
L 9.09520406 27.70480616 9.40000406 27.55240616 0 P 0
L 9.09520406 60.69521008 9.24760406 61.00001008 0 P 0
L 9.09520406 60.69521008 9.40000406 60.84761008 0 P 0
L 9.09520406 61.30481008 9.24760406 61.00001008 0 P 0
L 9.09520406 61.30481008 9.40000406 61.15241008 0 P 0
L 9.09520406 63.09521036 9.24760406 63.40001036 0 P 0
L 9.09520406 63.09521036 9.40000406 63.24761036 0 P 0
L 9.09520406 63.70481036 9.24760406 63.40001036 0 P 0
L 9.09520406 63.70481036 9.40000406 63.55241036 0 P 0
L 9.40000406 5.54600364 9.90800406 5.29200364 0 P 0
L 9.40000406 5.64760364 9.70480406 5.49520364 0 P 0
L 9.40000406 5.95240364 9.70480406 6.10480364 0 P 0
L 9.40000406 6.05400364 9.90800406 6.30800364 0 P 0
L 9.40000406 7.94600392 9.90800406 7.69200392 0 P 0
L 9.40000406 8.04760392 9.70480406 7.89520392 0 P 0
L 9.40000406 8.35240392 9.70480406 8.50480392 0 P 0
L 9.40000406 8.45400392 9.90800406 8.70800392 0 P 0
L 9.40000406 10.3460042 9.90800406 10.0920042 0 P 0
L 9.40000406 10.4476042 9.70480406 10.2952042 0 P 0
L 9.40000406 10.7524042 9.70480406 10.9048042 0 P 0
L 9.40000406 10.8540042 9.90800406 11.1080042 0 P 0
L 9.40000406 12.74600448 9.90800406 12.49200448 0 P 0
L 9.40000406 12.84760448 9.70480406 12.69520448 0 P 0
L 9.40000406 13.15240448 9.70480406 13.30480448 0 P 0
L 9.40000406 13.25400448 9.90800406 13.50800448 0 P 0
L 9.40000406 15.14600476 9.90800406 14.89200476 0 P 0
L 9.40000406 15.24760476 9.70480406 15.09520476 0 P 0
L 9.40000406 15.55240476 9.70480406 15.70480476 0 P 0
L 9.40000406 15.65400476 9.90800406 15.90800476 0 P 0
L 9.40000406 17.54600504 9.90800406 17.29200504 0 P 0
L 9.40000406 17.64760504 9.70480406 17.49520504 0 P 0
L 9.40000406 17.95240504 9.70480406 18.10480504 0 P 0
L 9.40000406 18.05400504 9.90800406 18.30800504 0 P 0
L 9.40000406 19.94600532 9.90800406 19.69200532 0 P 0
L 9.40000406 20.04760532 9.70480406 19.89520532 0 P 0
L 9.40000406 20.35240532 9.70480406 20.50480532 0 P 0
L 9.40000406 20.45400532 9.90800406 20.70800532 0 P 0
L 9.40000406 22.3460056 9.90800406 22.0920056 0 P 0
L 9.40000406 22.4476056 9.70480406 22.2952056 0 P 0
L 9.40000406 22.7524056 9.70480406 22.9048056 0 P 0
L 9.40000406 22.8540056 9.90800406 23.1080056 0 P 0
L 9.40000406 24.74600588 9.90800406 24.49200588 0 P 0
L 9.40000406 24.84760588 9.70480406 24.69520588 0 P 0
L 9.40000406 25.15240588 9.70480406 25.30480588 0 P 0
L 9.40000406 25.25400588 9.90800406 25.50800588 0 P 0
L 9.40000406 27.14600616 9.90800406 26.89200616 0 P 0
L 9.40000406 27.24760616 9.70480406 27.09520616 0 P 0
L 9.40000406 27.55240616 9.70480406 27.70480616 0 P 0
L 9.40000406 27.65400616 9.90800406 27.90800616 0 P 0
L 9.40000406 60.74601008 9.90800406 60.49201008 0 P 0
L 9.40000406 60.84761008 9.70480406 60.69521008 0 P 0
L 9.40000406 61.15241008 9.70480406 61.30481008 0 P 0
L 9.40000406 61.25401008 9.90800406 61.50801008 0 P 0
L 9.40000406 63.14601036 9.90800406 62.89201036 0 P 0
L 9.40000406 63.24761036 9.70480406 63.09521036 0 P 0
L 9.40000406 63.55241036 9.70480406 63.70481036 0 P 0
L 9.40000406 63.65401036 9.90800406 63.90801036 0 P 0
L 9.48799982 32.99679964 9.74199982 32.99679964 0 P 0
L 9.48799982 32.99679964 9.74199982 33.25079964 0 P 0
L 9.48799982 33.50479964 9.74199982 33.25079964 0 P 0
L 9.48799982 33.50479964 9.74199982 33.50479964 0 P 0
L 9.49200286 4.0920035 9.74600286 4.6000035 0 P 0
L 9.49200286 4.0920035 10.00000286 4.3460035 0 P 0
L 9.49200286 5.1080035 9.74600286 4.6000035 0 P 0
L 9.49200286 5.1080035 10.00000286 4.8540035 0 P 0
L 9.49200286 6.49200378 9.74600286 7.00000378 0 P 0
L 9.49200286 6.49200378 10.00000286 6.74600378 0 P 0
L 9.49200286 7.50800378 9.74600286 7.00000378 0 P 0
L 9.49200286 7.50800378 10.00000286 7.25400378 0 P 0
L 9.49200286 8.89200406 9.74600286 9.40000406 0 P 0
L 9.49200286 8.89200406 10.00000286 9.14600406 0 P 0
L 9.49200286 9.90800406 9.74600286 9.40000406 0 P 0
L 9.49200286 9.90800406 10.00000286 9.65400406 0 P 0
L 9.49200286 11.29200434 9.74600286 11.80000434 0 P 0
L 9.49200286 11.29200434 10.00000286 11.54600434 0 P 0
L 9.49200286 12.30800434 9.74600286 11.80000434 0 P 0
L 9.49200286 12.30800434 10.00000286 12.05400434 0 P 0
L 9.49200286 13.69200462 9.74600286 14.20000462 0 P 0
L 9.49200286 13.69200462 10.00000286 13.94600462 0 P 0
L 9.49200286 14.70800462 9.74600286 14.20000462 0 P 0
L 9.49200286 14.70800462 10.00000286 14.45400462 0 P 0
L 9.49200286 16.0920049 9.74600286 16.6000049 0 P 0
L 9.49200286 16.0920049 10.00000286 16.3460049 0 P 0
L 9.49200286 17.1080049 9.74600286 16.6000049 0 P 0
L 9.49200286 17.1080049 10.00000286 16.8540049 0 P 0
L 9.49200286 18.49200518 9.74600286 19.00000518 0 P 0
L 9.49200286 18.49200518 10.00000286 18.74600518 0 P 0
L 9.49200286 19.50800518 9.74600286 19.00000518 0 P 0
L 9.49200286 19.50800518 10.00000286 19.25400518 0 P 0
L 9.49200286 20.89200546 9.74600286 21.40000546 0 P 0
L 9.49200286 20.89200546 10.00000286 21.14600546 0 P 0
L 9.49200286 21.90800546 9.74600286 21.40000546 0 P 0
L 9.49200286 21.90800546 10.00000286 21.65400546 0 P 0
L 9.49200286 23.29200574 9.74600286 23.80000574 0 P 0
L 9.49200286 23.29200574 10.00000286 23.54600574 0 P 0
L 9.49200286 24.30800574 9.74600286 23.80000574 0 P 0
L 9.49200286 24.30800574 10.00000286 24.05400574 0 P 0
L 9.49200286 25.69200602 9.74600286 26.20000602 0 P 0
L 9.49200286 25.69200602 10.00000286 25.94600602 0 P 0
L 9.49200286 26.70800602 9.74600286 26.20000602 0 P 0
L 9.49200286 26.70800602 10.00000286 26.45400602 0 P 0
L 9.49200286 28.0920063 9.74600286 28.6000063 0 P 0
L 9.49200286 28.0920063 10.00000286 28.3460063 0 P 0
L 9.49200286 29.1080063 9.74600286 28.6000063 0 P 0
L 9.49200286 29.1080063 10.00000286 28.8540063 0 P 0
L 9.49200286 42.49200798 9.74600286 43.00000798 0 P 0
L 9.49200286 42.49200798 10.00000286 42.74600798 0 P 0
L 9.49200286 43.50800798 9.74600286 43.00000798 0 P 0
L 9.49200286 43.50800798 10.00000286 43.25400798 0 P 0
L 9.54200022 58.49199884 9.54200022 59.50799884 0 P 0
L 9.54200022 58.49199884 10.55800022 58.49199884 0 P 0
L 9.54200022 59.50799884 10.55800022 59.50799884 0 P 0
L 9.55240406 5.80000364 9.70480406 5.49520364 0 P 0
L 9.55240406 5.80000364 9.70480406 6.10480364 0 P 0
L 9.55240406 8.20000392 9.70480406 7.89520392 0 P 0
L 9.55240406 8.20000392 9.70480406 8.50480392 0 P 0
L 9.55240406 10.6000042 9.70480406 10.2952042 0 P 0
L 9.55240406 10.6000042 9.70480406 10.9048042 0 P 0
L 9.55240406 13.00000448 9.70480406 12.69520448 0 P 0
L 9.55240406 13.00000448 9.70480406 13.30480448 0 P 0
L 9.55240406 15.40000476 9.70480406 15.09520476 0 P 0
L 9.55240406 15.40000476 9.70480406 15.70480476 0 P 0
L 9.55240406 17.80000504 9.70480406 17.49520504 0 P 0
L 9.55240406 17.80000504 9.70480406 18.10480504 0 P 0
L 9.55240406 20.20000532 9.70480406 19.89520532 0 P 0
L 9.55240406 20.20000532 9.70480406 20.50480532 0 P 0
L 9.55240406 22.6000056 9.70480406 22.2952056 0 P 0
L 9.55240406 22.6000056 9.70480406 22.9048056 0 P 0
L 9.55240406 25.00000588 9.70480406 24.69520588 0 P 0
L 9.55240406 25.00000588 9.70480406 25.30480588 0 P 0
L 9.55240406 27.40000616 9.70480406 27.09520616 0 P 0
L 9.55240406 27.40000616 9.70480406 27.70480616 0 P 0
L 9.55240406 61.00001008 9.70480406 60.69521008 0 P 0
L 9.55240406 61.00001008 9.70480406 61.30481008 0 P 0
L 9.55240406 63.40001036 9.70480406 63.09521036 0 P 0
L 9.55240406 63.40001036 9.70480406 63.70481036 0 P 0
L 9.65400406 5.80000364 9.90800406 5.29200364 0 P 0
L 9.65400406 5.80000364 9.90800406 6.30800364 0 P 0
L 9.65400406 8.20000392 9.90800406 7.69200392 0 P 0
L 9.65400406 8.20000392 9.90800406 8.70800392 0 P 0
L 9.65400406 10.6000042 9.90800406 10.0920042 0 P 0
L 9.65400406 10.6000042 9.90800406 11.1080042 0 P 0
L 9.65400406 13.00000448 9.90800406 12.49200448 0 P 0
L 9.65400406 13.00000448 9.90800406 13.50800448 0 P 0
L 9.65400406 15.40000476 9.90800406 14.89200476 0 P 0
L 9.65400406 15.40000476 9.90800406 15.90800476 0 P 0
L 9.65400406 17.80000504 9.90800406 17.29200504 0 P 0
L 9.65400406 17.80000504 9.90800406 18.30800504 0 P 0
L 9.65400406 20.20000532 9.90800406 19.69200532 0 P 0
L 9.65400406 20.20000532 9.90800406 20.70800532 0 P 0
L 9.65400406 22.6000056 9.90800406 22.0920056 0 P 0
L 9.65400406 22.6000056 9.90800406 23.1080056 0 P 0
L 9.65400406 25.00000588 9.90800406 24.49200588 0 P 0
L 9.65400406 25.00000588 9.90800406 25.50800588 0 P 0
L 9.65400406 27.40000616 9.90800406 26.89200616 0 P 0
L 9.65400406 27.40000616 9.90800406 27.90800616 0 P 0
L 9.65400406 61.00001008 9.90800406 60.49201008 0 P 0
L 9.65400406 61.00001008 9.90800406 61.50801008 0 P 0
L 9.65400406 63.40001036 9.90800406 62.89201036 0 P 0
L 9.65400406 63.40001036 9.90800406 63.90801036 0 P 0
L 9.69119982 33.09839964 9.84359982 33.09839964 0 P 0
L 9.69119982 33.09839964 9.84359982 33.25079964 0 P 0
L 9.69119982 33.40319964 9.84359982 33.25079964 0 P 0
L 9.69119982 33.40319964 9.84359982 33.40319964 0 P 0
L 9.69199992 37.42099958 9.94599992 37.42099958 0 P 0
L 9.69199992 37.42099958 9.94599992 37.67499958 0 P 0
L 9.69199992 37.92899958 9.94599992 37.67499958 0 P 0
L 9.69199992 37.92899958 9.94599992 37.92899958 0 P 0
L 9.69200246 46.22099722 9.94600246 46.22099722 0 P 0
L 9.69200246 46.22099722 9.94600246 46.47499722 0 P 0
L 9.69200246 46.72899722 9.94600246 46.47499722 0 P 0
L 9.69200246 46.72899722 9.94600246 46.72899722 0 P 0
L 9.69520286 4.2952035 9.84760286 4.6000035 0 P 0
L 9.69520286 4.2952035 10.00000286 4.4476035 0 P 0
L 9.69520286 4.9048035 9.84760286 4.6000035 0 P 0
L 9.69520286 4.9048035 10.00000286 4.7524035 0 P 0
L 9.69520286 6.69520378 9.84760286 7.00000378 0 P 0
L 9.69520286 6.69520378 10.00000286 6.84760378 0 P 0
L 9.69520286 7.30480378 9.84760286 7.00000378 0 P 0
L 9.69520286 7.30480378 10.00000286 7.15240378 0 P 0
L 9.69520286 9.09520406 9.84760286 9.40000406 0 P 0
L 9.69520286 9.09520406 10.00000286 9.24760406 0 P 0
L 9.69520286 9.70480406 9.84760286 9.40000406 0 P 0
L 9.69520286 9.70480406 10.00000286 9.55240406 0 P 0
L 9.69520286 11.49520434 9.84760286 11.80000434 0 P 0
L 9.69520286 11.49520434 10.00000286 11.64760434 0 P 0
L 9.69520286 12.10480434 9.84760286 11.80000434 0 P 0
L 9.69520286 12.10480434 10.00000286 11.95240434 0 P 0
L 9.69520286 13.89520462 9.84760286 14.20000462 0 P 0
L 9.69520286 13.89520462 10.00000286 14.04760462 0 P 0
L 9.69520286 14.50480462 9.84760286 14.20000462 0 P 0
L 9.69520286 14.50480462 10.00000286 14.35240462 0 P 0
L 9.69520286 16.2952049 9.84760286 16.6000049 0 P 0
L 9.69520286 16.2952049 10.00000286 16.4476049 0 P 0
L 9.69520286 16.9048049 9.84760286 16.6000049 0 P 0
L 9.69520286 16.9048049 10.00000286 16.7524049 0 P 0
L 9.69520286 18.69520518 9.84760286 19.00000518 0 P 0
L 9.69520286 18.69520518 10.00000286 18.84760518 0 P 0
L 9.69520286 19.30480518 9.84760286 19.00000518 0 P 0
L 9.69520286 19.30480518 10.00000286 19.15240518 0 P 0
L 9.69520286 21.09520546 9.84760286 21.40000546 0 P 0
L 9.69520286 21.09520546 10.00000286 21.24760546 0 P 0
L 9.69520286 21.70480546 9.84760286 21.40000546 0 P 0
L 9.69520286 21.70480546 10.00000286 21.55240546 0 P 0
L 9.69520286 23.49520574 9.84760286 23.80000574 0 P 0
L 9.69520286 23.49520574 10.00000286 23.64760574 0 P 0
L 9.69520286 24.10480574 9.84760286 23.80000574 0 P 0
L 9.69520286 24.10480574 10.00000286 23.95240574 0 P 0
L 9.69520286 25.89520602 9.84760286 26.20000602 0 P 0
L 9.69520286 25.89520602 10.00000286 26.04760602 0 P 0
L 9.69520286 26.50480602 9.84760286 26.20000602 0 P 0
L 9.69520286 26.50480602 10.00000286 26.35240602 0 P 0
L 9.69520286 28.2952063 9.84760286 28.6000063 0 P 0
L 9.69520286 28.2952063 10.00000286 28.4476063 0 P 0
L 9.69520286 28.9048063 9.84760286 28.6000063 0 P 0
L 9.69520286 28.9048063 10.00000286 28.7524063 0 P 0
L 9.69520286 42.69520798 9.84760286 43.00000798 0 P 0
L 9.69520286 42.69520798 10.00000286 42.84760798 0 P 0
L 9.69520286 43.30480798 9.84760286 43.00000798 0 P 0
L 9.69520286 43.30480798 10.00000286 43.15240798 0 P 0
L 9.74199982 32.99679964 9.99599982 32.74279964 0 P 0
L 9.74199982 33.50479964 9.99599982 33.75879964 0 P 0
L 9.79199972 35.44599972 10.04599972 35.44599972 0 P 0
L 9.79199972 35.44599972 10.04599972 35.69999972 0 P 0
L 9.79199972 35.95399972 10.04599972 35.69999972 0 P 0
L 9.79199972 35.95399972 10.04599972 35.95399972 0 P 0
L 9.84359982 33.09839964 9.99599982 32.94599964 0 P 0
L 9.84359982 33.40319964 9.99599982 33.55559964 0 P 0
L 9.89199952 39.47100056 10.14599952 39.47100056 0 P 0
L 9.89199952 39.47100056 10.14599952 39.72500056 0 P 0
L 9.89199952 39.97900056 10.14599952 39.72500056 0 P 0
L 9.89199952 39.97900056 10.14599952 39.97900056 0 P 0
L 9.89519992 37.52259958 10.04759992 37.52259958 0 P 0
L 9.89519992 37.52259958 10.04759992 37.67499958 0 P 0
L 9.89519992 37.82739958 10.04759992 37.67499958 0 P 0
L 9.89519992 37.82739958 10.04759992 37.82739958 0 P 0
L 9.89520246 46.32259722 10.04760246 46.32259722 0 P 0
L 9.89520246 46.32259722 10.04760246 46.47499722 0 P 0
L 9.89520246 46.62739722 10.04760246 46.47499722 0 P 0
L 9.89520246 46.62739722 10.04760246 46.62739722 0 P 0
L 9.94599992 37.42099958 10.19999992 37.16699958 0 P 0
L 9.94599992 37.92899958 10.19999992 38.18299958 0 P 0
L 9.94600246 46.22099722 10.20000246 45.96699722 0 P 0
L 9.94600246 46.72899722 10.20000246 46.98299722 0 P 0
L 9.99519972 35.54759972 10.14759972 35.54759972 0 P 0
L 9.99519972 35.54759972 10.14759972 35.69999972 0 P 0
L 9.99519972 35.85239972 10.14759972 35.69999972 0 P 0
L 9.99519972 35.85239972 10.14759972 35.85239972 0 P 0
L 9.99599982 32.74279964 10.24999982 32.99679964 0 P 0
L 9.99599982 32.94599964 10.14839982 33.09839964 0 P 0
L 9.99599982 33.55559964 10.14839982 33.40319964 0 P 0
L 9.99599982 33.75879964 10.24999982 33.50479964 0 P 0
L 10.00000286 4.3460035 10.50800286 4.0920035 0 P 0
L 10.00000286 4.4476035 10.30480286 4.2952035 0 P 0
L 10.00000286 4.7524035 10.30480286 4.9048035 0 P 0
L 10.00000286 4.8540035 10.50800286 5.1080035 0 P 0
L 10.00000286 6.74600378 10.50800286 6.49200378 0 P 0
L 10.00000286 6.84760378 10.30480286 6.69520378 0 P 0
L 10.00000286 7.15240378 10.30480286 7.30480378 0 P 0
L 10.00000286 7.25400378 10.50800286 7.50800378 0 P 0
L 10.00000286 9.14600406 10.50800286 8.89200406 0 P 0
L 10.00000286 9.24760406 10.30480286 9.09520406 0 P 0
L 10.00000286 9.55240406 10.30480286 9.70480406 0 P 0
L 10.00000286 9.65400406 10.50800286 9.90800406 0 P 0
L 10.00000286 11.54600434 10.50800286 11.29200434 0 P 0
L 10.00000286 11.64760434 10.30480286 11.49520434 0 P 0
L 10.00000286 11.95240434 10.30480286 12.10480434 0 P 0
L 10.00000286 12.05400434 10.50800286 12.30800434 0 P 0
L 10.00000286 13.94600462 10.50800286 13.69200462 0 P 0
L 10.00000286 14.04760462 10.30480286 13.89520462 0 P 0
L 10.00000286 14.35240462 10.30480286 14.50480462 0 P 0
L 10.00000286 14.45400462 10.50800286 14.70800462 0 P 0
L 10.00000286 16.3460049 10.50800286 16.0920049 0 P 0
L 10.00000286 16.4476049 10.30480286 16.2952049 0 P 0
L 10.00000286 16.7524049 10.30480286 16.9048049 0 P 0
L 10.00000286 16.8540049 10.50800286 17.1080049 0 P 0
L 10.00000286 18.74600518 10.50800286 18.49200518 0 P 0
L 10.00000286 18.84760518 10.30480286 18.69520518 0 P 0
L 10.00000286 19.15240518 10.30480286 19.30480518 0 P 0
L 10.00000286 19.25400518 10.50800286 19.50800518 0 P 0
L 10.00000286 21.14600546 10.50800286 20.89200546 0 P 0
L 10.00000286 21.24760546 10.30480286 21.09520546 0 P 0
L 10.00000286 21.55240546 10.30480286 21.70480546 0 P 0
L 10.00000286 21.65400546 10.50800286 21.90800546 0 P 0
L 10.00000286 23.54600574 10.50800286 23.29200574 0 P 0
L 10.00000286 23.64760574 10.30480286 23.49520574 0 P 0
L 10.00000286 23.95240574 10.30480286 24.10480574 0 P 0
L 10.00000286 24.05400574 10.50800286 24.30800574 0 P 0
L 10.00000286 25.94600602 10.50800286 25.69200602 0 P 0
L 10.00000286 26.04760602 10.30480286 25.89520602 0 P 0
L 10.00000286 26.35240602 10.30480286 26.50480602 0 P 0
L 10.00000286 26.45400602 10.50800286 26.70800602 0 P 0
L 10.00000286 28.3460063 10.50800286 28.0920063 0 P 0
L 10.00000286 28.4476063 10.30480286 28.2952063 0 P 0
L 10.00000286 28.7524063 10.30480286 28.9048063 0 P 0
L 10.00000286 28.8540063 10.50800286 29.1080063 0 P 0
L 10.00000286 42.74600798 10.50800286 42.49200798 0 P 0
L 10.00000286 42.84760798 10.30480286 42.69520798 0 P 0
L 10.00000286 43.15240798 10.30480286 43.30480798 0 P 0
L 10.00000286 43.25400798 10.50800286 43.50800798 0 P 0
L 10.04599972 35.44599972 10.29999972 35.19199972 0 P 0
L 10.04599972 35.95399972 10.29999972 36.20799972 0 P 0
L 10.04759992 37.52259958 10.19999992 37.37019958 0 P 0
L 10.04759992 37.82739958 10.19999992 37.97979958 0 P 0
L 10.04760246 46.32259722 10.20000246 46.17019722 0 P 0
L 10.04760246 46.62739722 10.20000246 46.77979722 0 P 0
L 10.0920042 5.29200364 10.3460042 5.80000364 0 P 0
L 10.0920042 5.29200364 10.6000042 5.54600364 0 P 0
L 10.0920042 6.30800364 10.3460042 5.80000364 0 P 0
L 10.0920042 6.30800364 10.6000042 6.05400364 0 P 0
L 10.0920042 10.0920042 10.3460042 10.6000042 0 P 0
L 10.0920042 10.0920042 10.6000042 10.3460042 0 P 0
L 10.0920042 11.1080042 10.3460042 10.6000042 0 P 0
L 10.0920042 11.1080042 10.6000042 10.8540042 0 P 0
L 10.0920042 12.49200448 10.3460042 13.00000448 0 P 0
L 10.0920042 12.49200448 10.6000042 12.74600448 0 P 0
L 10.0920042 13.50800448 10.3460042 13.00000448 0 P 0
L 10.0920042 13.50800448 10.6000042 13.25400448 0 P 0
L 10.0920042 14.89200476 10.3460042 15.40000476 0 P 0
L 10.0920042 14.89200476 10.6000042 15.14600476 0 P 0
L 10.0920042 15.90800476 10.3460042 15.40000476 0 P 0
L 10.0920042 15.90800476 10.6000042 15.65400476 0 P 0
L 10.0920042 17.29200504 10.3460042 17.80000504 0 P 0
L 10.0920042 17.29200504 10.6000042 17.54600504 0 P 0
L 10.0920042 18.30800504 10.3460042 17.80000504 0 P 0
L 10.0920042 18.30800504 10.6000042 18.05400504 0 P 0
L 10.0920042 19.69200532 10.3460042 20.20000532 0 P 0
L 10.0920042 19.69200532 10.6000042 19.94600532 0 P 0
L 10.0920042 20.70800532 10.3460042 20.20000532 0 P 0
L 10.0920042 20.70800532 10.6000042 20.45400532 0 P 0
L 10.0920042 22.0920056 10.3460042 22.6000056 0 P 0
L 10.0920042 22.0920056 10.6000042 22.3460056 0 P 0
L 10.0920042 23.1080056 10.3460042 22.6000056 0 P 0
L 10.0920042 23.1080056 10.6000042 22.8540056 0 P 0
L 10.0920042 24.49200588 10.3460042 25.00000588 0 P 0
L 10.0920042 24.49200588 10.6000042 24.74600588 0 P 0
L 10.0920042 25.50800588 10.3460042 25.00000588 0 P 0
L 10.0920042 25.50800588 10.6000042 25.25400588 0 P 0
L 10.0920042 26.89200616 10.3460042 27.40000616 0 P 0
L 10.0920042 26.89200616 10.6000042 27.14600616 0 P 0
L 10.0920042 27.90800616 10.3460042 27.40000616 0 P 0
L 10.0920042 27.90800616 10.6000042 27.65400616 0 P 0
L 10.0920042 29.29200644 10.3460042 29.80000644 0 P 0
L 10.0920042 29.29200644 10.6000042 29.54600644 0 P 0
L 10.0920042 30.30800644 10.3460042 29.80000644 0 P 0
L 10.0920042 30.30800644 10.6000042 30.05400644 0 P 0
L 10.0920042 60.49201008 10.3460042 61.00001008 0 P 0
L 10.0920042 60.49201008 10.6000042 60.74601008 0 P 0
L 10.0920042 61.50801008 10.3460042 61.00001008 0 P 0
L 10.0920042 61.50801008 10.6000042 61.25401008 0 P 0
L 10.09519952 39.57260056 10.24759952 39.57260056 0 P 0
L 10.09519952 39.57260056 10.24759952 39.72500056 0 P 0
L 10.09519952 39.87740056 10.24759952 39.72500056 0 P 0
L 10.09519952 39.87740056 10.24759952 39.87740056 0 P 0
L 10.14599952 39.47100056 10.39999952 39.21700056 0 P 0
L 10.14599952 39.97900056 10.39999952 40.23300056 0 P 0
L 10.14759972 35.54759972 10.29999972 35.39519972 0 P 0
L 10.14759972 35.85239972 10.29999972 36.00479972 0 P 0
L 10.14839982 33.09839964 10.30079982 33.09839964 0 P 0
L 10.14839982 33.25079964 10.30079982 33.09839964 0 P 0
L 10.14839982 33.25079964 10.30079982 33.40319964 0 P 0
L 10.14839982 33.40319964 10.30079982 33.40319964 0 P 0
L 10.15240286 4.6000035 10.30480286 4.2952035 0 P 0
L 10.15240286 4.6000035 10.30480286 4.9048035 0 P 0
L 10.15240286 7.00000378 10.30480286 6.69520378 0 P 0
L 10.15240286 7.00000378 10.30480286 7.30480378 0 P 0
L 10.15240286 9.40000406 10.30480286 9.09520406 0 P 0
L 10.15240286 9.40000406 10.30480286 9.70480406 0 P 0
L 10.15240286 11.80000434 10.30480286 11.49520434 0 P 0
L 10.15240286 11.80000434 10.30480286 12.10480434 0 P 0
L 10.15240286 14.20000462 10.30480286 13.89520462 0 P 0
L 10.15240286 14.20000462 10.30480286 14.50480462 0 P 0
L 10.15240286 16.6000049 10.30480286 16.2952049 0 P 0
L 10.15240286 16.6000049 10.30480286 16.9048049 0 P 0
L 10.15240286 19.00000518 10.30480286 18.69520518 0 P 0
L 10.15240286 19.00000518 10.30480286 19.30480518 0 P 0
L 10.15240286 21.40000546 10.30480286 21.09520546 0 P 0
L 10.15240286 21.40000546 10.30480286 21.70480546 0 P 0
L 10.15240286 23.80000574 10.30480286 23.49520574 0 P 0
L 10.15240286 23.80000574 10.30480286 24.10480574 0 P 0
L 10.15240286 26.20000602 10.30480286 25.89520602 0 P 0
L 10.15240286 26.20000602 10.30480286 26.50480602 0 P 0
L 10.15240286 28.6000063 10.30480286 28.2952063 0 P 0
L 10.15240286 28.6000063 10.30480286 28.9048063 0 P 0
L 10.15240286 43.00000798 10.30480286 42.69520798 0 P 0
L 10.15240286 43.00000798 10.30480286 43.30480798 0 P 0
L 10.19999992 37.16699958 10.45399992 37.42099958 0 P 0
L 10.19999992 37.37019958 10.35239992 37.52259958 0 P 0
L 10.19999992 37.97979958 10.35239992 37.82739958 0 P 0
L 10.19999992 38.18299958 10.45399992 37.92899958 0 P 0
L 10.20000246 45.96699722 10.45400246 46.22099722 0 P 0
L 10.20000246 46.17019722 10.35240246 46.32259722 0 P 0
L 10.20000246 46.77979722 10.35240246 46.62739722 0 P 0
L 10.20000246 46.98299722 10.45400246 46.72899722 0 P 0
L 10.24759952 39.57260056 10.39999952 39.42020056 0 P 0
L 10.24759952 39.87740056 10.39999952 40.02980056 0 P 0
L 10.24999982 32.99679964 10.50399982 32.99679964 0 P 0
L 10.24999982 33.25079964 10.50399982 32.99679964 0 P 0
L 10.24999982 33.25079964 10.50399982 33.50479964 0 P 0
L 10.24999982 33.50479964 10.50399982 33.50479964 0 P 0
L 10.25400286 4.6000035 10.50800286 4.0920035 0 P 0
L 10.25400286 4.6000035 10.50800286 5.1080035 0 P 0
L 10.25400286 7.00000378 10.50800286 6.49200378 0 P 0
L 10.25400286 7.00000378 10.50800286 7.50800378 0 P 0
L 10.25400286 9.40000406 10.50800286 8.89200406 0 P 0
L 10.25400286 9.40000406 10.50800286 9.90800406 0 P 0
L 10.25400286 11.80000434 10.50800286 11.29200434 0 P 0
L 10.25400286 11.80000434 10.50800286 12.30800434 0 P 0
L 10.25400286 14.20000462 10.50800286 13.69200462 0 P 0
L 10.25400286 14.20000462 10.50800286 14.70800462 0 P 0
L 10.25400286 16.6000049 10.50800286 16.0920049 0 P 0
L 10.25400286 16.6000049 10.50800286 17.1080049 0 P 0
L 10.25400286 19.00000518 10.50800286 18.49200518 0 P 0
L 10.25400286 19.00000518 10.50800286 19.50800518 0 P 0
L 10.25400286 21.40000546 10.50800286 20.89200546 0 P 0
L 10.25400286 21.40000546 10.50800286 21.90800546 0 P 0
L 10.25400286 23.80000574 10.50800286 23.29200574 0 P 0
L 10.25400286 23.80000574 10.50800286 24.30800574 0 P 0
L 10.25400286 26.20000602 10.50800286 25.69200602 0 P 0
L 10.25400286 26.20000602 10.50800286 26.70800602 0 P 0
L 10.25400286 28.6000063 10.50800286 28.0920063 0 P 0
L 10.25400286 28.6000063 10.50800286 29.1080063 0 P 0
L 10.25400286 43.00000798 10.50800286 42.49200798 0 P 0
L 10.25400286 43.00000798 10.50800286 43.50800798 0 P 0
L 10.2952042 5.49520364 10.4476042 5.80000364 0 P 0
L 10.2952042 5.49520364 10.6000042 5.64760364 0 P 0
L 10.2952042 6.10480364 10.4476042 5.80000364 0 P 0
L 10.2952042 6.10480364 10.6000042 5.95240364 0 P 0
L 10.2952042 10.2952042 10.4476042 10.6000042 0 P 0
L 10.2952042 10.2952042 10.6000042 10.4476042 0 P 0
L 10.2952042 10.9048042 10.4476042 10.6000042 0 P 0
L 10.2952042 10.9048042 10.6000042 10.7524042 0 P 0
L 10.2952042 12.69520448 10.4476042 13.00000448 0 P 0
L 10.2952042 12.69520448 10.6000042 12.84760448 0 P 0
L 10.2952042 13.30480448 10.4476042 13.00000448 0 P 0
L 10.2952042 13.30480448 10.6000042 13.15240448 0 P 0
L 10.2952042 15.09520476 10.4476042 15.40000476 0 P 0
L 10.2952042 15.09520476 10.6000042 15.24760476 0 P 0
L 10.2952042 15.70480476 10.4476042 15.40000476 0 P 0
L 10.2952042 15.70480476 10.6000042 15.55240476 0 P 0
L 10.2952042 17.49520504 10.4476042 17.80000504 0 P 0
L 10.2952042 17.49520504 10.6000042 17.64760504 0 P 0
L 10.2952042 18.10480504 10.4476042 17.80000504 0 P 0
L 10.2952042 18.10480504 10.6000042 17.95240504 0 P 0
L 10.2952042 19.89520532 10.4476042 20.20000532 0 P 0
L 10.2952042 19.89520532 10.6000042 20.04760532 0 P 0
L 10.2952042 20.50480532 10.4476042 20.20000532 0 P 0
L 10.2952042 20.50480532 10.6000042 20.35240532 0 P 0
L 10.2952042 22.2952056 10.4476042 22.6000056 0 P 0
L 10.2952042 22.2952056 10.6000042 22.4476056 0 P 0
L 10.2952042 22.9048056 10.4476042 22.6000056 0 P 0
L 10.2952042 22.9048056 10.6000042 22.7524056 0 P 0
L 10.2952042 24.69520588 10.4476042 25.00000588 0 P 0
L 10.2952042 24.69520588 10.6000042 24.84760588 0 P 0
L 10.2952042 25.30480588 10.4476042 25.00000588 0 P 0
L 10.2952042 25.30480588 10.6000042 25.15240588 0 P 0
L 10.2952042 27.09520616 10.4476042 27.40000616 0 P 0
L 10.2952042 27.09520616 10.6000042 27.24760616 0 P 0
L 10.2952042 27.70480616 10.4476042 27.40000616 0 P 0
L 10.2952042 27.70480616 10.6000042 27.55240616 0 P 0
L 10.2952042 29.49520644 10.4476042 29.80000644 0 P 0
L 10.2952042 29.49520644 10.6000042 29.64760644 0 P 0
L 10.2952042 30.10480644 10.4476042 29.80000644 0 P 0
L 10.2952042 30.10480644 10.6000042 29.95240644 0 P 0
L 10.2952042 60.69521008 10.4476042 61.00001008 0 P 0
L 10.2952042 60.69521008 10.6000042 60.84761008 0 P 0
L 10.2952042 61.30481008 10.4476042 61.00001008 0 P 0
L 10.2952042 61.30481008 10.6000042 61.15241008 0 P 0
L 10.29999972 35.19199972 10.55399972 35.44599972 0 P 0
L 10.29999972 35.39519972 10.45239972 35.54759972 0 P 0
L 10.29999972 36.00479972 10.45239972 35.85239972 0 P 0
L 10.29999972 36.20799972 10.55399972 35.95399972 0 P 0
L 10.35239992 37.52259958 10.50479992 37.52259958 0 P 0
L 10.35239992 37.67499958 10.50479992 37.52259958 0 P 0
L 10.35239992 37.67499958 10.50479992 37.82739958 0 P 0
L 10.35239992 37.82739958 10.50479992 37.82739958 0 P 0
L 10.35240246 46.32259722 10.50480246 46.32259722 0 P 0
L 10.35240246 46.47499722 10.50480246 46.32259722 0 P 0
L 10.35240246 46.47499722 10.50480246 46.62739722 0 P 0
L 10.35240246 46.62739722 10.50480246 46.62739722 0 P 0
L 10.39999952 39.21700056 10.65399952 39.47100056 0 P 0
L 10.39999952 39.42020056 10.55239952 39.57260056 0 P 0
L 10.39999952 40.02980056 10.55239952 39.87740056 0 P 0
L 10.39999952 40.23300056 10.65399952 39.97900056 0 P 0
L 10.45239972 35.54759972 10.60479972 35.54759972 0 P 0
L 10.45239972 35.69999972 10.60479972 35.54759972 0 P 0
L 10.45239972 35.69999972 10.60479972 35.85239972 0 P 0
L 10.45239972 35.85239972 10.60479972 35.85239972 0 P 0
L 10.45399992 37.42099958 10.70799992 37.42099958 0 P 0
L 10.45399992 37.67499958 10.70799992 37.42099958 0 P 0
L 10.45399992 37.67499958 10.70799992 37.92899958 0 P 0
L 10.45399992 37.92899958 10.70799992 37.92899958 0 P 0
L 10.45400246 46.22099722 10.70800246 46.22099722 0 P 0
L 10.45400246 46.47499722 10.70800246 46.22099722 0 P 0
L 10.45400246 46.47499722 10.70800246 46.72899722 0 P 0
L 10.45400246 46.72899722 10.70800246 46.72899722 0 P 0
L 10.55239952 39.57260056 10.70479952 39.57260056 0 P 0
L 10.55239952 39.72500056 10.70479952 39.57260056 0 P 0
L 10.55239952 39.72500056 10.70479952 39.87740056 0 P 0
L 10.55239952 39.87740056 10.70479952 39.87740056 0 P 0
L 10.55399972 35.44599972 10.80799972 35.44599972 0 P 0
L 10.55399972 35.69999972 10.80799972 35.44599972 0 P 0
L 10.55399972 35.69999972 10.80799972 35.95399972 0 P 0
L 10.55399972 35.95399972 10.80799972 35.95399972 0 P 0
L 10.55800022 58.49199884 10.55800022 59.50799884 0 P 0
L 10.6000042 5.54600364 11.1080042 5.29200364 0 P 0
L 10.6000042 5.64760364 10.9048042 5.49520364 0 P 0
L 10.6000042 5.95240364 10.9048042 6.10480364 0 P 0
L 10.6000042 6.05400364 11.1080042 6.30800364 0 P 0
L 10.6000042 10.3460042 11.1080042 10.0920042 0 P 0
L 10.6000042 10.4476042 10.9048042 10.2952042 0 P 0
L 10.6000042 10.7524042 10.9048042 10.9048042 0 P 0
L 10.6000042 10.8540042 11.1080042 11.1080042 0 P 0
L 10.6000042 12.74600448 11.1080042 12.49200448 0 P 0
L 10.6000042 12.84760448 10.9048042 12.69520448 0 P 0
L 10.6000042 13.15240448 10.9048042 13.30480448 0 P 0
L 10.6000042 13.25400448 11.1080042 13.50800448 0 P 0
L 10.6000042 15.14600476 11.1080042 14.89200476 0 P 0
L 10.6000042 15.24760476 10.9048042 15.09520476 0 P 0
L 10.6000042 15.55240476 10.9048042 15.70480476 0 P 0
L 10.6000042 15.65400476 11.1080042 15.90800476 0 P 0
L 10.6000042 17.54600504 11.1080042 17.29200504 0 P 0
L 10.6000042 17.64760504 10.9048042 17.49520504 0 P 0
L 10.6000042 17.95240504 10.9048042 18.10480504 0 P 0
L 10.6000042 18.05400504 11.1080042 18.30800504 0 P 0
L 10.6000042 19.94600532 11.1080042 19.69200532 0 P 0
L 10.6000042 20.04760532 10.9048042 19.89520532 0 P 0
L 10.6000042 20.35240532 10.9048042 20.50480532 0 P 0
L 10.6000042 20.45400532 11.1080042 20.70800532 0 P 0
L 10.6000042 22.3460056 11.1080042 22.0920056 0 P 0
L 10.6000042 22.4476056 10.9048042 22.2952056 0 P 0
L 10.6000042 22.7524056 10.9048042 22.9048056 0 P 0
L 10.6000042 22.8540056 11.1080042 23.1080056 0 P 0
L 10.6000042 24.74600588 11.1080042 24.49200588 0 P 0
L 10.6000042 24.84760588 10.9048042 24.69520588 0 P 0
L 10.6000042 25.15240588 10.9048042 25.30480588 0 P 0
L 10.6000042 25.25400588 11.1080042 25.50800588 0 P 0
L 10.6000042 27.14600616 11.1080042 26.89200616 0 P 0
L 10.6000042 27.24760616 10.9048042 27.09520616 0 P 0
L 10.6000042 27.55240616 10.9048042 27.70480616 0 P 0
L 10.6000042 27.65400616 11.1080042 27.90800616 0 P 0
L 10.6000042 29.54600644 11.1080042 29.29200644 0 P 0
L 10.6000042 29.64760644 10.9048042 29.49520644 0 P 0
L 10.6000042 29.95240644 10.9048042 30.10480644 0 P 0
L 10.6000042 30.05400644 11.1080042 30.30800644 0 P 0
L 10.6000042 60.74601008 11.1080042 60.49201008 0 P 0
L 10.6000042 60.84761008 10.9048042 60.69521008 0 P 0
L 10.6000042 61.15241008 10.9048042 61.30481008 0 P 0
L 10.6000042 61.25401008 11.1080042 61.50801008 0 P 0
L 10.65399952 39.47100056 10.90799952 39.47100056 0 P 0
L 10.65399952 39.72500056 10.90799952 39.47100056 0 P 0
L 10.65399952 39.72500056 10.90799952 39.97900056 0 P 0
L 10.65399952 39.97900056 10.90799952 39.97900056 0 P 0
L 10.692003 11.29200434 10.946003 11.80000434 0 P 0
L 10.692003 11.29200434 11.200003 11.54600434 0 P 0
L 10.692003 12.30800434 10.946003 11.80000434 0 P 0
L 10.692003 12.30800434 11.200003 12.05400434 0 P 0
L 10.692003 13.69200462 10.946003 14.20000462 0 P 0
L 10.692003 13.69200462 11.200003 13.94600462 0 P 0
L 10.692003 14.70800462 10.946003 14.20000462 0 P 0
L 10.692003 14.70800462 11.200003 14.45400462 0 P 0
L 10.692003 16.0920049 10.946003 16.6000049 0 P 0
L 10.692003 16.0920049 11.200003 16.3460049 0 P 0
L 10.692003 17.1080049 10.946003 16.6000049 0 P 0
L 10.692003 17.1080049 11.200003 16.8540049 0 P 0
L 10.692003 18.49200518 10.946003 19.00000518 0 P 0
L 10.692003 18.49200518 11.200003 18.74600518 0 P 0
L 10.692003 19.50800518 10.946003 19.00000518 0 P 0
L 10.692003 19.50800518 11.200003 19.25400518 0 P 0
L 10.692003 20.89200546 10.946003 21.40000546 0 P 0
L 10.692003 20.89200546 11.200003 21.14600546 0 P 0
L 10.692003 21.90800546 10.946003 21.40000546 0 P 0
L 10.692003 21.90800546 11.200003 21.65400546 0 P 0
L 10.692003 23.29200574 10.946003 23.80000574 0 P 0
L 10.692003 23.29200574 11.200003 23.54600574 0 P 0
L 10.692003 24.30800574 10.946003 23.80000574 0 P 0
L 10.692003 24.30800574 11.200003 24.05400574 0 P 0
L 10.692003 25.69200602 10.946003 26.20000602 0 P 0
L 10.692003 25.69200602 11.200003 25.94600602 0 P 0
L 10.692003 26.70800602 10.946003 26.20000602 0 P 0
L 10.692003 26.70800602 11.200003 26.45400602 0 P 0
L 10.692003 28.0920063 10.946003 28.6000063 0 P 0
L 10.692003 28.0920063 11.200003 28.3460063 0 P 0
L 10.692003 29.1080063 10.946003 28.6000063 0 P 0
L 10.692003 29.1080063 11.200003 28.8540063 0 P 0
L 10.692003 42.49200798 10.946003 43.00000798 0 P 0
L 10.692003 42.49200798 11.200003 42.74600798 0 P 0
L 10.692003 43.50800798 10.946003 43.00000798 0 P 0
L 10.692003 43.50800798 11.200003 43.25400798 0 P 0
L 10.7524042 5.80000364 10.9048042 5.49520364 0 P 0
L 10.7524042 5.80000364 10.9048042 6.10480364 0 P 0
L 10.7524042 10.6000042 10.9048042 10.2952042 0 P 0
L 10.7524042 10.6000042 10.9048042 10.9048042 0 P 0
L 10.7524042 13.00000448 10.9048042 12.69520448 0 P 0
L 10.7524042 13.00000448 10.9048042 13.30480448 0 P 0
L 10.7524042 15.40000476 10.9048042 15.09520476 0 P 0
L 10.7524042 15.40000476 10.9048042 15.70480476 0 P 0
L 10.7524042 17.80000504 10.9048042 17.49520504 0 P 0
L 10.7524042 17.80000504 10.9048042 18.10480504 0 P 0
L 10.7524042 20.20000532 10.9048042 19.89520532 0 P 0
L 10.7524042 20.20000532 10.9048042 20.50480532 0 P 0
L 10.7524042 22.6000056 10.9048042 22.2952056 0 P 0
L 10.7524042 22.6000056 10.9048042 22.9048056 0 P 0
L 10.7524042 25.00000588 10.9048042 24.69520588 0 P 0
L 10.7524042 25.00000588 10.9048042 25.30480588 0 P 0
L 10.7524042 27.40000616 10.9048042 27.09520616 0 P 0
L 10.7524042 27.40000616 10.9048042 27.70480616 0 P 0
L 10.7524042 29.80000644 10.9048042 29.49520644 0 P 0
L 10.7524042 29.80000644 10.9048042 30.10480644 0 P 0
L 10.7524042 61.00001008 10.9048042 60.69521008 0 P 0
L 10.7524042 61.00001008 10.9048042 61.30481008 0 P 0
L 10.8540042 5.80000364 11.1080042 5.29200364 0 P 0
L 10.8540042 5.80000364 11.1080042 6.30800364 0 P 0
L 10.8540042 10.6000042 11.1080042 10.0920042 0 P 0
L 10.8540042 10.6000042 11.1080042 11.1080042 0 P 0
L 10.8540042 13.00000448 11.1080042 12.49200448 0 P 0
L 10.8540042 13.00000448 11.1080042 13.50800448 0 P 0
L 10.8540042 15.40000476 11.1080042 14.89200476 0 P 0
L 10.8540042 15.40000476 11.1080042 15.90800476 0 P 0
L 10.8540042 17.80000504 11.1080042 17.29200504 0 P 0
L 10.8540042 17.80000504 11.1080042 18.30800504 0 P 0
L 10.8540042 20.20000532 11.1080042 19.69200532 0 P 0
L 10.8540042 20.20000532 11.1080042 20.70800532 0 P 0
L 10.8540042 22.6000056 11.1080042 22.0920056 0 P 0
L 10.8540042 22.6000056 11.1080042 23.1080056 0 P 0
L 10.8540042 25.00000588 11.1080042 24.49200588 0 P 0
L 10.8540042 25.00000588 11.1080042 25.50800588 0 P 0
L 10.8540042 27.40000616 11.1080042 26.89200616 0 P 0
L 10.8540042 27.40000616 11.1080042 27.90800616 0 P 0
L 10.8540042 29.80000644 11.1080042 29.29200644 0 P 0
L 10.8540042 29.80000644 11.1080042 30.30800644 0 P 0
L 10.8540042 61.00001008 11.1080042 60.49201008 0 P 0
L 10.8540042 61.00001008 11.1080042 61.50801008 0 P 0
L 10.895203 11.49520434 11.047603 11.80000434 0 P 0
L 10.895203 11.49520434 11.200003 11.64760434 0 P 0
L 10.895203 12.10480434 11.047603 11.80000434 0 P 0
L 10.895203 12.10480434 11.200003 11.95240434 0 P 0
L 10.895203 13.89520462 11.047603 14.20000462 0 P 0
L 10.895203 13.89520462 11.200003 14.04760462 0 P 0
L 10.895203 14.50480462 11.047603 14.20000462 0 P 0
L 10.895203 14.50480462 11.200003 14.35240462 0 P 0
L 10.895203 16.2952049 11.047603 16.6000049 0 P 0
L 10.895203 16.2952049 11.200003 16.4476049 0 P 0
L 10.895203 16.9048049 11.047603 16.6000049 0 P 0
L 10.895203 16.9048049 11.200003 16.7524049 0 P 0
L 10.895203 18.69520518 11.047603 19.00000518 0 P 0
L 10.895203 18.69520518 11.200003 18.84760518 0 P 0
L 10.895203 19.30480518 11.047603 19.00000518 0 P 0
L 10.895203 19.30480518 11.200003 19.15240518 0 P 0
L 10.895203 21.09520546 11.047603 21.40000546 0 P 0
L 10.895203 21.09520546 11.200003 21.24760546 0 P 0
L 10.895203 21.70480546 11.047603 21.40000546 0 P 0
L 10.895203 21.70480546 11.200003 21.55240546 0 P 0
L 10.895203 23.49520574 11.047603 23.80000574 0 P 0
L 10.895203 23.49520574 11.200003 23.64760574 0 P 0
L 10.895203 24.10480574 11.047603 23.80000574 0 P 0
L 10.895203 24.10480574 11.200003 23.95240574 0 P 0
L 10.895203 25.89520602 11.047603 26.20000602 0 P 0
L 10.895203 25.89520602 11.200003 26.04760602 0 P 0
L 10.895203 26.50480602 11.047603 26.20000602 0 P 0
L 10.895203 26.50480602 11.200003 26.35240602 0 P 0
L 10.895203 28.2952063 11.047603 28.6000063 0 P 0
L 10.895203 28.2952063 11.200003 28.4476063 0 P 0
L 10.895203 28.9048063 11.047603 28.6000063 0 P 0
L 10.895203 28.9048063 11.200003 28.7524063 0 P 0
L 10.895203 42.69520798 11.047603 43.00000798 0 P 0
L 10.895203 42.69520798 11.200003 42.84760798 0 P 0
L 10.895203 43.30480798 11.047603 43.00000798 0 P 0
L 10.895203 43.30480798 11.200003 43.15240798 0 P 0
L 11.200003 11.54600434 11.708003 11.29200434 0 P 0
L 11.200003 11.64760434 11.504803 11.49520434 0 P 0
L 11.200003 11.95240434 11.504803 12.10480434 0 P 0
L 11.200003 12.05400434 11.708003 12.30800434 0 P 0
L 11.200003 13.94600462 11.708003 13.69200462 0 P 0
L 11.200003 14.04760462 11.504803 13.89520462 0 P 0
L 11.200003 14.35240462 11.504803 14.50480462 0 P 0
L 11.200003 14.45400462 11.708003 14.70800462 0 P 0
L 11.200003 16.3460049 11.708003 16.0920049 0 P 0
L 11.200003 16.4476049 11.504803 16.2952049 0 P 0
L 11.200003 16.7524049 11.504803 16.9048049 0 P 0
L 11.200003 16.8540049 11.708003 17.1080049 0 P 0
L 11.200003 18.74600518 11.708003 18.49200518 0 P 0
L 11.200003 18.84760518 11.504803 18.69520518 0 P 0
L 11.200003 19.15240518 11.504803 19.30480518 0 P 0
L 11.200003 19.25400518 11.708003 19.50800518 0 P 0
L 11.200003 21.14600546 11.708003 20.89200546 0 P 0
L 11.200003 21.24760546 11.504803 21.09520546 0 P 0
L 11.200003 21.55240546 11.504803 21.70480546 0 P 0
L 11.200003 21.65400546 11.708003 21.90800546 0 P 0
L 11.200003 23.54600574 11.708003 23.29200574 0 P 0
L 11.200003 23.64760574 11.504803 23.49520574 0 P 0
L 11.200003 23.95240574 11.504803 24.10480574 0 P 0
L 11.200003 24.05400574 11.708003 24.30800574 0 P 0
L 11.200003 25.94600602 11.708003 25.69200602 0 P 0
L 11.200003 26.04760602 11.504803 25.89520602 0 P 0
L 11.200003 26.35240602 11.504803 26.50480602 0 P 0
L 11.200003 26.45400602 11.708003 26.70800602 0 P 0
L 11.200003 28.3460063 11.708003 28.0920063 0 P 0
L 11.200003 28.4476063 11.504803 28.2952063 0 P 0
L 11.200003 28.7524063 11.504803 28.9048063 0 P 0
L 11.200003 28.8540063 11.708003 29.1080063 0 P 0
L 11.200003 42.74600798 11.708003 42.49200798 0 P 0
L 11.200003 42.84760798 11.504803 42.69520798 0 P 0
L 11.200003 43.15240798 11.504803 43.30480798 0 P 0
L 11.200003 43.25400798 11.708003 43.50800798 0 P 0
L 11.29200434 10.0920042 11.54600434 10.6000042 0 P 0
L 11.29200434 10.0920042 11.80000434 10.3460042 0 P 0
L 11.29200434 11.1080042 11.54600434 10.6000042 0 P 0
L 11.29200434 11.1080042 11.80000434 10.8540042 0 P 0
L 11.29200434 12.49200448 11.54600434 13.00000448 0 P 0
L 11.29200434 12.49200448 11.80000434 12.74600448 0 P 0
L 11.29200434 13.50800448 11.54600434 13.00000448 0 P 0
L 11.29200434 13.50800448 11.80000434 13.25400448 0 P 0
L 11.29200434 14.89200476 11.54600434 15.40000476 0 P 0
L 11.29200434 14.89200476 11.80000434 15.14600476 0 P 0
L 11.29200434 15.90800476 11.54600434 15.40000476 0 P 0
L 11.29200434 15.90800476 11.80000434 15.65400476 0 P 0
L 11.29200434 17.29200504 11.54600434 17.80000504 0 P 0
L 11.29200434 17.29200504 11.80000434 17.54600504 0 P 0
L 11.29200434 18.30800504 11.54600434 17.80000504 0 P 0
L 11.29200434 18.30800504 11.80000434 18.05400504 0 P 0
L 11.29200434 19.69200532 11.54600434 20.20000532 0 P 0
L 11.29200434 19.69200532 11.80000434 19.94600532 0 P 0
L 11.29200434 20.70800532 11.54600434 20.20000532 0 P 0
L 11.29200434 20.70800532 11.80000434 20.45400532 0 P 0
L 11.29200434 22.0920056 11.54600434 22.6000056 0 P 0
L 11.29200434 22.0920056 11.80000434 22.3460056 0 P 0
L 11.29200434 23.1080056 11.54600434 22.6000056 0 P 0
L 11.29200434 23.1080056 11.80000434 22.8540056 0 P 0
L 11.29200434 24.49200588 11.54600434 25.00000588 0 P 0
L 11.29200434 24.49200588 11.80000434 24.74600588 0 P 0
L 11.29200434 25.50800588 11.54600434 25.00000588 0 P 0
L 11.29200434 25.50800588 11.80000434 25.25400588 0 P 0
L 11.29200434 26.89200616 11.54600434 27.40000616 0 P 0
L 11.29200434 26.89200616 11.80000434 27.14600616 0 P 0
L 11.29200434 27.90800616 11.54600434 27.40000616 0 P 0
L 11.29200434 27.90800616 11.80000434 27.65400616 0 P 0
L 11.29200434 29.29200644 11.54600434 29.80000644 0 P 0
L 11.29200434 29.29200644 11.80000434 29.54600644 0 P 0
L 11.29200434 30.30800644 11.54600434 29.80000644 0 P 0
L 11.29200434 30.30800644 11.80000434 30.05400644 0 P 0
L 11.29200434 41.29200784 11.54600434 41.80000784 0 P 0
L 11.29200434 41.29200784 11.80000434 41.54600784 0 P 0
L 11.29200434 42.30800784 11.54600434 41.80000784 0 P 0
L 11.29200434 42.30800784 11.80000434 42.05400784 0 P 0
L 11.29200434 43.69200812 11.54600434 44.20000812 0 P 0
L 11.29200434 43.69200812 11.80000434 43.94600812 0 P 0
L 11.29200434 44.70800812 11.54600434 44.20000812 0 P 0
L 11.29200434 44.70800812 11.80000434 44.45400812 0 P 0
L 11.29200434 46.0920084 11.54600434 46.6000084 0 P 0
L 11.29200434 46.0920084 11.80000434 46.3460084 0 P 0
L 11.29200434 47.1080084 11.54600434 46.6000084 0 P 0
L 11.29200434 47.1080084 11.80000434 46.8540084 0 P 0
L 11.29200434 58.0920098 11.54600434 58.6000098 0 P 0
L 11.29200434 58.0920098 11.80000434 58.3460098 0 P 0
L 11.29200434 59.1080098 11.54600434 58.6000098 0 P 0
L 11.29200434 59.1080098 11.80000434 58.8540098 0 P 0
L 11.29200434 60.49201008 11.54600434 61.00001008 0 P 0
L 11.29200434 60.49201008 11.80000434 60.74601008 0 P 0
L 11.29200434 61.50801008 11.54600434 61.00001008 0 P 0
L 11.29200434 61.50801008 11.80000434 61.25401008 0 P 0
L 11.352403 11.80000434 11.504803 11.49520434 0 P 0
L 11.352403 11.80000434 11.504803 12.10480434 0 P 0
L 11.352403 14.20000462 11.504803 13.89520462 0 P 0
L 11.352403 14.20000462 11.504803 14.50480462 0 P 0
L 11.352403 16.6000049 11.504803 16.2952049 0 P 0
L 11.352403 16.6000049 11.504803 16.9048049 0 P 0
L 11.352403 19.00000518 11.504803 18.69520518 0 P 0
L 11.352403 19.00000518 11.504803 19.30480518 0 P 0
L 11.352403 21.40000546 11.504803 21.09520546 0 P 0
L 11.352403 21.40000546 11.504803 21.70480546 0 P 0
L 11.352403 23.80000574 11.504803 23.49520574 0 P 0
L 11.352403 23.80000574 11.504803 24.10480574 0 P 0
L 11.352403 26.20000602 11.504803 25.89520602 0 P 0
L 11.352403 26.20000602 11.504803 26.50480602 0 P 0
L 11.352403 28.6000063 11.504803 28.2952063 0 P 0
L 11.352403 28.6000063 11.504803 28.9048063 0 P 0
L 11.352403 43.00000798 11.504803 42.69520798 0 P 0
L 11.352403 43.00000798 11.504803 43.30480798 0 P 0
L 11.36700038 8.52300048 11.87500038 7.50700048 0 P 0
L 11.36700038 8.52300048 12.38300038 8.52300048 0 P 0
L 11.454003 11.80000434 11.708003 11.29200434 0 P 0
L 11.454003 11.80000434 11.708003 12.30800434 0 P 0
L 11.454003 14.20000462 11.708003 13.69200462 0 P 0
L 11.454003 14.20000462 11.708003 14.70800462 0 P 0
L 11.454003 16.6000049 11.708003 16.0920049 0 P 0
L 11.454003 16.6000049 11.708003 17.1080049 0 P 0
L 11.454003 19.00000518 11.708003 18.49200518 0 P 0
L 11.454003 19.00000518 11.708003 19.50800518 0 P 0
L 11.454003 21.40000546 11.708003 20.89200546 0 P 0
L 11.454003 21.40000546 11.708003 21.90800546 0 P 0
L 11.454003 23.80000574 11.708003 23.29200574 0 P 0
L 11.454003 23.80000574 11.708003 24.30800574 0 P 0
L 11.454003 26.20000602 11.708003 25.69200602 0 P 0
L 11.454003 26.20000602 11.708003 26.70800602 0 P 0
L 11.454003 28.6000063 11.708003 28.0920063 0 P 0
L 11.454003 28.6000063 11.708003 29.1080063 0 P 0
L 11.454003 43.00000798 11.708003 42.49200798 0 P 0
L 11.454003 43.00000798 11.708003 43.50800798 0 P 0
L 11.49520434 10.2952042 11.64760434 10.6000042 0 P 0
L 11.49520434 10.2952042 11.80000434 10.4476042 0 P 0
L 11.49520434 10.9048042 11.64760434 10.6000042 0 P 0
L 11.49520434 10.9048042 11.80000434 10.7524042 0 P 0
L 11.49520434 12.69520448 11.64760434 13.00000448 0 P 0
L 11.49520434 12.69520448 11.80000434 12.84760448 0 P 0
L 11.49520434 13.30480448 11.64760434 13.00000448 0 P 0
L 11.49520434 13.30480448 11.80000434 13.15240448 0 P 0
L 11.49520434 15.09520476 11.64760434 15.40000476 0 P 0
L 11.49520434 15.09520476 11.80000434 15.24760476 0 P 0
L 11.49520434 15.70480476 11.64760434 15.40000476 0 P 0
L 11.49520434 15.70480476 11.80000434 15.55240476 0 P 0
L 11.49520434 17.49520504 11.64760434 17.80000504 0 P 0
L 11.49520434 17.49520504 11.80000434 17.64760504 0 P 0
L 11.49520434 18.10480504 11.64760434 17.80000504 0 P 0
L 11.49520434 18.10480504 11.80000434 17.95240504 0 P 0
L 11.49520434 19.89520532 11.64760434 20.20000532 0 P 0
L 11.49520434 19.89520532 11.80000434 20.04760532 0 P 0
L 11.49520434 20.50480532 11.64760434 20.20000532 0 P 0
L 11.49520434 20.50480532 11.80000434 20.35240532 0 P 0
L 11.49520434 22.2952056 11.64760434 22.6000056 0 P 0
L 11.49520434 22.2952056 11.80000434 22.4476056 0 P 0
L 11.49520434 22.9048056 11.64760434 22.6000056 0 P 0
L 11.49520434 22.9048056 11.80000434 22.7524056 0 P 0
L 11.49520434 24.69520588 11.64760434 25.00000588 0 P 0
L 11.49520434 24.69520588 11.80000434 24.84760588 0 P 0
L 11.49520434 25.30480588 11.64760434 25.00000588 0 P 0
L 11.49520434 25.30480588 11.80000434 25.15240588 0 P 0
L 11.49520434 27.09520616 11.64760434 27.40000616 0 P 0
L 11.49520434 27.09520616 11.80000434 27.24760616 0 P 0
L 11.49520434 27.70480616 11.64760434 27.40000616 0 P 0
L 11.49520434 27.70480616 11.80000434 27.55240616 0 P 0
L 11.49520434 29.49520644 11.64760434 29.80000644 0 P 0
L 11.49520434 29.49520644 11.80000434 29.64760644 0 P 0
L 11.49520434 30.10480644 11.64760434 29.80000644 0 P 0
L 11.49520434 30.10480644 11.80000434 29.95240644 0 P 0
L 11.49520434 41.49520784 11.64760434 41.80000784 0 P 0
L 11.49520434 41.49520784 11.80000434 41.64760784 0 P 0
L 11.49520434 42.10480784 11.64760434 41.80000784 0 P 0
L 11.49520434 42.10480784 11.80000434 41.95240784 0 P 0
L 11.49520434 43.89520812 11.64760434 44.20000812 0 P 0
L 11.49520434 43.89520812 11.80000434 44.04760812 0 P 0
L 11.49520434 44.50480812 11.64760434 44.20000812 0 P 0
L 11.49520434 44.50480812 11.80000434 44.35240812 0 P 0
L 11.49520434 46.2952084 11.64760434 46.6000084 0 P 0
L 11.49520434 46.2952084 11.80000434 46.4476084 0 P 0
L 11.49520434 46.9048084 11.64760434 46.6000084 0 P 0
L 11.49520434 46.9048084 11.80000434 46.7524084 0 P 0
L 11.49520434 58.2952098 11.64760434 58.6000098 0 P 0
L 11.49520434 58.2952098 11.80000434 58.4476098 0 P 0
L 11.49520434 58.9048098 11.64760434 58.6000098 0 P 0
L 11.49520434 58.9048098 11.80000434 58.7524098 0 P 0
L 11.49520434 60.69521008 11.64760434 61.00001008 0 P 0
L 11.49520434 60.69521008 11.80000434 60.84761008 0 P 0
L 11.49520434 61.30481008 11.64760434 61.00001008 0 P 0
L 11.49520434 61.30481008 11.80000434 61.15241008 0 P 0
L 11.57020038 8.31980048 11.87500038 7.71020048 0 P 0
L 11.57020038 8.31980048 12.17980038 8.31980048 0 P 0
L 11.80000434 10.3460042 12.30800434 10.0920042 0 P 0
L 11.80000434 10.4476042 12.10480434 10.2952042 0 P 0
L 11.80000434 10.7524042 12.10480434 10.9048042 0 P 0
L 11.80000434 10.8540042 12.30800434 11.1080042 0 P 0
L 11.80000434 12.74600448 12.30800434 12.49200448 0 P 0
L 11.80000434 12.84760448 12.10480434 12.69520448 0 P 0
L 11.80000434 13.15240448 12.10480434 13.30480448 0 P 0
L 11.80000434 13.25400448 12.30800434 13.50800448 0 P 0
L 11.80000434 15.14600476 12.30800434 14.89200476 0 P 0
L 11.80000434 15.24760476 12.10480434 15.09520476 0 P 0
L 11.80000434 15.55240476 12.10480434 15.70480476 0 P 0
L 11.80000434 15.65400476 12.30800434 15.90800476 0 P 0
L 11.80000434 17.54600504 12.30800434 17.29200504 0 P 0
L 11.80000434 17.64760504 12.10480434 17.49520504 0 P 0
L 11.80000434 17.95240504 12.10480434 18.10480504 0 P 0
L 11.80000434 18.05400504 12.30800434 18.30800504 0 P 0
L 11.80000434 19.94600532 12.30800434 19.69200532 0 P 0
L 11.80000434 20.04760532 12.10480434 19.89520532 0 P 0
L 11.80000434 20.35240532 12.10480434 20.50480532 0 P 0
L 11.80000434 20.45400532 12.30800434 20.70800532 0 P 0
L 11.80000434 22.3460056 12.30800434 22.0920056 0 P 0
L 11.80000434 22.4476056 12.10480434 22.2952056 0 P 0
L 11.80000434 22.7524056 12.10480434 22.9048056 0 P 0
L 11.80000434 22.8540056 12.30800434 23.1080056 0 P 0
L 11.80000434 24.74600588 12.30800434 24.49200588 0 P 0
L 11.80000434 24.84760588 12.10480434 24.69520588 0 P 0
L 11.80000434 25.15240588 12.10480434 25.30480588 0 P 0
L 11.80000434 25.25400588 12.30800434 25.50800588 0 P 0
L 11.80000434 27.14600616 12.30800434 26.89200616 0 P 0
L 11.80000434 27.24760616 12.10480434 27.09520616 0 P 0
L 11.80000434 27.55240616 12.10480434 27.70480616 0 P 0
L 11.80000434 27.65400616 12.30800434 27.90800616 0 P 0
L 11.80000434 29.54600644 12.30800434 29.29200644 0 P 0
L 11.80000434 29.64760644 12.10480434 29.49520644 0 P 0
L 11.80000434 29.95240644 12.10480434 30.10480644 0 P 0
L 11.80000434 30.05400644 12.30800434 30.30800644 0 P 0
L 11.80000434 41.54600784 12.30800434 41.29200784 0 P 0
L 11.80000434 41.64760784 12.10480434 41.49520784 0 P 0
L 11.80000434 41.95240784 12.10480434 42.10480784 0 P 0
L 11.80000434 42.05400784 12.30800434 42.30800784 0 P 0
L 11.80000434 43.94600812 12.30800434 43.69200812 0 P 0
L 11.80000434 44.04760812 12.10480434 43.89520812 0 P 0
L 11.80000434 44.35240812 12.10480434 44.50480812 0 P 0
L 11.80000434 44.45400812 12.30800434 44.70800812 0 P 0
L 11.80000434 46.3460084 12.30800434 46.0920084 0 P 0
L 11.80000434 46.4476084 12.10480434 46.2952084 0 P 0
L 11.80000434 46.7524084 12.10480434 46.9048084 0 P 0
L 11.80000434 46.8540084 12.30800434 47.1080084 0 P 0
L 11.80000434 58.3460098 12.30800434 58.0920098 0 P 0
L 11.80000434 58.4476098 12.10480434 58.2952098 0 P 0
L 11.80000434 58.7524098 12.10480434 58.9048098 0 P 0
L 11.80000434 58.8540098 12.30800434 59.1080098 0 P 0
L 11.80000434 60.74601008 12.30800434 60.49201008 0 P 0
L 11.80000434 60.84761008 12.10480434 60.69521008 0 P 0
L 11.80000434 61.15241008 12.10480434 61.30481008 0 P 0
L 11.80000434 61.25401008 12.30800434 61.50801008 0 P 0
L 11.87500038 7.50700048 12.38300038 8.52300048 0 P 0
L 11.87500038 7.71020048 12.17980038 8.31980048 0 P 0
L 11.89200314 11.29200434 12.14600314 11.80000434 0 P 0
L 11.89200314 11.29200434 12.40000314 11.54600434 0 P 0
L 11.89200314 12.30800434 12.14600314 11.80000434 0 P 0
L 11.89200314 12.30800434 12.40000314 12.05400434 0 P 0
L 11.89200314 16.0920049 12.14600314 16.6000049 0 P 0
L 11.89200314 16.0920049 12.40000314 16.3460049 0 P 0
L 11.89200314 17.1080049 12.14600314 16.6000049 0 P 0
L 11.89200314 17.1080049 12.40000314 16.8540049 0 P 0
L 11.89200314 18.49200518 12.14600314 19.00000518 0 P 0
L 11.89200314 18.49200518 12.40000314 18.74600518 0 P 0
L 11.89200314 19.50800518 12.14600314 19.00000518 0 P 0
L 11.89200314 19.50800518 12.40000314 19.25400518 0 P 0
L 11.89200314 52.0920091 12.14600314 52.6000091 0 P 0
L 11.89200314 52.0920091 12.40000314 52.3460091 0 P 0
L 11.89200314 53.1080091 12.14600314 52.6000091 0 P 0
L 11.89200314 53.1080091 12.40000314 52.8540091 0 P 0
L 11.89200314 54.49200938 12.14600314 55.00000938 0 P 0
L 11.89200314 54.49200938 12.40000314 54.74600938 0 P 0
L 11.89200314 55.50800938 12.14600314 55.00000938 0 P 0
L 11.89200314 55.50800938 12.40000314 55.25400938 0 P 0
L 11.89200314 59.29200994 12.14600314 59.80000994 0 P 0
L 11.89200314 59.29200994 12.40000314 59.54600994 0 P 0
L 11.89200314 60.30800994 12.14600314 59.80000994 0 P 0
L 11.89200314 60.30800994 12.40000314 60.05400994 0 P 0
L 11.95240434 10.6000042 12.10480434 10.2952042 0 P 0
L 11.95240434 10.6000042 12.10480434 10.9048042 0 P 0
L 11.95240434 13.00000448 12.10480434 12.69520448 0 P 0
L 11.95240434 13.00000448 12.10480434 13.30480448 0 P 0
L 11.95240434 15.40000476 12.10480434 15.09520476 0 P 0
L 11.95240434 15.40000476 12.10480434 15.70480476 0 P 0
L 11.95240434 17.80000504 12.10480434 17.49520504 0 P 0
L 11.95240434 17.80000504 12.10480434 18.10480504 0 P 0
L 11.95240434 20.20000532 12.10480434 19.89520532 0 P 0
L 11.95240434 20.20000532 12.10480434 20.50480532 0 P 0
L 11.95240434 22.6000056 12.10480434 22.2952056 0 P 0
L 11.95240434 22.6000056 12.10480434 22.9048056 0 P 0
L 11.95240434 25.00000588 12.10480434 24.69520588 0 P 0
L 11.95240434 25.00000588 12.10480434 25.30480588 0 P 0
L 11.95240434 27.40000616 12.10480434 27.09520616 0 P 0
L 11.95240434 27.40000616 12.10480434 27.70480616 0 P 0
L 11.95240434 29.80000644 12.10480434 29.49520644 0 P 0
L 11.95240434 29.80000644 12.10480434 30.10480644 0 P 0
L 11.95240434 41.80000784 12.10480434 41.49520784 0 P 0
L 11.95240434 41.80000784 12.10480434 42.10480784 0 P 0
L 11.95240434 44.20000812 12.10480434 43.89520812 0 P 0
L 11.95240434 44.20000812 12.10480434 44.50480812 0 P 0
L 11.95240434 46.6000084 12.10480434 46.2952084 0 P 0
L 11.95240434 46.6000084 12.10480434 46.9048084 0 P 0
L 11.95240434 58.6000098 12.10480434 58.2952098 0 P 0
L 11.95240434 58.6000098 12.10480434 58.9048098 0 P 0
L 11.95240434 61.00001008 12.10480434 60.69521008 0 P 0
L 11.95240434 61.00001008 12.10480434 61.30481008 0 P 0
L 12.05400434 10.6000042 12.30800434 10.0920042 0 P 0
L 12.05400434 10.6000042 12.30800434 11.1080042 0 P 0
L 12.05400434 13.00000448 12.30800434 12.49200448 0 P 0
L 12.05400434 13.00000448 12.30800434 13.50800448 0 P 0
L 12.05400434 15.40000476 12.30800434 14.89200476 0 P 0
L 12.05400434 15.40000476 12.30800434 15.90800476 0 P 0
L 12.05400434 17.80000504 12.30800434 17.29200504 0 P 0
L 12.05400434 17.80000504 12.30800434 18.30800504 0 P 0
L 12.05400434 20.20000532 12.30800434 19.69200532 0 P 0
L 12.05400434 20.20000532 12.30800434 20.70800532 0 P 0
L 12.05400434 22.6000056 12.30800434 22.0920056 0 P 0
L 12.05400434 22.6000056 12.30800434 23.1080056 0 P 0
L 12.05400434 25.00000588 12.30800434 24.49200588 0 P 0
L 12.05400434 25.00000588 12.30800434 25.50800588 0 P 0
L 12.05400434 27.40000616 12.30800434 26.89200616 0 P 0
L 12.05400434 27.40000616 12.30800434 27.90800616 0 P 0
L 12.05400434 29.80000644 12.30800434 29.29200644 0 P 0
L 12.05400434 29.80000644 12.30800434 30.30800644 0 P 0
L 12.05400434 41.80000784 12.30800434 41.29200784 0 P 0
L 12.05400434 41.80000784 12.30800434 42.30800784 0 P 0
L 12.05400434 44.20000812 12.30800434 43.69200812 0 P 0
L 12.05400434 44.20000812 12.30800434 44.70800812 0 P 0
L 12.05400434 46.6000084 12.30800434 46.0920084 0 P 0
L 12.05400434 46.6000084 12.30800434 47.1080084 0 P 0
L 12.05400434 58.6000098 12.30800434 58.0920098 0 P 0
L 12.05400434 58.6000098 12.30800434 59.1080098 0 P 0
L 12.05400434 61.00001008 12.30800434 60.49201008 0 P 0
L 12.05400434 61.00001008 12.30800434 61.50801008 0 P 0
L 12.09520314 11.49520434 12.24760314 11.80000434 0 P 0
L 12.09520314 11.49520434 12.40000314 11.64760434 0 P 0
L 12.09520314 12.10480434 12.24760314 11.80000434 0 P 0
L 12.09520314 12.10480434 12.40000314 11.95240434 0 P 0
L 12.09520314 16.2952049 12.24760314 16.6000049 0 P 0
L 12.09520314 16.2952049 12.40000314 16.4476049 0 P 0
L 12.09520314 16.9048049 12.24760314 16.6000049 0 P 0
L 12.09520314 16.9048049 12.40000314 16.7524049 0 P 0
L 12.09520314 18.69520518 12.24760314 19.00000518 0 P 0
L 12.09520314 18.69520518 12.40000314 18.84760518 0 P 0
L 12.09520314 19.30480518 12.24760314 19.00000518 0 P 0
L 12.09520314 19.30480518 12.40000314 19.15240518 0 P 0
L 12.09520314 52.2952091 12.24760314 52.6000091 0 P 0
L 12.09520314 52.2952091 12.40000314 52.4476091 0 P 0
L 12.09520314 52.9048091 12.24760314 52.6000091 0 P 0
L 12.09520314 52.9048091 12.40000314 52.7524091 0 P 0
L 12.09520314 54.69520938 12.24760314 55.00000938 0 P 0
L 12.09520314 54.69520938 12.40000314 54.84760938 0 P 0
L 12.09520314 55.30480938 12.24760314 55.00000938 0 P 0
L 12.09520314 55.30480938 12.40000314 55.15240938 0 P 0
L 12.09520314 59.49520994 12.24760314 59.80000994 0 P 0
L 12.09520314 59.49520994 12.40000314 59.64760994 0 P 0
L 12.09520314 60.10480994 12.24760314 59.80000994 0 P 0
L 12.09520314 60.10480994 12.40000314 59.95240994 0 P 0
L 12.40000314 11.54600434 12.90800314 11.29200434 0 P 0
L 12.40000314 11.64760434 12.70480314 11.49520434 0 P 0
L 12.40000314 11.95240434 12.70480314 12.10480434 0 P 0
L 12.40000314 12.05400434 12.90800314 12.30800434 0 P 0
L 12.40000314 16.3460049 12.90800314 16.0920049 0 P 0
L 12.40000314 16.4476049 12.70480314 16.2952049 0 P 0
L 12.40000314 16.7524049 12.70480314 16.9048049 0 P 0
L 12.40000314 16.8540049 12.90800314 17.1080049 0 P 0
L 12.40000314 18.74600518 12.90800314 18.49200518 0 P 0
L 12.40000314 18.84760518 12.70480314 18.69520518 0 P 0
L 12.40000314 19.15240518 12.70480314 19.30480518 0 P 0
L 12.40000314 19.25400518 12.90800314 19.50800518 0 P 0
L 12.40000314 52.3460091 12.90800314 52.0920091 0 P 0
L 12.40000314 52.4476091 12.70480314 52.2952091 0 P 0
L 12.40000314 52.7524091 12.70480314 52.9048091 0 P 0
L 12.40000314 52.8540091 12.90800314 53.1080091 0 P 0
L 12.40000314 54.74600938 12.90800314 54.49200938 0 P 0
L 12.40000314 54.84760938 12.70480314 54.69520938 0 P 0
L 12.40000314 55.15240938 12.70480314 55.30480938 0 P 0
L 12.40000314 55.25400938 12.90800314 55.50800938 0 P 0
L 12.40000314 59.54600994 12.90800314 59.29200994 0 P 0
L 12.40000314 59.64760994 12.70480314 59.49520994 0 P 0
L 12.40000314 59.95240994 12.70480314 60.10480994 0 P 0
L 12.40000314 60.05400994 12.90800314 60.30800994 0 P 0
L 12.49200448 10.0920042 12.74600448 10.6000042 0 P 0
L 12.49200448 10.0920042 13.00000448 10.3460042 0 P 0
L 12.49200448 11.1080042 12.74600448 10.6000042 0 P 0
L 12.49200448 11.1080042 13.00000448 10.8540042 0 P 0
L 12.49200448 14.89200476 12.74600448 15.40000476 0 P 0
L 12.49200448 14.89200476 13.00000448 15.14600476 0 P 0
L 12.49200448 15.90800476 12.74600448 15.40000476 0 P 0
L 12.49200448 15.90800476 13.00000448 15.65400476 0 P 0
L 12.49200448 17.29200504 12.74600448 17.80000504 0 P 0
L 12.49200448 17.29200504 13.00000448 17.54600504 0 P 0
L 12.49200448 18.30800504 12.74600448 17.80000504 0 P 0
L 12.49200448 18.30800504 13.00000448 18.05400504 0 P 0
L 12.49200448 50.89200896 12.74600448 51.40000896 0 P 0
L 12.49200448 50.89200896 13.00000448 51.14600896 0 P 0
L 12.49200448 51.90800896 12.74600448 51.40000896 0 P 0
L 12.49200448 51.90800896 13.00000448 51.65400896 0 P 0
L 12.49200448 53.29200924 12.74600448 53.80000924 0 P 0
L 12.49200448 53.29200924 13.00000448 53.54600924 0 P 0
L 12.49200448 54.30800924 12.74600448 53.80000924 0 P 0
L 12.49200448 54.30800924 13.00000448 54.05400924 0 P 0
L 12.49200448 55.69200952 12.74600448 56.20000952 0 P 0
L 12.49200448 55.69200952 13.00000448 55.94600952 0 P 0
L 12.49200448 56.70800952 12.74600448 56.20000952 0 P 0
L 12.49200448 56.70800952 13.00000448 56.45400952 0 P 0
L 12.49200448 58.0920098 12.74600448 58.6000098 0 P 0
L 12.49200448 58.0920098 13.00000448 58.3460098 0 P 0
L 12.49200448 59.1080098 12.74600448 58.6000098 0 P 0
L 12.49200448 59.1080098 13.00000448 58.8540098 0 P 0
L 12.49200448 60.49201008 12.74600448 61.00001008 0 P 0
L 12.49200448 60.49201008 13.00000448 60.74601008 0 P 0
L 12.49200448 61.50801008 12.74600448 61.00001008 0 P 0
L 12.49200448 61.50801008 13.00000448 61.25401008 0 P 0
L 12.55240314 11.80000434 12.70480314 11.49520434 0 P 0
L 12.55240314 11.80000434 12.70480314 12.10480434 0 P 0
L 12.55240314 16.6000049 12.70480314 16.2952049 0 P 0
L 12.55240314 16.6000049 12.70480314 16.9048049 0 P 0
L 12.55240314 19.00000518 12.70480314 18.69520518 0 P 0
L 12.55240314 19.00000518 12.70480314 19.30480518 0 P 0
L 12.55240314 52.6000091 12.70480314 52.2952091 0 P 0
L 12.55240314 52.6000091 12.70480314 52.9048091 0 P 0
L 12.55240314 55.00000938 12.70480314 54.69520938 0 P 0
L 12.55240314 55.00000938 12.70480314 55.30480938 0 P 0
L 12.55240314 59.80000994 12.70480314 59.49520994 0 P 0
L 12.55240314 59.80000994 12.70480314 60.10480994 0 P 0
L 12.63200166 13.21699922 12.63200166 14.23299922 0 P 0
L 12.63200166 13.21699922 13.64800166 13.21699922 0 P 0
L 12.63200166 14.23299922 13.64800166 14.23299922 0 P 0
L 12.65400314 11.80000434 12.90800314 11.29200434 0 P 0
L 12.65400314 11.80000434 12.90800314 12.30800434 0 P 0
L 12.65400314 16.6000049 12.90800314 16.0920049 0 P 0
L 12.65400314 16.6000049 12.90800314 17.1080049 0 P 0
L 12.65400314 19.00000518 12.90800314 18.49200518 0 P 0
L 12.65400314 19.00000518 12.90800314 19.50800518 0 P 0
L 12.65400314 52.6000091 12.90800314 52.0920091 0 P 0
L 12.65400314 52.6000091 12.90800314 53.1080091 0 P 0
L 12.65400314 55.00000938 12.90800314 54.49200938 0 P 0
L 12.65400314 55.00000938 12.90800314 55.50800938 0 P 0
L 12.65400314 59.80000994 12.90800314 59.29200994 0 P 0
L 12.65400314 59.80000994 12.90800314 60.30800994 0 P 0
L 12.69520448 10.2952042 12.84760448 10.6000042 0 P 0
L 12.69520448 10.2952042 13.00000448 10.4476042 0 P 0
L 12.69520448 10.9048042 12.84760448 10.6000042 0 P 0
L 12.69520448 10.9048042 13.00000448 10.7524042 0 P 0
L 12.69520448 15.09520476 12.84760448 15.40000476 0 P 0
L 12.69520448 15.09520476 13.00000448 15.24760476 0 P 0
L 12.69520448 15.70480476 12.84760448 15.40000476 0 P 0
L 12.69520448 15.70480476 13.00000448 15.55240476 0 P 0
L 12.69520448 17.49520504 12.84760448 17.80000504 0 P 0
L 12.69520448 17.49520504 13.00000448 17.64760504 0 P 0
L 12.69520448 18.10480504 12.84760448 17.80000504 0 P 0
L 12.69520448 18.10480504 13.00000448 17.95240504 0 P 0
L 12.69520448 51.09520896 12.84760448 51.40000896 0 P 0
L 12.69520448 51.09520896 13.00000448 51.24760896 0 P 0
L 12.69520448 51.70480896 12.84760448 51.40000896 0 P 0
L 12.69520448 51.70480896 13.00000448 51.55240896 0 P 0
L 12.69520448 53.49520924 12.84760448 53.80000924 0 P 0
L 12.69520448 53.49520924 13.00000448 53.64760924 0 P 0
L 12.69520448 54.10480924 12.84760448 53.80000924 0 P 0
L 12.69520448 54.10480924 13.00000448 53.95240924 0 P 0
L 12.69520448 55.89520952 12.84760448 56.20000952 0 P 0
L 12.69520448 55.89520952 13.00000448 56.04760952 0 P 0
L 12.69520448 56.50480952 12.84760448 56.20000952 0 P 0
L 12.69520448 56.50480952 13.00000448 56.35240952 0 P 0
L 12.69520448 58.2952098 12.84760448 58.6000098 0 P 0
L 12.69520448 58.2952098 13.00000448 58.4476098 0 P 0
L 12.69520448 58.9048098 12.84760448 58.6000098 0 P 0
L 12.69520448 58.9048098 13.00000448 58.7524098 0 P 0
L 12.69520448 60.69521008 12.84760448 61.00001008 0 P 0
L 12.69520448 60.69521008 13.00000448 60.84761008 0 P 0
L 12.69520448 61.30481008 12.84760448 61.00001008 0 P 0
L 12.69520448 61.30481008 13.00000448 61.15241008 0 P 0
L 12.83520166 13.42019922 12.83520166 14.02979922 0 P 0
L 12.83520166 13.42019922 13.44480166 13.42019922 0 P 0
L 12.83520166 14.02979922 13.44480166 14.02979922 0 P 0
L 13.00000448 10.3460042 13.50800448 10.0920042 0 P 0
L 13.00000448 10.4476042 13.30480448 10.2952042 0 P 0
L 13.00000448 10.7524042 13.30480448 10.9048042 0 P 0
L 13.00000448 10.8540042 13.50800448 11.1080042 0 P 0
L 13.00000448 15.14600476 13.50800448 14.89200476 0 P 0
L 13.00000448 15.24760476 13.30480448 15.09520476 0 P 0
L 13.00000448 15.55240476 13.30480448 15.70480476 0 P 0
L 13.00000448 15.65400476 13.50800448 15.90800476 0 P 0
L 13.00000448 17.54600504 13.50800448 17.29200504 0 P 0
L 13.00000448 17.64760504 13.30480448 17.49520504 0 P 0
L 13.00000448 17.95240504 13.30480448 18.10480504 0 P 0
L 13.00000448 18.05400504 13.50800448 18.30800504 0 P 0
L 13.00000448 51.14600896 13.50800448 50.89200896 0 P 0
L 13.00000448 51.24760896 13.30480448 51.09520896 0 P 0
L 13.00000448 51.55240896 13.30480448 51.70480896 0 P 0
L 13.00000448 51.65400896 13.50800448 51.90800896 0 P 0
L 13.00000448 53.54600924 13.50800448 53.29200924 0 P 0
L 13.00000448 53.64760924 13.30480448 53.49520924 0 P 0
L 13.00000448 53.95240924 13.30480448 54.10480924 0 P 0
L 13.00000448 54.05400924 13.50800448 54.30800924 0 P 0
L 13.00000448 55.94600952 13.50800448 55.69200952 0 P 0
L 13.00000448 56.04760952 13.30480448 55.89520952 0 P 0
L 13.00000448 56.35240952 13.30480448 56.50480952 0 P 0
L 13.00000448 56.45400952 13.50800448 56.70800952 0 P 0
L 13.00000448 58.3460098 13.50800448 58.0920098 0 P 0
L 13.00000448 58.4476098 13.30480448 58.2952098 0 P 0
L 13.00000448 58.7524098 13.30480448 58.9048098 0 P 0
L 13.00000448 58.8540098 13.50800448 59.1080098 0 P 0
L 13.00000448 60.74601008 13.50800448 60.49201008 0 P 0
L 13.00000448 60.84761008 13.30480448 60.69521008 0 P 0
L 13.00000448 61.15241008 13.30480448 61.30481008 0 P 0
L 13.00000448 61.25401008 13.50800448 61.50801008 0 P 0
L 13.09200328 8.89200406 13.34600328 9.40000406 0 P 0
L 13.09200328 8.89200406 13.60000328 9.14600406 0 P 0
L 13.09200328 9.90800406 13.34600328 9.40000406 0 P 0
L 13.09200328 9.90800406 13.60000328 9.65400406 0 P 0
L 13.09200328 11.29200434 13.34600328 11.80000434 0 P 0
L 13.09200328 11.29200434 13.60000328 11.54600434 0 P 0
L 13.09200328 12.30800434 13.34600328 11.80000434 0 P 0
L 13.09200328 12.30800434 13.60000328 12.05400434 0 P 0
L 13.09200328 16.0920049 13.34600328 16.6000049 0 P 0
L 13.09200328 16.0920049 13.60000328 16.3460049 0 P 0
L 13.09200328 17.1080049 13.34600328 16.6000049 0 P 0
L 13.09200328 17.1080049 13.60000328 16.8540049 0 P 0
L 13.09200328 18.49200518 13.34600328 19.00000518 0 P 0
L 13.09200328 18.49200518 13.60000328 18.74600518 0 P 0
L 13.09200328 19.50800518 13.34600328 19.00000518 0 P 0
L 13.09200328 19.50800518 13.60000328 19.25400518 0 P 0
L 13.09200328 52.0920091 13.34600328 52.6000091 0 P 0
L 13.09200328 52.0920091 13.60000328 52.3460091 0 P 0
L 13.09200328 53.1080091 13.34600328 52.6000091 0 P 0
L 13.09200328 53.1080091 13.60000328 52.8540091 0 P 0
L 13.09200328 54.49200938 13.34600328 55.00000938 0 P 0
L 13.09200328 54.49200938 13.60000328 54.74600938 0 P 0
L 13.09200328 55.50800938 13.34600328 55.00000938 0 P 0
L 13.09200328 55.50800938 13.60000328 55.25400938 0 P 0
L 13.09200328 56.89200966 13.34600328 57.40000966 0 P 0
L 13.09200328 56.89200966 13.60000328 57.14600966 0 P 0
L 13.09200328 57.90800966 13.34600328 57.40000966 0 P 0
L 13.09200328 57.90800966 13.60000328 57.65400966 0 P 0
L 13.09200328 59.29200994 13.34600328 59.80000994 0 P 0
L 13.09200328 59.29200994 13.60000328 59.54600994 0 P 0
L 13.09200328 60.30800994 13.34600328 59.80000994 0 P 0
L 13.09200328 60.30800994 13.60000328 60.05400994 0 P 0
L 13.15240448 10.6000042 13.30480448 10.2952042 0 P 0
L 13.15240448 10.6000042 13.30480448 10.9048042 0 P 0
L 13.15240448 15.40000476 13.30480448 15.09520476 0 P 0
L 13.15240448 15.40000476 13.30480448 15.70480476 0 P 0
L 13.15240448 17.80000504 13.30480448 17.49520504 0 P 0
L 13.15240448 17.80000504 13.30480448 18.10480504 0 P 0
L 13.15240448 51.40000896 13.30480448 51.09520896 0 P 0
L 13.15240448 51.40000896 13.30480448 51.70480896 0 P 0
L 13.15240448 53.80000924 13.30480448 53.49520924 0 P 0
L 13.15240448 53.80000924 13.30480448 54.10480924 0 P 0
L 13.15240448 56.20000952 13.30480448 55.89520952 0 P 0
L 13.15240448 56.20000952 13.30480448 56.50480952 0 P 0
L 13.15240448 58.6000098 13.30480448 58.2952098 0 P 0
L 13.15240448 58.6000098 13.30480448 58.9048098 0 P 0
L 13.15240448 61.00001008 13.30480448 60.69521008 0 P 0
L 13.15240448 61.00001008 13.30480448 61.30481008 0 P 0
L 13.19200054 32.1189985 13.19200054 32.3729985 0 P 0
L 13.19200054 32.1189985 13.44600054 32.1189985 0 P 0
L 13.19200054 32.3729985 13.44600054 32.6269985 0 P 0
L 13.19200054 32.8809985 13.19200054 33.1349985 0 P 0
L 13.19200054 32.8809985 13.44600054 32.6269985 0 P 0
L 13.19200054 33.1349985 13.44600054 33.1349985 0 P 0
L 13.25400448 10.6000042 13.50800448 10.0920042 0 P 0
L 13.25400448 10.6000042 13.50800448 11.1080042 0 P 0
L 13.25400448 15.40000476 13.50800448 14.89200476 0 P 0
L 13.25400448 15.40000476 13.50800448 15.90800476 0 P 0
L 13.25400448 17.80000504 13.50800448 17.29200504 0 P 0
L 13.25400448 17.80000504 13.50800448 18.30800504 0 P 0
L 13.25400448 51.40000896 13.50800448 50.89200896 0 P 0
L 13.25400448 51.40000896 13.50800448 51.90800896 0 P 0
L 13.25400448 53.80000924 13.50800448 53.29200924 0 P 0
L 13.25400448 53.80000924 13.50800448 54.30800924 0 P 0
L 13.25400448 56.20000952 13.50800448 55.69200952 0 P 0
L 13.25400448 56.20000952 13.50800448 56.70800952 0 P 0
L 13.25400448 58.6000098 13.50800448 58.0920098 0 P 0
L 13.25400448 58.6000098 13.50800448 59.1080098 0 P 0
L 13.25400448 61.00001008 13.50800448 60.49201008 0 P 0
L 13.25400448 61.00001008 13.50800448 61.50801008 0 P 0
L 13.29520328 9.09520406 13.44760328 9.40000406 0 P 0
L 13.29520328 9.09520406 13.60000328 9.24760406 0 P 0
L 13.29520328 9.70480406 13.44760328 9.40000406 0 P 0
L 13.29520328 9.70480406 13.60000328 9.55240406 0 P 0
L 13.29520328 11.49520434 13.44760328 11.80000434 0 P 0
L 13.29520328 11.49520434 13.60000328 11.64760434 0 P 0
L 13.29520328 12.10480434 13.44760328 11.80000434 0 P 0
L 13.29520328 12.10480434 13.60000328 11.95240434 0 P 0
L 13.29520328 16.2952049 13.44760328 16.6000049 0 P 0
L 13.29520328 16.2952049 13.60000328 16.4476049 0 P 0
L 13.29520328 16.9048049 13.44760328 16.6000049 0 P 0
L 13.29520328 16.9048049 13.60000328 16.7524049 0 P 0
L 13.29520328 18.69520518 13.44760328 19.00000518 0 P 0
L 13.29520328 18.69520518 13.60000328 18.84760518 0 P 0
L 13.29520328 19.30480518 13.44760328 19.00000518 0 P 0
L 13.29520328 19.30480518 13.60000328 19.15240518 0 P 0
L 13.29520328 52.2952091 13.44760328 52.6000091 0 P 0
L 13.29520328 52.2952091 13.60000328 52.4476091 0 P 0
L 13.29520328 52.9048091 13.44760328 52.6000091 0 P 0
L 13.29520328 52.9048091 13.60000328 52.7524091 0 P 0
L 13.29520328 54.69520938 13.44760328 55.00000938 0 P 0
L 13.29520328 54.69520938 13.60000328 54.84760938 0 P 0
L 13.29520328 55.30480938 13.44760328 55.00000938 0 P 0
L 13.29520328 55.30480938 13.60000328 55.15240938 0 P 0
L 13.29520328 57.09520966 13.44760328 57.40000966 0 P 0
L 13.29520328 57.09520966 13.60000328 57.24760966 0 P 0
L 13.29520328 57.70480966 13.44760328 57.40000966 0 P 0
L 13.29520328 57.70480966 13.60000328 57.55240966 0 P 0
L 13.29520328 59.49520994 13.44760328 59.80000994 0 P 0
L 13.29520328 59.49520994 13.60000328 59.64760994 0 P 0
L 13.29520328 60.10480994 13.44760328 59.80000994 0 P 0
L 13.29520328 60.10480994 13.60000328 59.95240994 0 P 0
L 13.39520054 32.3221985 13.39520054 32.4745985 0 P 0
L 13.39520054 32.3221985 13.54760054 32.3221985 0 P 0
L 13.39520054 32.4745985 13.54760054 32.6269985 0 P 0
L 13.39520054 32.7793985 13.39520054 32.9317985 0 P 0
L 13.39520054 32.7793985 13.54760054 32.6269985 0 P 0
L 13.39520054 32.9317985 13.54760054 32.9317985 0 P 0
L 13.44480166 13.42019922 13.44480166 14.02979922 0 P 0
L 13.44600054 32.1189985 13.70000054 32.3729985 0 P 0
L 13.44600054 33.1349985 13.70000054 32.8809985 0 P 0
L 13.54760054 32.3221985 13.70000054 32.4745985 0 P 0
L 13.54760054 32.9317985 13.70000054 32.7793985 0 P 0
L 13.60000328 9.14600406 14.10800328 8.89200406 0 P 0
L 13.60000328 9.24760406 13.90480328 9.09520406 0 P 0
L 13.60000328 9.55240406 13.90480328 9.70480406 0 P 0
L 13.60000328 9.65400406 14.10800328 9.90800406 0 P 0
L 13.60000328 11.54600434 14.10800328 11.29200434 0 P 0
L 13.60000328 11.64760434 13.90480328 11.49520434 0 P 0
L 13.60000328 11.95240434 13.90480328 12.10480434 0 P 0
L 13.60000328 12.05400434 14.10800328 12.30800434 0 P 0
L 13.60000328 16.3460049 14.10800328 16.0920049 0 P 0
L 13.60000328 16.4476049 13.90480328 16.2952049 0 P 0
L 13.60000328 16.7524049 13.90480328 16.9048049 0 P 0
L 13.60000328 16.8540049 14.10800328 17.1080049 0 P 0
L 13.60000328 18.74600518 14.10800328 18.49200518 0 P 0
L 13.60000328 18.84760518 13.90480328 18.69520518 0 P 0
L 13.60000328 19.15240518 13.90480328 19.30480518 0 P 0
L 13.60000328 19.25400518 14.10800328 19.50800518 0 P 0
L 13.60000328 52.3460091 14.10800328 52.0920091 0 P 0
L 13.60000328 52.4476091 13.90480328 52.2952091 0 P 0
L 13.60000328 52.7524091 13.90480328 52.9048091 0 P 0
L 13.60000328 52.8540091 14.10800328 53.1080091 0 P 0
L 13.60000328 54.74600938 14.10800328 54.49200938 0 P 0
L 13.60000328 54.84760938 13.90480328 54.69520938 0 P 0
L 13.60000328 55.15240938 13.90480328 55.30480938 0 P 0
L 13.60000328 55.25400938 14.10800328 55.50800938 0 P 0
L 13.60000328 57.14600966 14.10800328 56.89200966 0 P 0
L 13.60000328 57.24760966 13.90480328 57.09520966 0 P 0
L 13.60000328 57.55240966 13.90480328 57.70480966 0 P 0
L 13.60000328 57.65400966 14.10800328 57.90800966 0 P 0
L 13.60000328 59.54600994 14.10800328 59.29200994 0 P 0
L 13.60000328 59.64760994 13.90480328 59.49520994 0 P 0
L 13.60000328 59.95240994 13.90480328 60.10480994 0 P 0
L 13.60000328 60.05400994 14.10800328 60.30800994 0 P 0
L 13.64800166 13.21699922 13.64800166 14.23299922 0 P 0
L 13.69200462 7.69200392 13.94600462 8.20000392 0 P 0
L 13.69200462 7.69200392 14.20000462 7.94600392 0 P 0
L 13.69200462 8.70800392 13.94600462 8.20000392 0 P 0
L 13.69200462 8.70800392 14.20000462 8.45400392 0 P 0
L 13.69200462 10.0920042 13.94600462 10.6000042 0 P 0
L 13.69200462 10.0920042 14.20000462 10.3460042 0 P 0
L 13.69200462 11.1080042 13.94600462 10.6000042 0 P 0
L 13.69200462 11.1080042 14.20000462 10.8540042 0 P 0
L 13.69200462 14.89200476 13.94600462 15.40000476 0 P 0
L 13.69200462 14.89200476 14.20000462 15.14600476 0 P 0
L 13.69200462 15.90800476 13.94600462 15.40000476 0 P 0
L 13.69200462 15.90800476 14.20000462 15.65400476 0 P 0
L 13.69200462 17.29200504 13.94600462 17.80000504 0 P 0
L 13.69200462 17.29200504 14.20000462 17.54600504 0 P 0
L 13.69200462 18.30800504 13.94600462 17.80000504 0 P 0
L 13.69200462 18.30800504 14.20000462 18.05400504 0 P 0
L 13.69200462 26.89200616 13.94600462 27.40000616 0 P 0
L 13.69200462 26.89200616 14.20000462 27.14600616 0 P 0
L 13.69200462 27.90800616 13.94600462 27.40000616 0 P 0
L 13.69200462 27.90800616 14.20000462 27.65400616 0 P 0
L 13.69200462 29.29200644 13.94600462 29.80000644 0 P 0
L 13.69200462 29.29200644 14.20000462 29.54600644 0 P 0
L 13.69200462 30.30800644 13.94600462 29.80000644 0 P 0
L 13.69200462 30.30800644 14.20000462 30.05400644 0 P 0
L 13.69200462 50.89200896 13.94600462 51.40000896 0 P 0
L 13.69200462 50.89200896 14.20000462 51.14600896 0 P 0
L 13.69200462 51.90800896 13.94600462 51.40000896 0 P 0
L 13.69200462 51.90800896 14.20000462 51.65400896 0 P 0
L 13.69200462 53.29200924 13.94600462 53.80000924 0 P 0
L 13.69200462 53.29200924 14.20000462 53.54600924 0 P 0
L 13.69200462 54.30800924 13.94600462 53.80000924 0 P 0
L 13.69200462 54.30800924 14.20000462 54.05400924 0 P 0
L 13.69200462 55.69200952 13.94600462 56.20000952 0 P 0
L 13.69200462 55.69200952 14.20000462 55.94600952 0 P 0
L 13.69200462 56.70800952 13.94600462 56.20000952 0 P 0
L 13.69200462 56.70800952 14.20000462 56.45400952 0 P 0
L 13.69200462 58.0920098 13.94600462 58.6000098 0 P 0
L 13.69200462 58.0920098 14.20000462 58.3460098 0 P 0
L 13.69200462 59.1080098 13.94600462 58.6000098 0 P 0
L 13.69200462 59.1080098 14.20000462 58.8540098 0 P 0
L 13.69200462 60.49201008 13.94600462 61.00001008 0 P 0
L 13.69200462 60.49201008 14.20000462 60.74601008 0 P 0
L 13.69200462 61.50801008 13.94600462 61.00001008 0 P 0
L 13.69200462 61.50801008 14.20000462 61.25401008 0 P 0
L 13.69200462 62.89201036 13.94600462 63.40001036 0 P 0
L 13.69200462 62.89201036 14.20000462 63.14601036 0 P 0
L 13.69200462 63.90801036 13.94600462 63.40001036 0 P 0
L 13.69200462 63.90801036 14.20000462 63.65401036 0 P 0
L 13.70000054 32.3729985 13.95400054 32.1189985 0 P 0
L 13.70000054 32.4745985 13.85240054 32.3221985 0 P 0
L 13.70000054 32.7793985 13.85240054 32.9317985 0 P 0
L 13.70000054 32.8809985 13.95400054 33.1349985 0 P 0
L 13.75240328 9.40000406 13.90480328 9.09520406 0 P 0
L 13.75240328 9.40000406 13.90480328 9.70480406 0 P 0
L 13.75240328 11.80000434 13.90480328 11.49520434 0 P 0
L 13.75240328 11.80000434 13.90480328 12.10480434 0 P 0
L 13.75240328 16.6000049 13.90480328 16.2952049 0 P 0
L 13.75240328 16.6000049 13.90480328 16.9048049 0 P 0
L 13.75240328 19.00000518 13.90480328 18.69520518 0 P 0
L 13.75240328 19.00000518 13.90480328 19.30480518 0 P 0
L 13.75240328 52.6000091 13.90480328 52.2952091 0 P 0
L 13.75240328 52.6000091 13.90480328 52.9048091 0 P 0
L 13.75240328 55.00000938 13.90480328 54.69520938 0 P 0
L 13.75240328 55.00000938 13.90480328 55.30480938 0 P 0
L 13.75240328 57.40000966 13.90480328 57.09520966 0 P 0
L 13.75240328 57.40000966 13.90480328 57.70480966 0 P 0
L 13.75240328 59.80000994 13.90480328 59.49520994 0 P 0
L 13.75240328 59.80000994 13.90480328 60.10480994 0 P 0
L 13.85240054 32.3221985 14.00480054 32.3221985 0 P 0
L 13.85240054 32.6269985 14.00480054 32.4745985 0 P 0
L 13.85240054 32.6269985 14.00480054 32.7793985 0 P 0
L 13.85240054 32.9317985 14.00480054 32.9317985 0 P 0
L 13.85400328 9.40000406 14.10800328 8.89200406 0 P 0
L 13.85400328 9.40000406 14.10800328 9.90800406 0 P 0
L 13.85400328 11.80000434 14.10800328 11.29200434 0 P 0
L 13.85400328 11.80000434 14.10800328 12.30800434 0 P 0
L 13.85400328 16.6000049 14.10800328 16.0920049 0 P 0
L 13.85400328 16.6000049 14.10800328 17.1080049 0 P 0
L 13.85400328 19.00000518 14.10800328 18.49200518 0 P 0
L 13.85400328 19.00000518 14.10800328 19.50800518 0 P 0
L 13.85400328 52.6000091 14.10800328 52.0920091 0 P 0
L 13.85400328 52.6000091 14.10800328 53.1080091 0 P 0
L 13.85400328 55.00000938 14.10800328 54.49200938 0 P 0
L 13.85400328 55.00000938 14.10800328 55.50800938 0 P 0
L 13.85400328 57.40000966 14.10800328 56.89200966 0 P 0
L 13.85400328 57.40000966 14.10800328 57.90800966 0 P 0
L 13.85400328 59.80000994 14.10800328 59.29200994 0 P 0
L 13.85400328 59.80000994 14.10800328 60.30800994 0 P 0
L 13.89520462 7.89520392 14.04760462 8.20000392 0 P 0
L 13.89520462 7.89520392 14.20000462 8.04760392 0 P 0
L 13.89520462 8.50480392 14.04760462 8.20000392 0 P 0
L 13.89520462 8.50480392 14.20000462 8.35240392 0 P 0
L 13.89520462 10.2952042 14.04760462 10.6000042 0 P 0
L 13.89520462 10.2952042 14.20000462 10.4476042 0 P 0
L 13.89520462 10.9048042 14.04760462 10.6000042 0 P 0
L 13.89520462 10.9048042 14.20000462 10.7524042 0 P 0
L 13.89520462 15.09520476 14.04760462 15.40000476 0 P 0
L 13.89520462 15.09520476 14.20000462 15.24760476 0 P 0
L 13.89520462 15.70480476 14.04760462 15.40000476 0 P 0
L 13.89520462 15.70480476 14.20000462 15.55240476 0 P 0
L 13.89520462 17.49520504 14.04760462 17.80000504 0 P 0
L 13.89520462 17.49520504 14.20000462 17.64760504 0 P 0
L 13.89520462 18.10480504 14.04760462 17.80000504 0 P 0
L 13.89520462 18.10480504 14.20000462 17.95240504 0 P 0
L 13.89520462 27.09520616 14.04760462 27.40000616 0 P 0
L 13.89520462 27.09520616 14.20000462 27.24760616 0 P 0
L 13.89520462 27.70480616 14.04760462 27.40000616 0 P 0
L 13.89520462 27.70480616 14.20000462 27.55240616 0 P 0
L 13.89520462 29.49520644 14.04760462 29.80000644 0 P 0
L 13.89520462 29.49520644 14.20000462 29.64760644 0 P 0
L 13.89520462 30.10480644 14.04760462 29.80000644 0 P 0
L 13.89520462 30.10480644 14.20000462 29.95240644 0 P 0
L 13.89520462 51.09520896 14.04760462 51.40000896 0 P 0
L 13.89520462 51.09520896 14.20000462 51.24760896 0 P 0
L 13.89520462 51.70480896 14.04760462 51.40000896 0 P 0
L 13.89520462 51.70480896 14.20000462 51.55240896 0 P 0
L 13.89520462 53.49520924 14.04760462 53.80000924 0 P 0
L 13.89520462 53.49520924 14.20000462 53.64760924 0 P 0
L 13.89520462 54.10480924 14.04760462 53.80000924 0 P 0
L 13.89520462 54.10480924 14.20000462 53.95240924 0 P 0
L 13.89520462 55.89520952 14.04760462 56.20000952 0 P 0
L 13.89520462 55.89520952 14.20000462 56.04760952 0 P 0
L 13.89520462 56.50480952 14.04760462 56.20000952 0 P 0
L 13.89520462 56.50480952 14.20000462 56.35240952 0 P 0
L 13.89520462 58.2952098 14.04760462 58.6000098 0 P 0
L 13.89520462 58.2952098 14.20000462 58.4476098 0 P 0
L 13.89520462 58.9048098 14.04760462 58.6000098 0 P 0
L 13.89520462 58.9048098 14.20000462 58.7524098 0 P 0
L 13.89520462 60.69521008 14.04760462 61.00001008 0 P 0
L 13.89520462 60.69521008 14.20000462 60.84761008 0 P 0
L 13.89520462 61.30481008 14.04760462 61.00001008 0 P 0
L 13.89520462 61.30481008 14.20000462 61.15241008 0 P 0
L 13.89520462 63.09521036 14.04760462 63.40001036 0 P 0
L 13.89520462 63.09521036 14.20000462 63.24761036 0 P 0
L 13.89520462 63.70481036 14.04760462 63.40001036 0 P 0
L 13.89520462 63.70481036 14.20000462 63.55241036 0 P 0
L 13.95400054 32.1189985 14.20800054 32.1189985 0 P 0
L 13.95400054 32.6269985 14.20800054 32.3729985 0 P 0
L 13.95400054 32.6269985 14.20800054 32.8809985 0 P 0
L 13.95400054 33.1349985 14.20800054 33.1349985 0 P 0
L 14.00480054 32.3221985 14.00480054 32.4745985 0 P 0
L 14.00480054 32.7793985 14.00480054 32.9317985 0 P 0
L 14.20000462 7.94600392 14.70800462 7.69200392 0 P 0
L 14.20000462 8.04760392 14.50480462 7.89520392 0 P 0
L 14.20000462 8.35240392 14.50480462 8.50480392 0 P 0
L 14.20000462 8.45400392 14.70800462 8.70800392 0 P 0
L 14.20000462 10.3460042 14.70800462 10.0920042 0 P 0
L 14.20000462 10.4476042 14.50480462 10.2952042 0 P 0
L 14.20000462 10.7524042 14.50480462 10.9048042 0 P 0
L 14.20000462 10.8540042 14.70800462 11.1080042 0 P 0
L 14.20000462 15.14600476 14.70800462 14.89200476 0 P 0
L 14.20000462 15.24760476 14.50480462 15.09520476 0 P 0
L 14.20000462 15.55240476 14.50480462 15.70480476 0 P 0
L 14.20000462 15.65400476 14.70800462 15.90800476 0 P 0
L 14.20000462 17.54600504 14.70800462 17.29200504 0 P 0
L 14.20000462 17.64760504 14.50480462 17.49520504 0 P 0
L 14.20000462 17.95240504 14.50480462 18.10480504 0 P 0
L 14.20000462 18.05400504 14.70800462 18.30800504 0 P 0
L 14.20000462 27.14600616 14.70800462 26.89200616 0 P 0
L 14.20000462 27.24760616 14.50480462 27.09520616 0 P 0
L 14.20000462 27.55240616 14.50480462 27.70480616 0 P 0
L 14.20000462 27.65400616 14.70800462 27.90800616 0 P 0
L 14.20000462 29.54600644 14.70800462 29.29200644 0 P 0
L 14.20000462 29.64760644 14.50480462 29.49520644 0 P 0
L 14.20000462 29.95240644 14.50480462 30.10480644 0 P 0
L 14.20000462 30.05400644 14.70800462 30.30800644 0 P 0
L 14.20000462 51.14600896 14.70800462 50.89200896 0 P 0
L 14.20000462 51.24760896 14.50480462 51.09520896 0 P 0
L 14.20000462 51.55240896 14.50480462 51.70480896 0 P 0
L 14.20000462 51.65400896 14.70800462 51.90800896 0 P 0
L 14.20000462 53.54600924 14.70800462 53.29200924 0 P 0
L 14.20000462 53.64760924 14.50480462 53.49520924 0 P 0
L 14.20000462 53.95240924 14.50480462 54.10480924 0 P 0
L 14.20000462 54.05400924 14.70800462 54.30800924 0 P 0
L 14.20000462 55.94600952 14.70800462 55.69200952 0 P 0
L 14.20000462 56.04760952 14.50480462 55.89520952 0 P 0
L 14.20000462 56.35240952 14.50480462 56.50480952 0 P 0
L 14.20000462 56.45400952 14.70800462 56.70800952 0 P 0
L 14.20000462 58.3460098 14.70800462 58.0920098 0 P 0
L 14.20000462 58.4476098 14.50480462 58.2952098 0 P 0
L 14.20000462 58.7524098 14.50480462 58.9048098 0 P 0
L 14.20000462 58.8540098 14.70800462 59.1080098 0 P 0
L 14.20000462 60.74601008 14.70800462 60.49201008 0 P 0
L 14.20000462 60.84761008 14.50480462 60.69521008 0 P 0
L 14.20000462 61.15241008 14.50480462 61.30481008 0 P 0
L 14.20000462 61.25401008 14.70800462 61.50801008 0 P 0
L 14.20000462 63.14601036 14.70800462 62.89201036 0 P 0
L 14.20000462 63.24761036 14.50480462 63.09521036 0 P 0
L 14.20000462 63.55241036 14.50480462 63.70481036 0 P 0
L 14.20000462 63.65401036 14.70800462 63.90801036 0 P 0
L 14.20800054 32.1189985 14.20800054 32.3729985 0 P 0
L 14.20800054 32.8809985 14.20800054 33.1349985 0 P 0
L 14.29200342 6.49200378 14.54600342 7.00000378 0 P 0
L 14.29200342 6.49200378 14.80000342 6.74600378 0 P 0
L 14.29200342 7.50800378 14.54600342 7.00000378 0 P 0
L 14.29200342 7.50800378 14.80000342 7.25400378 0 P 0
L 14.29200342 8.89200406 14.54600342 9.40000406 0 P 0
L 14.29200342 8.89200406 14.80000342 9.14600406 0 P 0
L 14.29200342 9.90800406 14.54600342 9.40000406 0 P 0
L 14.29200342 9.90800406 14.80000342 9.65400406 0 P 0
L 14.29200342 11.29200434 14.54600342 11.80000434 0 P 0
L 14.29200342 11.29200434 14.80000342 11.54600434 0 P 0
L 14.29200342 12.30800434 14.54600342 11.80000434 0 P 0
L 14.29200342 12.30800434 14.80000342 12.05400434 0 P 0
L 14.29200342 16.0920049 14.54600342 16.6000049 0 P 0
L 14.29200342 16.0920049 14.80000342 16.3460049 0 P 0
L 14.29200342 17.1080049 14.54600342 16.6000049 0 P 0
L 14.29200342 17.1080049 14.80000342 16.8540049 0 P 0
L 14.29200342 28.0920063 14.54600342 28.6000063 0 P 0
L 14.29200342 28.0920063 14.80000342 28.3460063 0 P 0
L 14.29200342 29.1080063 14.54600342 28.6000063 0 P 0
L 14.29200342 29.1080063 14.80000342 28.8540063 0 P 0
L 14.29200342 54.49200938 14.54600342 55.00000938 0 P 0
L 14.29200342 54.49200938 14.80000342 54.74600938 0 P 0
L 14.29200342 55.50800938 14.54600342 55.00000938 0 P 0
L 14.29200342 55.50800938 14.80000342 55.25400938 0 P 0
L 14.29200342 56.89200966 14.54600342 57.40000966 0 P 0
L 14.29200342 56.89200966 14.80000342 57.14600966 0 P 0
L 14.29200342 57.90800966 14.54600342 57.40000966 0 P 0
L 14.29200342 57.90800966 14.80000342 57.65400966 0 P 0
L 14.29200342 59.29200994 14.54600342 59.80000994 0 P 0
L 14.29200342 59.29200994 14.80000342 59.54600994 0 P 0
L 14.29200342 60.30800994 14.54600342 59.80000994 0 P 0
L 14.29200342 60.30800994 14.80000342 60.05400994 0 P 0
L 14.35240462 8.20000392 14.50480462 7.89520392 0 P 0
L 14.35240462 8.20000392 14.50480462 8.50480392 0 P 0
L 14.35240462 10.6000042 14.50480462 10.2952042 0 P 0
L 14.35240462 10.6000042 14.50480462 10.9048042 0 P 0
L 14.35240462 15.40000476 14.50480462 15.09520476 0 P 0
L 14.35240462 15.40000476 14.50480462 15.70480476 0 P 0
L 14.35240462 17.80000504 14.50480462 17.49520504 0 P 0
L 14.35240462 17.80000504 14.50480462 18.10480504 0 P 0
L 14.35240462 27.40000616 14.50480462 27.09520616 0 P 0
L 14.35240462 27.40000616 14.50480462 27.70480616 0 P 0
L 14.35240462 29.80000644 14.50480462 29.49520644 0 P 0
L 14.35240462 29.80000644 14.50480462 30.10480644 0 P 0
L 14.35240462 51.40000896 14.50480462 51.09520896 0 P 0
L 14.35240462 51.40000896 14.50480462 51.70480896 0 P 0
L 14.35240462 53.80000924 14.50480462 53.49520924 0 P 0
L 14.35240462 53.80000924 14.50480462 54.10480924 0 P 0
L 14.35240462 56.20000952 14.50480462 55.89520952 0 P 0
L 14.35240462 56.20000952 14.50480462 56.50480952 0 P 0
L 14.35240462 58.6000098 14.50480462 58.2952098 0 P 0
L 14.35240462 58.6000098 14.50480462 58.9048098 0 P 0
L 14.35240462 61.00001008 14.50480462 60.69521008 0 P 0
L 14.35240462 61.00001008 14.50480462 61.30481008 0 P 0
L 14.35240462 63.40001036 14.50480462 63.09521036 0 P 0
L 14.35240462 63.40001036 14.50480462 63.70481036 0 P 0
L 14.45400462 8.20000392 14.70800462 7.69200392 0 P 0
L 14.45400462 8.20000392 14.70800462 8.70800392 0 P 0
L 14.45400462 10.6000042 14.70800462 10.0920042 0 P 0
L 14.45400462 10.6000042 14.70800462 11.1080042 0 P 0
L 14.45400462 15.40000476 14.70800462 14.89200476 0 P 0
L 14.45400462 15.40000476 14.70800462 15.90800476 0 P 0
L 14.45400462 17.80000504 14.70800462 17.29200504 0 P 0
L 14.45400462 17.80000504 14.70800462 18.30800504 0 P 0
L 14.45400462 27.40000616 14.70800462 26.89200616 0 P 0
L 14.45400462 27.40000616 14.70800462 27.90800616 0 P 0
L 14.45400462 29.80000644 14.70800462 29.29200644 0 P 0
L 14.45400462 29.80000644 14.70800462 30.30800644 0 P 0
L 14.45400462 51.40000896 14.70800462 50.89200896 0 P 0
L 14.45400462 51.40000896 14.70800462 51.90800896 0 P 0
L 14.45400462 53.80000924 14.70800462 53.29200924 0 P 0
L 14.45400462 53.80000924 14.70800462 54.30800924 0 P 0
L 14.45400462 56.20000952 14.70800462 55.69200952 0 P 0
L 14.45400462 56.20000952 14.70800462 56.70800952 0 P 0
L 14.45400462 58.6000098 14.70800462 58.0920098 0 P 0
L 14.45400462 58.6000098 14.70800462 59.1080098 0 P 0
L 14.45400462 61.00001008 14.70800462 60.49201008 0 P 0
L 14.45400462 61.00001008 14.70800462 61.50801008 0 P 0
L 14.45400462 63.40001036 14.70800462 62.89201036 0 P 0
L 14.45400462 63.40001036 14.70800462 63.90801036 0 P 0
L 14.49520342 6.69520378 14.64760342 7.00000378 0 P 0
L 14.49520342 6.69520378 14.80000342 6.84760378 0 P 0
L 14.49520342 7.30480378 14.64760342 7.00000378 0 P 0
L 14.49520342 7.30480378 14.80000342 7.15240378 0 P 0
L 14.49520342 9.09520406 14.64760342 9.40000406 0 P 0
L 14.49520342 9.09520406 14.80000342 9.24760406 0 P 0
L 14.49520342 9.70480406 14.64760342 9.40000406 0 P 0
L 14.49520342 9.70480406 14.80000342 9.55240406 0 P 0
L 14.49520342 11.49520434 14.64760342 11.80000434 0 P 0
L 14.49520342 11.49520434 14.80000342 11.64760434 0 P 0
L 14.49520342 12.10480434 14.64760342 11.80000434 0 P 0
L 14.49520342 12.10480434 14.80000342 11.95240434 0 P 0
L 14.49520342 16.2952049 14.64760342 16.6000049 0 P 0
L 14.49520342 16.2952049 14.80000342 16.4476049 0 P 0
L 14.49520342 16.9048049 14.64760342 16.6000049 0 P 0
L 14.49520342 16.9048049 14.80000342 16.7524049 0 P 0
L 14.49520342 28.2952063 14.64760342 28.6000063 0 P 0
L 14.49520342 28.2952063 14.80000342 28.4476063 0 P 0
L 14.49520342 28.9048063 14.64760342 28.6000063 0 P 0
L 14.49520342 28.9048063 14.80000342 28.7524063 0 P 0
L 14.49520342 54.69520938 14.64760342 55.00000938 0 P 0
L 14.49520342 54.69520938 14.80000342 54.84760938 0 P 0
L 14.49520342 55.30480938 14.64760342 55.00000938 0 P 0
L 14.49520342 55.30480938 14.80000342 55.15240938 0 P 0
L 14.49520342 57.09520966 14.64760342 57.40000966 0 P 0
L 14.49520342 57.09520966 14.80000342 57.24760966 0 P 0
L 14.49520342 57.70480966 14.64760342 57.40000966 0 P 0
L 14.49520342 57.70480966 14.80000342 57.55240966 0 P 0
L 14.49520342 59.49520994 14.64760342 59.80000994 0 P 0
L 14.49520342 59.49520994 14.80000342 59.64760994 0 P 0
L 14.49520342 60.10480994 14.64760342 59.80000994 0 P 0
L 14.49520342 60.10480994 14.80000342 59.95240994 0 P 0
L 14.80000342 6.74600378 15.30800342 6.49200378 0 P 0
L 14.80000342 6.84760378 15.10480342 6.69520378 0 P 0
L 14.80000342 7.15240378 15.10480342 7.30480378 0 P 0
L 14.80000342 7.25400378 15.30800342 7.50800378 0 P 0
L 14.80000342 9.14600406 15.30800342 8.89200406 0 P 0
L 14.80000342 9.24760406 15.10480342 9.09520406 0 P 0
L 14.80000342 9.55240406 15.10480342 9.70480406 0 P 0
L 14.80000342 9.65400406 15.30800342 9.90800406 0 P 0
L 14.80000342 11.54600434 15.30800342 11.29200434 0 P 0
L 14.80000342 11.64760434 15.10480342 11.49520434 0 P 0
L 14.80000342 11.95240434 15.10480342 12.10480434 0 P 0
L 14.80000342 12.05400434 15.30800342 12.30800434 0 P 0
L 14.80000342 16.3460049 15.30800342 16.0920049 0 P 0
L 14.80000342 16.4476049 15.10480342 16.2952049 0 P 0
L 14.80000342 16.7524049 15.10480342 16.9048049 0 P 0
L 14.80000342 16.8540049 15.30800342 17.1080049 0 P 0
L 14.80000342 28.3460063 15.30800342 28.0920063 0 P 0
L 14.80000342 28.4476063 15.10480342 28.2952063 0 P 0
L 14.80000342 28.7524063 15.10480342 28.9048063 0 P 0
L 14.80000342 28.8540063 15.30800342 29.1080063 0 P 0
L 14.80000342 54.74600938 15.30800342 54.49200938 0 P 0
L 14.80000342 54.84760938 15.10480342 54.69520938 0 P 0
L 14.80000342 55.15240938 15.10480342 55.30480938 0 P 0
L 14.80000342 55.25400938 15.30800342 55.50800938 0 P 0
L 14.80000342 57.14600966 15.30800342 56.89200966 0 P 0
L 14.80000342 57.24760966 15.10480342 57.09520966 0 P 0
L 14.80000342 57.55240966 15.10480342 57.70480966 0 P 0
L 14.80000342 57.65400966 15.30800342 57.90800966 0 P 0
L 14.80000342 59.54600994 15.30800342 59.29200994 0 P 0
L 14.80000342 59.64760994 15.10480342 59.49520994 0 P 0
L 14.80000342 59.95240994 15.10480342 60.10480994 0 P 0
L 14.80000342 60.05400994 15.30800342 60.30800994 0 P 0
L 14.89199968 40.16600044 15.14599968 40.16600044 0 P 0
L 14.89199968 40.16600044 15.14599968 40.42000044 0 P 0
L 14.89199968 40.67400044 15.14599968 40.42000044 0 P 0
L 14.89199968 40.67400044 15.14599968 40.67400044 0 P 0
L 14.89199968 42.70600044 15.14599968 42.70600044 0 P 0
L 14.89199968 42.70600044 15.14599968 42.96000044 0 P 0
L 14.89199968 43.21400044 15.14599968 42.96000044 0 P 0
L 14.89199968 43.21400044 15.14599968 43.21400044 0 P 0
L 14.89199968 45.24600044 15.14599968 45.24600044 0 P 0
L 14.89199968 45.24600044 15.14599968 45.50000044 0 P 0
L 14.89199968 45.75400044 15.14599968 45.50000044 0 P 0
L 14.89199968 45.75400044 15.14599968 45.75400044 0 P 0
L 14.89199968 47.78600044 15.14599968 47.78600044 0 P 0
L 14.89199968 47.78600044 15.14599968 48.04000044 0 P 0
L 14.89199968 48.29400044 15.14599968 48.04000044 0 P 0
L 14.89199968 48.29400044 15.14599968 48.29400044 0 P 0
L 14.89200476 10.0920042 15.14600476 10.6000042 0 P 0
L 14.89200476 10.0920042 15.40000476 10.3460042 0 P 0
L 14.89200476 11.1080042 15.14600476 10.6000042 0 P 0
L 14.89200476 11.1080042 15.40000476 10.8540042 0 P 0
L 14.89200476 14.89200476 15.14600476 15.40000476 0 P 0
L 14.89200476 14.89200476 15.40000476 15.14600476 0 P 0
L 14.89200476 15.90800476 15.14600476 15.40000476 0 P 0
L 14.89200476 15.90800476 15.40000476 15.65400476 0 P 0
L 14.89200476 26.89200616 15.14600476 27.40000616 0 P 0
L 14.89200476 26.89200616 15.40000476 27.14600616 0 P 0
L 14.89200476 27.90800616 15.14600476 27.40000616 0 P 0
L 14.89200476 27.90800616 15.40000476 27.65400616 0 P 0
L 14.89200476 29.29200644 15.14600476 29.80000644 0 P 0
L 14.89200476 29.29200644 15.40000476 29.54600644 0 P 0
L 14.89200476 30.30800644 15.14600476 29.80000644 0 P 0
L 14.89200476 30.30800644 15.40000476 30.05400644 0 P 0
L 14.89200476 55.69200952 15.14600476 56.20000952 0 P 0
L 14.89200476 55.69200952 15.40000476 55.94600952 0 P 0
L 14.89200476 56.70800952 15.14600476 56.20000952 0 P 0
L 14.89200476 56.70800952 15.40000476 56.45400952 0 P 0
L 14.89200476 60.49201008 15.14600476 61.00001008 0 P 0
L 14.89200476 60.49201008 15.40000476 60.74601008 0 P 0
L 14.89200476 61.50801008 15.14600476 61.00001008 0 P 0
L 14.89200476 61.50801008 15.40000476 61.25401008 0 P 0
L 14.92199962 13.21699922 14.92199962 14.23299922 0 P 0
L 14.92199962 13.21699922 15.93799962 13.21699922 0 P 0
L 14.92199962 14.23299922 15.93799962 14.23299922 0 P 0
L 14.95240342 7.00000378 15.10480342 6.69520378 0 P 0
L 14.95240342 7.00000378 15.10480342 7.30480378 0 P 0
L 14.95240342 9.40000406 15.10480342 9.09520406 0 P 0
L 14.95240342 9.40000406 15.10480342 9.70480406 0 P 0
L 14.95240342 11.80000434 15.10480342 11.49520434 0 P 0
L 14.95240342 11.80000434 15.10480342 12.10480434 0 P 0
L 14.95240342 16.6000049 15.10480342 16.2952049 0 P 0
L 14.95240342 16.6000049 15.10480342 16.9048049 0 P 0
L 14.95240342 28.6000063 15.10480342 28.2952063 0 P 0
L 14.95240342 28.6000063 15.10480342 28.9048063 0 P 0
L 14.95240342 55.00000938 15.10480342 54.69520938 0 P 0
L 14.95240342 55.00000938 15.10480342 55.30480938 0 P 0
L 14.95240342 57.40000966 15.10480342 57.09520966 0 P 0
L 14.95240342 57.40000966 15.10480342 57.70480966 0 P 0
L 14.95240342 59.80000994 15.10480342 59.49520994 0 P 0
L 14.95240342 59.80000994 15.10480342 60.10480994 0 P 0
L 15.05400342 7.00000378 15.30800342 6.49200378 0 P 0
L 15.05400342 7.00000378 15.30800342 7.50800378 0 P 0
L 15.05400342 9.40000406 15.30800342 8.89200406 0 P 0
L 15.05400342 9.40000406 15.30800342 9.90800406 0 P 0
L 15.05400342 11.80000434 15.30800342 11.29200434 0 P 0
L 15.05400342 11.80000434 15.30800342 12.30800434 0 P 0
L 15.05400342 16.6000049 15.30800342 16.0920049 0 P 0
L 15.05400342 16.6000049 15.30800342 17.1080049 0 P 0
L 15.05400342 28.6000063 15.30800342 28.0920063 0 P 0
L 15.05400342 28.6000063 15.30800342 29.1080063 0 P 0
L 15.05400342 55.00000938 15.30800342 54.49200938 0 P 0
L 15.05400342 55.00000938 15.30800342 55.50800938 0 P 0
L 15.05400342 57.40000966 15.30800342 56.89200966 0 P 0
L 15.05400342 57.40000966 15.30800342 57.90800966 0 P 0
L 15.05400342 59.80000994 15.30800342 59.29200994 0 P 0
L 15.05400342 59.80000994 15.30800342 60.30800994 0 P 0
L 15.09520476 10.2952042 15.24760476 10.6000042 0 P 0
L 15.09520476 10.2952042 15.40000476 10.4476042 0 P 0
L 15.09520476 10.9048042 15.24760476 10.6000042 0 P 0
L 15.09520476 10.9048042 15.40000476 10.7524042 0 P 0
L 15.09520476 15.09520476 15.24760476 15.40000476 0 P 0
L 15.09520476 15.09520476 15.40000476 15.24760476 0 P 0
L 15.09520476 15.70480476 15.24760476 15.40000476 0 P 0
L 15.09520476 15.70480476 15.40000476 15.55240476 0 P 0
L 15.09520476 27.09520616 15.24760476 27.40000616 0 P 0
L 15.09520476 27.09520616 15.40000476 27.24760616 0 P 0
L 15.09520476 27.70480616 15.24760476 27.40000616 0 P 0
L 15.09520476 27.70480616 15.40000476 27.55240616 0 P 0
L 15.09520476 29.49520644 15.24760476 29.80000644 0 P 0
L 15.09520476 29.49520644 15.40000476 29.64760644 0 P 0
L 15.09520476 30.10480644 15.24760476 29.80000644 0 P 0
L 15.09520476 30.10480644 15.40000476 29.95240644 0 P 0
L 15.09520476 55.89520952 15.24760476 56.20000952 0 P 0
L 15.09520476 55.89520952 15.40000476 56.04760952 0 P 0
L 15.09520476 56.50480952 15.24760476 56.20000952 0 P 0
L 15.09520476 56.50480952 15.40000476 56.35240952 0 P 0
L 15.09520476 60.69521008 15.24760476 61.00001008 0 P 0
L 15.09520476 60.69521008 15.40000476 60.84761008 0 P 0
L 15.09520476 61.30481008 15.24760476 61.00001008 0 P 0
L 15.09520476 61.30481008 15.40000476 61.15241008 0 P 0
L 15.12519962 13.42019922 15.12519962 14.02979922 0 P 0
L 15.12519962 13.42019922 15.73479962 13.42019922 0 P 0
L 15.12519962 14.02979922 15.73479962 14.02979922 0 P 0
L 15.14599968 40.16600044 15.39999968 39.91200044 0 P 0
L 15.14599968 40.67400044 15.39999968 40.92800044 0 P 0
L 15.14599968 42.70600044 15.39999968 42.45200044 0 P 0
L 15.14599968 43.21400044 15.39999968 43.46800044 0 P 0
L 15.14599968 45.24600044 15.39999968 44.99200044 0 P 0
L 15.14599968 45.75400044 15.39999968 46.00800044 0 P 0
L 15.14599968 47.78600044 15.39999968 47.53200044 0 P 0
L 15.14599968 48.29400044 15.39999968 48.54800044 0 P 0
L 15.39999968 39.91200044 15.65399968 40.16600044 0 P 0
L 15.39999968 40.92800044 15.65399968 40.67400044 0 P 0
L 15.39999968 42.45200044 15.65399968 42.70600044 0 P 0
L 15.39999968 43.46800044 15.65399968 43.21400044 0 P 0
L 15.39999968 44.99200044 15.65399968 45.24600044 0 P 0
L 15.39999968 46.00800044 15.65399968 45.75400044 0 P 0
L 15.39999968 47.53200044 15.65399968 47.78600044 0 P 0
L 15.39999968 48.54800044 15.65399968 48.29400044 0 P 0
L 15.40000476 10.3460042 15.90800476 10.0920042 0 P 0
L 15.40000476 10.4476042 15.70480476 10.2952042 0 P 0
L 15.40000476 10.7524042 15.70480476 10.9048042 0 P 0
L 15.40000476 10.8540042 15.90800476 11.1080042 0 P 0
L 15.40000476 15.14600476 15.90800476 14.89200476 0 P 0
L 15.40000476 15.24760476 15.70480476 15.09520476 0 P 0
L 15.40000476 15.55240476 15.70480476 15.70480476 0 P 0
L 15.40000476 15.65400476 15.90800476 15.90800476 0 P 0
L 15.40000476 27.14600616 15.90800476 26.89200616 0 P 0
L 15.40000476 27.24760616 15.70480476 27.09520616 0 P 0
L 15.40000476 27.55240616 15.70480476 27.70480616 0 P 0
L 15.40000476 27.65400616 15.90800476 27.90800616 0 P 0
L 15.40000476 29.54600644 15.90800476 29.29200644 0 P 0
L 15.40000476 29.64760644 15.70480476 29.49520644 0 P 0
L 15.40000476 29.95240644 15.70480476 30.10480644 0 P 0
L 15.40000476 30.05400644 15.90800476 30.30800644 0 P 0
L 15.40000476 55.94600952 15.90800476 55.69200952 0 P 0
L 15.40000476 56.04760952 15.70480476 55.89520952 0 P 0
L 15.40000476 56.35240952 15.70480476 56.50480952 0 P 0
L 15.40000476 56.45400952 15.90800476 56.70800952 0 P 0
L 15.40000476 60.74601008 15.90800476 60.49201008 0 P 0
L 15.40000476 60.84761008 15.70480476 60.69521008 0 P 0
L 15.40000476 61.15241008 15.70480476 61.30481008 0 P 0
L 15.40000476 61.25401008 15.90800476 61.50801008 0 P 0
L 15.49200356 6.49200378 15.74600356 7.00000378 0 P 0
L 15.49200356 6.49200378 16.00000356 6.74600378 0 P 0
L 15.49200356 7.50800378 15.74600356 7.00000378 0 P 0
L 15.49200356 7.50800378 16.00000356 7.25400378 0 P 0
L 15.49200356 11.29200434 15.74600356 11.80000434 0 P 0
L 15.49200356 11.29200434 16.00000356 11.54600434 0 P 0
L 15.49200356 12.30800434 15.74600356 11.80000434 0 P 0
L 15.49200356 12.30800434 16.00000356 12.05400434 0 P 0
L 15.49200356 16.0920049 15.74600356 16.6000049 0 P 0
L 15.49200356 16.0920049 16.00000356 16.3460049 0 P 0
L 15.49200356 17.1080049 15.74600356 16.6000049 0 P 0
L 15.49200356 17.1080049 16.00000356 16.8540049 0 P 0
L 15.49200356 28.0920063 15.74600356 28.6000063 0 P 0
L 15.49200356 28.0920063 16.00000356 28.3460063 0 P 0
L 15.49200356 29.1080063 15.74600356 28.6000063 0 P 0
L 15.49200356 29.1080063 16.00000356 28.8540063 0 P 0
L 15.49200356 54.49200938 15.74600356 55.00000938 0 P 0
L 15.49200356 54.49200938 16.00000356 54.74600938 0 P 0
L 15.49200356 55.50800938 15.74600356 55.00000938 0 P 0
L 15.49200356 55.50800938 16.00000356 55.25400938 0 P 0
L 15.49200356 56.89200966 15.74600356 57.40000966 0 P 0
L 15.49200356 56.89200966 16.00000356 57.14600966 0 P 0
L 15.49200356 57.90800966 15.74600356 57.40000966 0 P 0
L 15.49200356 57.90800966 16.00000356 57.65400966 0 P 0
L 15.55240476 10.6000042 15.70480476 10.2952042 0 P 0
L 15.55240476 10.6000042 15.70480476 10.9048042 0 P 0
L 15.55240476 15.40000476 15.70480476 15.09520476 0 P 0
L 15.55240476 15.40000476 15.70480476 15.70480476 0 P 0
L 15.55240476 27.40000616 15.70480476 27.09520616 0 P 0
L 15.55240476 27.40000616 15.70480476 27.70480616 0 P 0
L 15.55240476 29.80000644 15.70480476 29.49520644 0 P 0
L 15.55240476 29.80000644 15.70480476 30.10480644 0 P 0
L 15.55240476 56.20000952 15.70480476 55.89520952 0 P 0
L 15.55240476 56.20000952 15.70480476 56.50480952 0 P 0
L 15.55240476 61.00001008 15.70480476 60.69521008 0 P 0
L 15.55240476 61.00001008 15.70480476 61.30481008 0 P 0
L 15.59200082 3.24600062 15.84600082 3.24600062 0 P 0
L 15.59200082 3.24600062 15.84600082 3.50000062 0 P 0
L 15.59200082 3.75400062 15.84600082 3.50000062 0 P 0
L 15.59200082 3.75400062 15.84600082 3.75400062 0 P 0
L 15.61699696 62.992 15.61699696 63.246 0 P 0
L 15.61699696 62.992 15.87099696 62.992 0 P 0
L 15.61699696 63.246 15.87099696 63.5 0 P 0
L 15.61699696 63.754 15.61699696 64.008 0 P 0
L 15.61699696 63.754 15.87099696 63.5 0 P 0
L 15.61699696 64.008 15.87099696 64.008 0 P 0
L 15.65399968 40.16600044 15.90799968 40.16600044 0 P 0
L 15.65399968 40.42000044 15.90799968 40.16600044 0 P 0
L 15.65399968 40.42000044 15.90799968 40.67400044 0 P 0
L 15.65399968 40.67400044 15.90799968 40.67400044 0 P 0
L 15.65399968 42.70600044 15.90799968 42.70600044 0 P 0
L 15.65399968 42.96000044 15.90799968 42.70600044 0 P 0
L 15.65399968 42.96000044 15.90799968 43.21400044 0 P 0
L 15.65399968 43.21400044 15.90799968 43.21400044 0 P 0
L 15.65399968 45.24600044 15.90799968 45.24600044 0 P 0
L 15.65399968 45.50000044 15.90799968 45.24600044 0 P 0
L 15.65399968 45.50000044 15.90799968 45.75400044 0 P 0
L 15.65399968 45.75400044 15.90799968 45.75400044 0 P 0
L 15.65399968 47.78600044 15.90799968 47.78600044 0 P 0
L 15.65399968 48.04000044 15.90799968 47.78600044 0 P 0
L 15.65399968 48.04000044 15.90799968 48.29400044 0 P 0
L 15.65399968 48.29400044 15.90799968 48.29400044 0 P 0
L 15.65400476 10.6000042 15.90800476 10.0920042 0 P 0
L 15.65400476 10.6000042 15.90800476 11.1080042 0 P 0
L 15.65400476 15.40000476 15.90800476 14.89200476 0 P 0
L 15.65400476 15.40000476 15.90800476 15.90800476 0 P 0
L 15.65400476 27.40000616 15.90800476 26.89200616 0 P 0
L 15.65400476 27.40000616 15.90800476 27.90800616 0 P 0
L 15.65400476 29.80000644 15.90800476 29.29200644 0 P 0
L 15.65400476 29.80000644 15.90800476 30.30800644 0 P 0
L 15.65400476 56.20000952 15.90800476 55.69200952 0 P 0
L 15.65400476 56.20000952 15.90800476 56.70800952 0 P 0
L 15.65400476 61.00001008 15.90800476 60.49201008 0 P 0
L 15.65400476 61.00001008 15.90800476 61.50801008 0 P 0
L 15.69520356 6.69520378 15.84760356 7.00000378 0 P 0
L 15.69520356 6.69520378 16.00000356 6.84760378 0 P 0
L 15.69520356 7.30480378 15.84760356 7.00000378 0 P 0
L 15.69520356 7.30480378 16.00000356 7.15240378 0 P 0
L 15.69520356 11.49520434 15.84760356 11.80000434 0 P 0
L 15.69520356 11.49520434 16.00000356 11.64760434 0 P 0
L 15.69520356 12.10480434 15.84760356 11.80000434 0 P 0
L 15.69520356 12.10480434 16.00000356 11.95240434 0 P 0
L 15.69520356 16.2952049 15.84760356 16.6000049 0 P 0
L 15.69520356 16.2952049 16.00000356 16.4476049 0 P 0
L 15.69520356 16.9048049 15.84760356 16.6000049 0 P 0
L 15.69520356 16.9048049 16.00000356 16.7524049 0 P 0
L 15.69520356 28.2952063 15.84760356 28.6000063 0 P 0
L 15.69520356 28.2952063 16.00000356 28.4476063 0 P 0
L 15.69520356 28.9048063 15.84760356 28.6000063 0 P 0
L 15.69520356 28.9048063 16.00000356 28.7524063 0 P 0
L 15.69520356 54.69520938 15.84760356 55.00000938 0 P 0
L 15.69520356 54.69520938 16.00000356 54.84760938 0 P 0
L 15.69520356 55.30480938 15.84760356 55.00000938 0 P 0
L 15.69520356 55.30480938 16.00000356 55.15240938 0 P 0
L 15.69520356 57.09520966 15.84760356 57.40000966 0 P 0
L 15.69520356 57.09520966 16.00000356 57.24760966 0 P 0
L 15.69520356 57.70480966 15.84760356 57.40000966 0 P 0
L 15.69520356 57.70480966 16.00000356 57.55240966 0 P 0
L 15.73479962 13.42019922 15.73479962 14.02979922 0 P 0
L 15.7669992 59.69999998 16.2749992 59.19199998 0 P 0
L 15.7669992 59.69999998 16.2749992 60.20799998 0 P 0
L 15.79520082 3.34760062 15.94760082 3.34760062 0 P 0
L 15.79520082 3.34760062 15.94760082 3.50000062 0 P 0
L 15.79520082 3.65240062 15.94760082 3.50000062 0 P 0
L 15.79520082 3.65240062 15.94760082 3.65240062 0 P 0
L 15.84600082 3.24600062 16.10000082 2.99200062 0 P 0
L 15.84600082 3.75400062 16.10000082 4.00800062 0 P 0
L 15.87099696 62.992 16.12499696 63.246 0 P 0
L 15.87099696 64.008 16.12499696 63.754 0 P 0
L 15.89200022 30.09199976 15.89200022 30.34599976 0 P 0
L 15.89200022 30.09199976 16.14600022 30.09199976 0 P 0
L 15.89200022 30.34599976 16.14600022 30.59999976 0 P 0
L 15.89200022 30.85399976 15.89200022 31.10799976 0 P 0
L 15.89200022 30.85399976 16.14600022 30.59999976 0 P 0
L 15.89200022 31.10799976 16.14600022 31.10799976 0 P 0
L 15.92200016 8.3969987 15.92200016 9.4129987 0 P 0
L 15.92200016 8.3969987 16.93800016 8.3969987 0 P 0
L 15.92200016 9.4129987 16.93800016 9.4129987 0 P 0
L 15.93799962 13.21699922 15.93799962 14.23299922 0 P 0
L 15.94760082 3.34760062 16.10000082 3.19520062 0 P 0
L 15.94760082 3.65240062 16.10000082 3.80480062 0 P 0
L 16.00000356 6.74600378 16.50800356 6.49200378 0 P 0
L 16.00000356 6.84760378 16.30480356 6.69520378 0 P 0
L 16.00000356 7.15240378 16.30480356 7.30480378 0 P 0
L 16.00000356 7.25400378 16.50800356 7.50800378 0 P 0
L 16.00000356 11.54600434 16.50800356 11.29200434 0 P 0
L 16.00000356 11.64760434 16.30480356 11.49520434 0 P 0
L 16.00000356 11.95240434 16.30480356 12.10480434 0 P 0
L 16.00000356 12.05400434 16.50800356 12.30800434 0 P 0
L 16.00000356 16.3460049 16.50800356 16.0920049 0 P 0
L 16.00000356 16.4476049 16.30480356 16.2952049 0 P 0
L 16.00000356 16.7524049 16.30480356 16.9048049 0 P 0
L 16.00000356 16.8540049 16.50800356 17.1080049 0 P 0
L 16.00000356 28.3460063 16.50800356 28.0920063 0 P 0
L 16.00000356 28.4476063 16.30480356 28.2952063 0 P 0
L 16.00000356 28.7524063 16.30480356 28.9048063 0 P 0
L 16.00000356 28.8540063 16.50800356 29.1080063 0 P 0
L 16.00000356 54.74600938 16.50800356 54.49200938 0 P 0
L 16.00000356 54.84760938 16.30480356 54.69520938 0 P 0
L 16.00000356 55.15240938 16.30480356 55.30480938 0 P 0
L 16.00000356 55.25400938 16.50800356 55.50800938 0 P 0
L 16.00000356 57.14600966 16.50800356 56.89200966 0 P 0
L 16.00000356 57.24760966 16.30480356 57.09520966 0 P 0
L 16.00000356 57.55240966 16.30480356 57.70480966 0 P 0
L 16.00000356 57.65400966 16.50800356 57.90800966 0 P 0
L 16.0920049 5.29200364 16.3460049 5.80000364 0 P 0
L 16.0920049 5.29200364 16.6000049 5.54600364 0 P 0
L 16.0920049 6.30800364 16.3460049 5.80000364 0 P 0
L 16.0920049 6.30800364 16.6000049 6.05400364 0 P 0
L 16.0920049 10.0920042 16.3460049 10.6000042 0 P 0
L 16.0920049 10.0920042 16.6000049 10.3460042 0 P 0
L 16.0920049 11.1080042 16.3460049 10.6000042 0 P 0
L 16.0920049 11.1080042 16.6000049 10.8540042 0 P 0
L 16.0920049 14.89200476 16.3460049 15.40000476 0 P 0
L 16.0920049 14.89200476 16.6000049 15.14600476 0 P 0
L 16.0920049 15.90800476 16.3460049 15.40000476 0 P 0
L 16.0920049 15.90800476 16.6000049 15.65400476 0 P 0
L 16.0920049 26.89200616 16.3460049 27.40000616 0 P 0
L 16.0920049 26.89200616 16.6000049 27.14600616 0 P 0
L 16.0920049 27.90800616 16.3460049 27.40000616 0 P 0
L 16.0920049 27.90800616 16.6000049 27.65400616 0 P 0
L 16.0920049 38.89200756 16.3460049 39.40000756 0 P 0
L 16.0920049 38.89200756 16.6000049 39.14600756 0 P 0
L 16.0920049 39.90800756 16.3460049 39.40000756 0 P 0
L 16.0920049 39.90800756 16.6000049 39.65400756 0 P 0
L 16.0920049 43.69200812 16.3460049 44.20000812 0 P 0
L 16.0920049 43.69200812 16.6000049 43.94600812 0 P 0
L 16.0920049 44.70800812 16.3460049 44.20000812 0 P 0
L 16.0920049 44.70800812 16.6000049 44.45400812 0 P 0
L 16.0920049 46.0920084 16.3460049 46.6000084 0 P 0
L 16.0920049 46.0920084 16.6000049 46.3460084 0 P 0
L 16.0920049 47.1080084 16.3460049 46.6000084 0 P 0
L 16.0920049 47.1080084 16.6000049 46.8540084 0 P 0
L 16.0920049 50.89200896 16.3460049 51.40000896 0 P 0
L 16.0920049 50.89200896 16.6000049 51.14600896 0 P 0
L 16.0920049 51.90800896 16.3460049 51.40000896 0 P 0
L 16.0920049 51.90800896 16.6000049 51.65400896 0 P 0
L 16.0920049 55.69200952 16.3460049 56.20000952 0 P 0
L 16.0920049 55.69200952 16.6000049 55.94600952 0 P 0
L 16.0920049 56.70800952 16.3460049 56.20000952 0 P 0
L 16.0920049 56.70800952 16.6000049 56.45400952 0 P 0
L 16.09520022 30.29519976 16.09520022 30.44759976 0 P 0
L 16.09520022 30.29519976 16.24760022 30.29519976 0 P 0
L 16.09520022 30.44759976 16.24760022 30.59999976 0 P 0
L 16.09520022 30.75239976 16.09520022 30.90479976 0 P 0
L 16.09520022 30.75239976 16.24760022 30.59999976 0 P 0
L 16.09520022 30.90479976 16.24760022 30.90479976 0 P 0
L 16.10000082 2.99200062 16.35400082 3.24600062 0 P 0
L 16.10000082 3.19520062 16.25240082 3.34760062 0 P 0
L 16.10000082 3.80480062 16.25240082 3.65240062 0 P 0
L 16.10000082 4.00800062 16.35400082 3.75400062 0 P 0
L 16.12499696 63.246 16.37899696 62.992 0 P 0
L 16.12499696 63.754 16.37899696 64.008 0 P 0
L 16.12520016 8.6001987 16.12520016 9.2097987 0 P 0
L 16.12520016 8.6001987 16.73480016 8.6001987 0 P 0
L 16.12520016 9.2097987 16.73480016 9.2097987 0 P 0
L 16.14600022 30.09199976 16.40000022 30.34599976 0 P 0
L 16.14600022 31.10799976 16.40000022 30.85399976 0 P 0
L 16.15240356 7.00000378 16.30480356 6.69520378 0 P 0
L 16.15240356 7.00000378 16.30480356 7.30480378 0 P 0
L 16.15240356 11.80000434 16.30480356 11.49520434 0 P 0
L 16.15240356 11.80000434 16.30480356 12.10480434 0 P 0
L 16.15240356 16.6000049 16.30480356 16.2952049 0 P 0
L 16.15240356 16.6000049 16.30480356 16.9048049 0 P 0
L 16.15240356 28.6000063 16.30480356 28.2952063 0 P 0
L 16.15240356 28.6000063 16.30480356 28.9048063 0 P 0
L 16.15240356 55.00000938 16.30480356 54.69520938 0 P 0
L 16.15240356 55.00000938 16.30480356 55.30480938 0 P 0
L 16.15240356 57.40000966 16.30480356 57.09520966 0 P 0
L 16.15240356 57.40000966 16.30480356 57.70480966 0 P 0
L 16.24760022 30.29519976 16.40000022 30.44759976 0 P 0
L 16.24760022 30.90479976 16.40000022 30.75239976 0 P 0
L 16.25240082 3.34760062 16.40480082 3.34760062 0 P 0
L 16.25240082 3.50000062 16.40480082 3.34760062 0 P 0
L 16.25240082 3.50000062 16.40480082 3.65240062 0 P 0
L 16.25240082 3.65240062 16.40480082 3.65240062 0 P 0
L 16.25400356 7.00000378 16.50800356 6.49200378 0 P 0
L 16.25400356 7.00000378 16.50800356 7.50800378 0 P 0
L 16.25400356 11.80000434 16.50800356 11.29200434 0 P 0
L 16.25400356 11.80000434 16.50800356 12.30800434 0 P 0
L 16.25400356 16.6000049 16.50800356 16.0920049 0 P 0
L 16.25400356 16.6000049 16.50800356 17.1080049 0 P 0
L 16.25400356 28.6000063 16.50800356 28.0920063 0 P 0
L 16.25400356 28.6000063 16.50800356 29.1080063 0 P 0
L 16.25400356 55.00000938 16.50800356 54.49200938 0 P 0
L 16.25400356 55.00000938 16.50800356 55.50800938 0 P 0
L 16.25400356 57.40000966 16.50800356 56.89200966 0 P 0
L 16.25400356 57.40000966 16.50800356 57.90800966 0 P 0
L 16.2749992 59.19199998 16.7829992 59.69999998 0 P 0
L 16.2749992 60.20799998 16.7829992 59.69999998 0 P 0
L 16.2952049 5.49520364 16.4476049 5.80000364 0 P 0
L 16.2952049 5.49520364 16.6000049 5.64760364 0 P 0
L 16.2952049 6.10480364 16.4476049 5.80000364 0 P 0
L 16.2952049 6.10480364 16.6000049 5.95240364 0 P 0
L 16.2952049 10.2952042 16.4476049 10.6000042 0 P 0
L 16.2952049 10.2952042 16.6000049 10.4476042 0 P 0
L 16.2952049 10.9048042 16.4476049 10.6000042 0 P 0
L 16.2952049 10.9048042 16.6000049 10.7524042 0 P 0
L 16.2952049 15.09520476 16.4476049 15.40000476 0 P 0
L 16.2952049 15.09520476 16.6000049 15.24760476 0 P 0
L 16.2952049 15.70480476 16.4476049 15.40000476 0 P 0
L 16.2952049 15.70480476 16.6000049 15.55240476 0 P 0
L 16.2952049 27.09520616 16.4476049 27.40000616 0 P 0
L 16.2952049 27.09520616 16.6000049 27.24760616 0 P 0
L 16.2952049 27.70480616 16.4476049 27.40000616 0 P 0
L 16.2952049 27.70480616 16.6000049 27.55240616 0 P 0
L 16.2952049 39.09520756 16.4476049 39.40000756 0 P 0
L 16.2952049 39.09520756 16.6000049 39.24760756 0 P 0
L 16.2952049 39.70480756 16.4476049 39.40000756 0 P 0
L 16.2952049 39.70480756 16.6000049 39.55240756 0 P 0
L 16.2952049 43.89520812 16.4476049 44.20000812 0 P 0
L 16.2952049 43.89520812 16.6000049 44.04760812 0 P 0
L 16.2952049 44.50480812 16.4476049 44.20000812 0 P 0
L 16.2952049 44.50480812 16.6000049 44.35240812 0 P 0
L 16.2952049 46.2952084 16.4476049 46.6000084 0 P 0
L 16.2952049 46.2952084 16.6000049 46.4476084 0 P 0
L 16.2952049 46.9048084 16.4476049 46.6000084 0 P 0
L 16.2952049 46.9048084 16.6000049 46.7524084 0 P 0
L 16.2952049 51.09520896 16.4476049 51.40000896 0 P 0
L 16.2952049 51.09520896 16.6000049 51.24760896 0 P 0
L 16.2952049 51.70480896 16.4476049 51.40000896 0 P 0
L 16.2952049 51.70480896 16.6000049 51.55240896 0 P 0
L 16.2952049 55.89520952 16.4476049 56.20000952 0 P 0
L 16.2952049 55.89520952 16.6000049 56.04760952 0 P 0
L 16.2952049 56.50480952 16.4476049 56.20000952 0 P 0
L 16.2952049 56.50480952 16.6000049 56.35240952 0 P 0
L 16.35400082 3.24600062 16.60800082 3.24600062 0 P 0
L 16.35400082 3.50000062 16.60800082 3.24600062 0 P 0
L 16.35400082 3.50000062 16.60800082 3.75400062 0 P 0
L 16.35400082 3.75400062 16.60800082 3.75400062 0 P 0
L 16.37899696 62.992 16.63299696 62.992 0 P 0
L 16.37899696 63.5 16.63299696 63.246 0 P 0
L 16.37899696 63.5 16.63299696 63.754 0 P 0
L 16.37899696 64.008 16.63299696 64.008 0 P 0
L 16.40000022 30.34599976 16.65400022 30.09199976 0 P 0
L 16.40000022 30.44759976 16.55240022 30.29519976 0 P 0
L 16.40000022 30.75239976 16.55240022 30.90479976 0 P 0
L 16.40000022 30.85399976 16.65400022 31.10799976 0 P 0
L 16.55240022 30.29519976 16.70480022 30.29519976 0 P 0
L 16.55240022 30.59999976 16.70480022 30.44759976 0 P 0
L 16.55240022 30.59999976 16.70480022 30.75239976 0 P 0
L 16.55240022 30.90479976 16.70480022 30.90479976 0 P 0
L 16.6000049 5.54600364 17.1080049 5.29200364 0 P 0
L 16.6000049 5.64760364 16.9048049 5.49520364 0 P 0
L 16.6000049 5.95240364 16.9048049 6.10480364 0 P 0
L 16.6000049 6.05400364 17.1080049 6.30800364 0 P 0
L 16.6000049 10.3460042 17.1080049 10.0920042 0 P 0
L 16.6000049 10.4476042 16.9048049 10.2952042 0 P 0
L 16.6000049 10.7524042 16.9048049 10.9048042 0 P 0
L 16.6000049 10.8540042 17.1080049 11.1080042 0 P 0
L 16.6000049 15.14600476 17.1080049 14.89200476 0 P 0
L 16.6000049 15.24760476 16.9048049 15.09520476 0 P 0
L 16.6000049 15.55240476 16.9048049 15.70480476 0 P 0
L 16.6000049 15.65400476 17.1080049 15.90800476 0 P 0
L 16.6000049 27.14600616 17.1080049 26.89200616 0 P 0
L 16.6000049 27.24760616 16.9048049 27.09520616 0 P 0
L 16.6000049 27.55240616 16.9048049 27.70480616 0 P 0
L 16.6000049 27.65400616 17.1080049 27.90800616 0 P 0
L 16.6000049 39.14600756 17.1080049 38.89200756 0 P 0
L 16.6000049 39.24760756 16.9048049 39.09520756 0 P 0
L 16.6000049 39.55240756 16.9048049 39.70480756 0 P 0
L 16.6000049 39.65400756 17.1080049 39.90800756 0 P 0
L 16.6000049 43.94600812 17.1080049 43.69200812 0 P 0
L 16.6000049 44.04760812 16.9048049 43.89520812 0 P 0
L 16.6000049 44.35240812 16.9048049 44.50480812 0 P 0
L 16.6000049 44.45400812 17.1080049 44.70800812 0 P 0
L 16.6000049 46.3460084 17.1080049 46.0920084 0 P 0
L 16.6000049 46.4476084 16.9048049 46.2952084 0 P 0
L 16.6000049 46.7524084 16.9048049 46.9048084 0 P 0
L 16.6000049 46.8540084 17.1080049 47.1080084 0 P 0
L 16.6000049 51.14600896 17.1080049 50.89200896 0 P 0
L 16.6000049 51.24760896 16.9048049 51.09520896 0 P 0
L 16.6000049 51.55240896 16.9048049 51.70480896 0 P 0
L 16.6000049 51.65400896 17.1080049 51.90800896 0 P 0
L 16.6000049 55.94600952 17.1080049 55.69200952 0 P 0
L 16.6000049 56.04760952 16.9048049 55.89520952 0 P 0
L 16.6000049 56.35240952 16.9048049 56.50480952 0 P 0
L 16.6000049 56.45400952 17.1080049 56.70800952 0 P 0
L 16.63299696 62.992 16.63299696 63.246 0 P 0
L 16.63299696 63.754 16.63299696 64.008 0 P 0
L 16.65400022 30.09199976 16.90800022 30.09199976 0 P 0
L 16.65400022 30.59999976 16.90800022 30.34599976 0 P 0
L 16.65400022 30.59999976 16.90800022 30.85399976 0 P 0
L 16.65400022 31.10799976 16.90800022 31.10799976 0 P 0
L 16.6920037 11.29200434 16.9460037 11.80000434 0 P 0
L 16.6920037 11.29200434 17.2000037 11.54600434 0 P 0
L 16.6920037 12.30800434 16.9460037 11.80000434 0 P 0
L 16.6920037 12.30800434 17.2000037 12.05400434 0 P 0
L 16.6920037 13.69200462 16.9460037 14.20000462 0 P 0
L 16.6920037 13.69200462 17.2000037 13.94600462 0 P 0
L 16.6920037 14.70800462 16.9460037 14.20000462 0 P 0
L 16.6920037 14.70800462 17.2000037 14.45400462 0 P 0
L 16.6920037 18.49200518 16.9460037 19.00000518 0 P 0
L 16.6920037 18.49200518 17.2000037 18.74600518 0 P 0
L 16.6920037 19.50800518 16.9460037 19.00000518 0 P 0
L 16.6920037 19.50800518 17.2000037 19.25400518 0 P 0
L 16.6920037 25.69200602 16.9460037 26.20000602 0 P 0
L 16.6920037 25.69200602 17.2000037 25.94600602 0 P 0
L 16.6920037 26.70800602 16.9460037 26.20000602 0 P 0
L 16.6920037 26.70800602 17.2000037 26.45400602 0 P 0
L 16.6920037 28.0920063 16.9460037 28.6000063 0 P 0
L 16.6920037 28.0920063 17.2000037 28.3460063 0 P 0
L 16.6920037 29.1080063 16.9460037 28.6000063 0 P 0
L 16.6920037 29.1080063 17.2000037 28.8540063 0 P 0
L 16.6920037 42.49200798 16.9460037 43.00000798 0 P 0
L 16.6920037 42.49200798 17.2000037 42.74600798 0 P 0
L 16.6920037 43.50800798 16.9460037 43.00000798 0 P 0
L 16.6920037 43.50800798 17.2000037 43.25400798 0 P 0
L 16.6920037 44.89200826 16.9460037 45.40000826 0 P 0
L 16.6920037 44.89200826 17.2000037 45.14600826 0 P 0
L 16.6920037 45.90800826 16.9460037 45.40000826 0 P 0
L 16.6920037 45.90800826 17.2000037 45.65400826 0 P 0
L 16.6920037 56.89200966 16.9460037 57.40000966 0 P 0
L 16.6920037 56.89200966 17.2000037 57.14600966 0 P 0
L 16.6920037 57.90800966 16.9460037 57.40000966 0 P 0
L 16.6920037 57.90800966 17.2000037 57.65400966 0 P 0
L 16.70480022 30.29519976 16.70480022 30.44759976 0 P 0
L 16.70480022 30.75239976 16.70480022 30.90479976 0 P 0
L 16.73480016 8.6001987 16.73480016 9.2097987 0 P 0
L 16.7524049 5.80000364 16.9048049 5.49520364 0 P 0
L 16.7524049 5.80000364 16.9048049 6.10480364 0 P 0
L 16.7524049 10.6000042 16.9048049 10.2952042 0 P 0
L 16.7524049 10.6000042 16.9048049 10.9048042 0 P 0
L 16.7524049 15.40000476 16.9048049 15.09520476 0 P 0
L 16.7524049 15.40000476 16.9048049 15.70480476 0 P 0
L 16.7524049 27.40000616 16.9048049 27.09520616 0 P 0
L 16.7524049 27.40000616 16.9048049 27.70480616 0 P 0
L 16.7524049 39.40000756 16.9048049 39.09520756 0 P 0
L 16.7524049 39.40000756 16.9048049 39.70480756 0 P 0
L 16.7524049 44.20000812 16.9048049 43.89520812 0 P 0
L 16.7524049 44.20000812 16.9048049 44.50480812 0 P 0
L 16.7524049 46.6000084 16.9048049 46.2952084 0 P 0
L 16.7524049 46.6000084 16.9048049 46.9048084 0 P 0
L 16.7524049 51.40000896 16.9048049 51.09520896 0 P 0
L 16.7524049 51.40000896 16.9048049 51.70480896 0 P 0
L 16.7524049 56.20000952 16.9048049 55.89520952 0 P 0
L 16.7524049 56.20000952 16.9048049 56.50480952 0 P 0
L 16.8540049 5.80000364 17.1080049 5.29200364 0 P 0
L 16.8540049 5.80000364 17.1080049 6.30800364 0 P 0
L 16.8540049 10.6000042 17.1080049 10.0920042 0 P 0
L 16.8540049 10.6000042 17.1080049 11.1080042 0 P 0
L 16.8540049 15.40000476 17.1080049 14.89200476 0 P 0
L 16.8540049 15.40000476 17.1080049 15.90800476 0 P 0
L 16.8540049 27.40000616 17.1080049 26.89200616 0 P 0
L 16.8540049 27.40000616 17.1080049 27.90800616 0 P 0
L 16.8540049 39.40000756 17.1080049 38.89200756 0 P 0
L 16.8540049 39.40000756 17.1080049 39.90800756 0 P 0
L 16.8540049 44.20000812 17.1080049 43.69200812 0 P 0
L 16.8540049 44.20000812 17.1080049 44.70800812 0 P 0
L 16.8540049 46.6000084 17.1080049 46.0920084 0 P 0
L 16.8540049 46.6000084 17.1080049 47.1080084 0 P 0
L 16.8540049 51.40000896 17.1080049 50.89200896 0 P 0
L 16.8540049 51.40000896 17.1080049 51.90800896 0 P 0
L 16.8540049 56.20000952 17.1080049 55.69200952 0 P 0
L 16.8540049 56.20000952 17.1080049 56.70800952 0 P 0
L 16.8952037 11.49520434 17.0476037 11.80000434 0 P 0
L 16.8952037 11.49520434 17.2000037 11.64760434 0 P 0
L 16.8952037 12.10480434 17.0476037 11.80000434 0 P 0
L 16.8952037 12.10480434 17.2000037 11.95240434 0 P 0
L 16.8952037 13.89520462 17.0476037 14.20000462 0 P 0
L 16.8952037 13.89520462 17.2000037 14.04760462 0 P 0
L 16.8952037 14.50480462 17.0476037 14.20000462 0 P 0
L 16.8952037 14.50480462 17.2000037 14.35240462 0 P 0
L 16.8952037 18.69520518 17.0476037 19.00000518 0 P 0
L 16.8952037 18.69520518 17.2000037 18.84760518 0 P 0
L 16.8952037 19.30480518 17.0476037 19.00000518 0 P 0
L 16.8952037 19.30480518 17.2000037 19.15240518 0 P 0
L 16.8952037 25.89520602 17.0476037 26.20000602 0 P 0
L 16.8952037 25.89520602 17.2000037 26.04760602 0 P 0
L 16.8952037 26.50480602 17.0476037 26.20000602 0 P 0
L 16.8952037 26.50480602 17.2000037 26.35240602 0 P 0
L 16.8952037 28.2952063 17.0476037 28.6000063 0 P 0
L 16.8952037 28.2952063 17.2000037 28.4476063 0 P 0
L 16.8952037 28.9048063 17.0476037 28.6000063 0 P 0
L 16.8952037 28.9048063 17.2000037 28.7524063 0 P 0
L 16.8952037 42.69520798 17.0476037 43.00000798 0 P 0
L 16.8952037 42.69520798 17.2000037 42.84760798 0 P 0
L 16.8952037 43.30480798 17.0476037 43.00000798 0 P 0
L 16.8952037 43.30480798 17.2000037 43.15240798 0 P 0
L 16.8952037 45.09520826 17.0476037 45.40000826 0 P 0
L 16.8952037 45.09520826 17.2000037 45.24760826 0 P 0
L 16.8952037 45.70480826 17.0476037 45.40000826 0 P 0
L 16.8952037 45.70480826 17.2000037 45.55240826 0 P 0
L 16.8952037 57.09520966 17.0476037 57.40000966 0 P 0
L 16.8952037 57.09520966 17.2000037 57.24760966 0 P 0
L 16.8952037 57.70480966 17.0476037 57.40000966 0 P 0
L 16.8952037 57.70480966 17.2000037 57.55240966 0 P 0
L 16.90800022 30.09199976 16.90800022 30.34599976 0 P 0
L 16.90800022 30.85399976 16.90800022 31.10799976 0 P 0
L 16.93800016 8.3969987 16.93800016 9.4129987 0 P 0
L 16.94200066 6.61699972 16.94200066 7.63299972 0 P 0
L 16.94200066 6.61699972 17.95800066 6.61699972 0 P 0
L 16.94200066 7.63299972 17.95800066 7.63299972 0 P 0
L 16.99199802 60.49599788 16.99199802 61.00399788 0 P 0
L 16.99199802 60.49599788 17.24599802 60.49599788 0 P 0
L 16.99199802 61.00399788 17.24599802 61.00399788 0 P 0
L 17.14520066 6.82019972 17.14520066 7.42979972 0 P 0
L 17.14520066 6.82019972 17.75480066 6.82019972 0 P 0
L 17.14520066 7.42979972 17.75480066 7.42979972 0 P 0
L 17.2000037 11.54600434 17.7080037 11.29200434 0 P 0
L 17.2000037 11.64760434 17.5048037 11.49520434 0 P 0
L 17.2000037 11.95240434 17.5048037 12.10480434 0 P 0
L 17.2000037 12.05400434 17.7080037 12.30800434 0 P 0
L 17.2000037 13.94600462 17.7080037 13.69200462 0 P 0
L 17.2000037 14.04760462 17.5048037 13.89520462 0 P 0
L 17.2000037 14.35240462 17.5048037 14.50480462 0 P 0
L 17.2000037 14.45400462 17.7080037 14.70800462 0 P 0
L 17.2000037 18.74600518 17.7080037 18.49200518 0 P 0
L 17.2000037 18.84760518 17.5048037 18.69520518 0 P 0
L 17.2000037 19.15240518 17.5048037 19.30480518 0 P 0
L 17.2000037 19.25400518 17.7080037 19.50800518 0 P 0
L 17.2000037 25.94600602 17.7080037 25.69200602 0 P 0
L 17.2000037 26.04760602 17.5048037 25.89520602 0 P 0
L 17.2000037 26.35240602 17.5048037 26.50480602 0 P 0
L 17.2000037 26.45400602 17.7080037 26.70800602 0 P 0
L 17.2000037 28.3460063 17.7080037 28.0920063 0 P 0
L 17.2000037 28.4476063 17.5048037 28.2952063 0 P 0
L 17.2000037 28.7524063 17.5048037 28.9048063 0 P 0
L 17.2000037 28.8540063 17.7080037 29.1080063 0 P 0
L 17.2000037 42.74600798 17.7080037 42.49200798 0 P 0
L 17.2000037 42.84760798 17.5048037 42.69520798 0 P 0
L 17.2000037 43.15240798 17.5048037 43.30480798 0 P 0
L 17.2000037 43.25400798 17.7080037 43.50800798 0 P 0
L 17.2000037 45.14600826 17.7080037 44.89200826 0 P 0
L 17.2000037 45.24760826 17.5048037 45.09520826 0 P 0
L 17.2000037 45.55240826 17.5048037 45.70480826 0 P 0
L 17.2000037 45.65400826 17.7080037 45.90800826 0 P 0
L 17.2000037 57.14600966 17.7080037 56.89200966 0 P 0
L 17.2000037 57.24760966 17.5048037 57.09520966 0 P 0
L 17.2000037 57.55240966 17.5048037 57.70480966 0 P 0
L 17.2000037 57.65400966 17.7080037 57.90800966 0 P 0
L 17.24599802 60.24199788 17.24599802 60.49599788 0 P 0
L 17.24599802 60.24199788 17.75399802 60.24199788 0 P 0
L 17.24599802 61.00399788 17.24599802 61.25799788 0 P 0
L 17.24599802 61.25799788 17.75399802 61.25799788 0 P 0
L 17.29200504 10.0920042 17.54600504 10.6000042 0 P 0
L 17.29200504 10.0920042 17.80000504 10.3460042 0 P 0
L 17.29200504 11.1080042 17.54600504 10.6000042 0 P 0
L 17.29200504 11.1080042 17.80000504 10.8540042 0 P 0
L 17.29200504 12.49200448 17.54600504 13.00000448 0 P 0
L 17.29200504 12.49200448 17.80000504 12.74600448 0 P 0
L 17.29200504 13.50800448 17.54600504 13.00000448 0 P 0
L 17.29200504 13.50800448 17.80000504 13.25400448 0 P 0
L 17.29200504 17.29200504 17.54600504 17.80000504 0 P 0
L 17.29200504 17.29200504 17.80000504 17.54600504 0 P 0
L 17.29200504 18.30800504 17.54600504 17.80000504 0 P 0
L 17.29200504 18.30800504 17.80000504 18.05400504 0 P 0
L 17.29200504 26.89200616 17.54600504 27.40000616 0 P 0
L 17.29200504 26.89200616 17.80000504 27.14600616 0 P 0
L 17.29200504 27.90800616 17.54600504 27.40000616 0 P 0
L 17.29200504 27.90800616 17.80000504 27.65400616 0 P 0
L 17.29200504 43.69200812 17.54600504 44.20000812 0 P 0
L 17.29200504 43.69200812 17.80000504 43.94600812 0 P 0
L 17.29200504 44.70800812 17.54600504 44.20000812 0 P 0
L 17.29200504 44.70800812 17.80000504 44.45400812 0 P 0
L 17.29200504 46.0920084 17.54600504 46.6000084 0 P 0
L 17.29200504 46.0920084 17.80000504 46.3460084 0 P 0
L 17.29200504 47.1080084 17.54600504 46.6000084 0 P 0
L 17.29200504 47.1080084 17.80000504 46.8540084 0 P 0
L 17.29200504 58.0920098 17.54600504 58.6000098 0 P 0
L 17.29200504 58.0920098 17.80000504 58.3460098 0 P 0
L 17.29200504 59.1080098 17.54600504 58.6000098 0 P 0
L 17.29200504 59.1080098 17.80000504 58.8540098 0 P 0
L 17.29200504 62.89201036 17.54600504 63.40001036 0 P 0
L 17.29200504 62.89201036 17.80000504 63.14601036 0 P 0
L 17.29200504 63.90801036 17.54600504 63.40001036 0 P 0
L 17.29200504 63.90801036 17.80000504 63.65401036 0 P 0
L 17.3524037 11.80000434 17.5048037 11.49520434 0 P 0
L 17.3524037 11.80000434 17.5048037 12.10480434 0 P 0
L 17.3524037 14.20000462 17.5048037 13.89520462 0 P 0
L 17.3524037 14.20000462 17.5048037 14.50480462 0 P 0
L 17.3524037 19.00000518 17.5048037 18.69520518 0 P 0
L 17.3524037 19.00000518 17.5048037 19.30480518 0 P 0
L 17.3524037 26.20000602 17.5048037 25.89520602 0 P 0
L 17.3524037 26.20000602 17.5048037 26.50480602 0 P 0
L 17.3524037 28.6000063 17.5048037 28.2952063 0 P 0
L 17.3524037 28.6000063 17.5048037 28.9048063 0 P 0
L 17.3524037 43.00000798 17.5048037 42.69520798 0 P 0
L 17.3524037 43.00000798 17.5048037 43.30480798 0 P 0
L 17.3524037 45.40000826 17.5048037 45.09520826 0 P 0
L 17.3524037 45.40000826 17.5048037 45.70480826 0 P 0
L 17.3524037 57.40000966 17.5048037 57.09520966 0 P 0
L 17.3524037 57.40000966 17.5048037 57.70480966 0 P 0
L 17.4540037 11.80000434 17.7080037 11.29200434 0 P 0
L 17.4540037 11.80000434 17.7080037 12.30800434 0 P 0
L 17.4540037 14.20000462 17.7080037 13.69200462 0 P 0
L 17.4540037 14.20000462 17.7080037 14.70800462 0 P 0
L 17.4540037 19.00000518 17.7080037 18.49200518 0 P 0
L 17.4540037 19.00000518 17.7080037 19.50800518 0 P 0
L 17.4540037 26.20000602 17.7080037 25.69200602 0 P 0
L 17.4540037 26.20000602 17.7080037 26.70800602 0 P 0
L 17.4540037 28.6000063 17.7080037 28.0920063 0 P 0
L 17.4540037 28.6000063 17.7080037 29.1080063 0 P 0
L 17.4540037 43.00000798 17.7080037 42.49200798 0 P 0
L 17.4540037 43.00000798 17.7080037 43.50800798 0 P 0
L 17.4540037 45.40000826 17.7080037 44.89200826 0 P 0
L 17.4540037 45.40000826 17.7080037 45.90800826 0 P 0
L 17.4540037 57.40000966 17.7080037 56.89200966 0 P 0
L 17.4540037 57.40000966 17.7080037 57.90800966 0 P 0
L 17.49199956 38.69200034 17.49199956 38.94600034 0 P 0
L 17.49199956 38.69200034 17.74599956 38.69200034 0 P 0
L 17.49199956 38.94600034 17.74599956 39.20000034 0 P 0
L 17.49199956 39.45400034 17.49199956 39.70800034 0 P 0
L 17.49199956 39.45400034 17.74599956 39.20000034 0 P 0
L 17.49199956 39.70800034 17.74599956 39.70800034 0 P 0
L 17.49520504 10.2952042 17.64760504 10.6000042 0 P 0
L 17.49520504 10.2952042 17.80000504 10.4476042 0 P 0
L 17.49520504 10.9048042 17.64760504 10.6000042 0 P 0
L 17.49520504 10.9048042 17.80000504 10.7524042 0 P 0
L 17.49520504 12.69520448 17.64760504 13.00000448 0 P 0
L 17.49520504 12.69520448 17.80000504 12.84760448 0 P 0
L 17.49520504 13.30480448 17.64760504 13.00000448 0 P 0
L 17.49520504 13.30480448 17.80000504 13.15240448 0 P 0
L 17.49520504 17.49520504 17.64760504 17.80000504 0 P 0
L 17.49520504 17.49520504 17.80000504 17.64760504 0 P 0
L 17.49520504 18.10480504 17.64760504 17.80000504 0 P 0
L 17.49520504 18.10480504 17.80000504 17.95240504 0 P 0
L 17.49520504 27.09520616 17.64760504 27.40000616 0 P 0
L 17.49520504 27.09520616 17.80000504 27.24760616 0 P 0
L 17.49520504 27.70480616 17.64760504 27.40000616 0 P 0
L 17.49520504 27.70480616 17.80000504 27.55240616 0 P 0
L 17.49520504 43.89520812 17.64760504 44.20000812 0 P 0
L 17.49520504 43.89520812 17.80000504 44.04760812 0 P 0
L 17.49520504 44.50480812 17.64760504 44.20000812 0 P 0
L 17.49520504 44.50480812 17.80000504 44.35240812 0 P 0
L 17.49520504 46.2952084 17.64760504 46.6000084 0 P 0
L 17.49520504 46.2952084 17.80000504 46.4476084 0 P 0
L 17.49520504 46.9048084 17.64760504 46.6000084 0 P 0
L 17.49520504 46.9048084 17.80000504 46.7524084 0 P 0
L 17.49520504 58.2952098 17.64760504 58.6000098 0 P 0
L 17.49520504 58.2952098 17.80000504 58.4476098 0 P 0
L 17.49520504 58.9048098 17.64760504 58.6000098 0 P 0
L 17.49520504 58.9048098 17.80000504 58.7524098 0 P 0
L 17.49520504 63.09521036 17.64760504 63.40001036 0 P 0
L 17.49520504 63.09521036 17.80000504 63.24761036 0 P 0
L 17.49520504 63.70481036 17.64760504 63.40001036 0 P 0
L 17.49520504 63.70481036 17.80000504 63.55241036 0 P 0
L 17.69519956 38.89520034 17.69519956 39.04760034 0 P 0
L 17.69519956 38.89520034 17.84759956 38.89520034 0 P 0
L 17.69519956 39.04760034 17.84759956 39.20000034 0 P 0
L 17.69519956 39.35240034 17.69519956 39.50480034 0 P 0
L 17.69519956 39.35240034 17.84759956 39.20000034 0 P 0
L 17.69519956 39.50480034 17.84759956 39.50480034 0 P 0
L 17.74599956 38.69200034 17.99999956 38.94600034 0 P 0
L 17.74599956 39.70800034 17.99999956 39.45400034 0 P 0
L 17.75399802 60.24199788 17.75399802 60.49599788 0 P 0
L 17.75399802 60.49599788 18.00799802 60.49599788 0 P 0
L 17.75399802 61.00399788 17.75399802 61.25799788 0 P 0
L 17.75399802 61.00399788 18.00799802 61.00399788 0 P 0
L 17.75480066 6.82019972 17.75480066 7.42979972 0 P 0
L 17.80000504 10.3460042 18.30800504 10.0920042 0 P 0
L 17.80000504 10.4476042 18.10480504 10.2952042 0 P 0
L 17.80000504 10.7524042 18.10480504 10.9048042 0 P 0
L 17.80000504 10.8540042 18.30800504 11.1080042 0 P 0
L 17.80000504 12.74600448 18.30800504 12.49200448 0 P 0
L 17.80000504 12.84760448 18.10480504 12.69520448 0 P 0
L 17.80000504 13.15240448 18.10480504 13.30480448 0 P 0
L 17.80000504 13.25400448 18.30800504 13.50800448 0 P 0
L 17.80000504 17.54600504 18.30800504 17.29200504 0 P 0
L 17.80000504 17.64760504 18.10480504 17.49520504 0 P 0
L 17.80000504 17.95240504 18.10480504 18.10480504 0 P 0
L 17.80000504 18.05400504 18.30800504 18.30800504 0 P 0
L 17.80000504 27.14600616 18.30800504 26.89200616 0 P 0
L 17.80000504 27.24760616 18.10480504 27.09520616 0 P 0
L 17.80000504 27.55240616 18.10480504 27.70480616 0 P 0
L 17.80000504 27.65400616 18.30800504 27.90800616 0 P 0
L 17.80000504 43.94600812 18.30800504 43.69200812 0 P 0
L 17.80000504 44.04760812 18.10480504 43.89520812 0 P 0
L 17.80000504 44.35240812 18.10480504 44.50480812 0 P 0
L 17.80000504 44.45400812 18.30800504 44.70800812 0 P 0
L 17.80000504 46.3460084 18.30800504 46.0920084 0 P 0
L 17.80000504 46.4476084 18.10480504 46.2952084 0 P 0
L 17.80000504 46.7524084 18.10480504 46.9048084 0 P 0
L 17.80000504 46.8540084 18.30800504 47.1080084 0 P 0
L 17.80000504 58.3460098 18.30800504 58.0920098 0 P 0
L 17.80000504 58.4476098 18.10480504 58.2952098 0 P 0
L 17.80000504 58.7524098 18.10480504 58.9048098 0 P 0
L 17.80000504 58.8540098 18.30800504 59.1080098 0 P 0
L 17.80000504 63.14601036 18.30800504 62.89201036 0 P 0
L 17.80000504 63.24761036 18.10480504 63.09521036 0 P 0
L 17.80000504 63.55241036 18.10480504 63.70481036 0 P 0
L 17.80000504 63.65401036 18.30800504 63.90801036 0 P 0
L 17.84759956 38.89520034 17.99999956 39.04760034 0 P 0
L 17.84759956 39.50480034 17.99999956 39.35240034 0 P 0
L 17.89199876 52.72099946 18.14599876 52.72099946 0 P 0
L 17.89199876 52.72099946 18.14599876 52.97499946 0 P 0
L 17.89199876 53.22899946 18.14599876 52.97499946 0 P 0
L 17.89199876 53.22899946 18.14599876 53.22899946 0 P 0
L 17.89200384 11.29200434 18.14600384 11.80000434 0 P 0
L 17.89200384 11.29200434 18.40000384 11.54600434 0 P 0
L 17.89200384 12.30800434 18.14600384 11.80000434 0 P 0
L 17.89200384 12.30800434 18.40000384 12.05400434 0 P 0
L 17.89200384 13.69200462 18.14600384 14.20000462 0 P 0
L 17.89200384 13.69200462 18.40000384 13.94600462 0 P 0
L 17.89200384 14.70800462 18.14600384 14.20000462 0 P 0
L 17.89200384 14.70800462 18.40000384 14.45400462 0 P 0
L 17.89200384 18.49200518 18.14600384 19.00000518 0 P 0
L 17.89200384 18.49200518 18.40000384 18.74600518 0 P 0
L 17.89200384 19.50800518 18.14600384 19.00000518 0 P 0
L 17.89200384 19.50800518 18.40000384 19.25400518 0 P 0
L 17.89200384 42.49200798 18.14600384 43.00000798 0 P 0
L 17.89200384 42.49200798 18.40000384 42.74600798 0 P 0
L 17.89200384 43.50800798 18.14600384 43.00000798 0 P 0
L 17.89200384 43.50800798 18.40000384 43.25400798 0 P 0
L 17.89200384 44.89200826 18.14600384 45.40000826 0 P 0
L 17.89200384 44.89200826 18.40000384 45.14600826 0 P 0
L 17.89200384 45.90800826 18.14600384 45.40000826 0 P 0
L 17.89200384 45.90800826 18.40000384 45.65400826 0 P 0
L 17.95240504 10.6000042 18.10480504 10.2952042 0 P 0
L 17.95240504 10.6000042 18.10480504 10.9048042 0 P 0
L 17.95240504 13.00000448 18.10480504 12.69520448 0 P 0
L 17.95240504 13.00000448 18.10480504 13.30480448 0 P 0
L 17.95240504 17.80000504 18.10480504 17.49520504 0 P 0
L 17.95240504 17.80000504 18.10480504 18.10480504 0 P 0
L 17.95240504 27.40000616 18.10480504 27.09520616 0 P 0
L 17.95240504 27.40000616 18.10480504 27.70480616 0 P 0
L 17.95240504 44.20000812 18.10480504 43.89520812 0 P 0
L 17.95240504 44.20000812 18.10480504 44.50480812 0 P 0
L 17.95240504 46.6000084 18.10480504 46.2952084 0 P 0
L 17.95240504 46.6000084 18.10480504 46.9048084 0 P 0
L 17.95240504 58.6000098 18.10480504 58.2952098 0 P 0
L 17.95240504 58.6000098 18.10480504 58.9048098 0 P 0
L 17.95240504 63.40001036 18.10480504 63.09521036 0 P 0
L 17.95240504 63.40001036 18.10480504 63.70481036 0 P 0
L 17.95800066 6.61699972 17.95800066 7.63299972 0 P 0
L 17.96200116 8.3969987 17.96200116 9.4129987 0 P 0
L 17.96200116 8.3969987 18.97800116 8.3969987 0 P 0
L 17.96200116 9.4129987 18.97800116 9.4129987 0 P 0
L 17.99999956 38.94600034 18.25399956 38.69200034 0 P 0
L 17.99999956 39.04760034 18.15239956 38.89520034 0 P 0
L 17.99999956 39.35240034 18.15239956 39.50480034 0 P 0
L 17.99999956 39.45400034 18.25399956 39.70800034 0 P 0
L 18.00799802 60.49599788 18.00799802 61.00399788 0 P 0
L 18.05400504 10.6000042 18.30800504 10.0920042 0 P 0
L 18.05400504 10.6000042 18.30800504 11.1080042 0 P 0
L 18.05400504 13.00000448 18.30800504 12.49200448 0 P 0
L 18.05400504 13.00000448 18.30800504 13.50800448 0 P 0
L 18.05400504 17.80000504 18.30800504 17.29200504 0 P 0
L 18.05400504 17.80000504 18.30800504 18.30800504 0 P 0
L 18.05400504 27.40000616 18.30800504 26.89200616 0 P 0
L 18.05400504 27.40000616 18.30800504 27.90800616 0 P 0
L 18.05400504 44.20000812 18.30800504 43.69200812 0 P 0
L 18.05400504 44.20000812 18.30800504 44.70800812 0 P 0
L 18.05400504 46.6000084 18.30800504 46.0920084 0 P 0
L 18.05400504 46.6000084 18.30800504 47.1080084 0 P 0
L 18.05400504 58.6000098 18.30800504 58.0920098 0 P 0
L 18.05400504 58.6000098 18.30800504 59.1080098 0 P 0
L 18.05400504 63.40001036 18.30800504 62.89201036 0 P 0
L 18.05400504 63.40001036 18.30800504 63.90801036 0 P 0
L 18.09519876 52.82259946 18.24759876 52.82259946 0 P 0
L 18.09519876 52.82259946 18.24759876 52.97499946 0 P 0
L 18.09519876 53.12739946 18.24759876 52.97499946 0 P 0
L 18.09519876 53.12739946 18.24759876 53.12739946 0 P 0
L 18.09520384 11.49520434 18.24760384 11.80000434 0 P 0
L 18.09520384 11.49520434 18.40000384 11.64760434 0 P 0
L 18.09520384 12.10480434 18.24760384 11.80000434 0 P 0
L 18.09520384 12.10480434 18.40000384 11.95240434 0 P 0
L 18.09520384 13.89520462 18.24760384 14.20000462 0 P 0
L 18.09520384 13.89520462 18.40000384 14.04760462 0 P 0
L 18.09520384 14.50480462 18.24760384 14.20000462 0 P 0
L 18.09520384 14.50480462 18.40000384 14.35240462 0 P 0
L 18.09520384 18.69520518 18.24760384 19.00000518 0 P 0
L 18.09520384 18.69520518 18.40000384 18.84760518 0 P 0
L 18.09520384 19.30480518 18.24760384 19.00000518 0 P 0
L 18.09520384 19.30480518 18.40000384 19.15240518 0 P 0
L 18.09520384 42.69520798 18.24760384 43.00000798 0 P 0
L 18.09520384 42.69520798 18.40000384 42.84760798 0 P 0
L 18.09520384 43.30480798 18.24760384 43.00000798 0 P 0
L 18.09520384 43.30480798 18.40000384 43.15240798 0 P 0
L 18.09520384 45.09520826 18.24760384 45.40000826 0 P 0
L 18.09520384 45.09520826 18.40000384 45.24760826 0 P 0
L 18.09520384 45.70480826 18.24760384 45.40000826 0 P 0
L 18.09520384 45.70480826 18.40000384 45.55240826 0 P 0
L 18.14599876 52.72099946 18.39999876 52.46699946 0 P 0
L 18.14599876 53.22899946 18.39999876 53.48299946 0 P 0
L 18.15239956 38.89520034 18.30479956 38.89520034 0 P 0
L 18.15239956 39.20000034 18.30479956 39.04760034 0 P 0
L 18.15239956 39.20000034 18.30479956 39.35240034 0 P 0
L 18.15239956 39.50480034 18.30479956 39.50480034 0 P 0
L 18.16520116 8.6001987 18.16520116 9.2097987 0 P 0
L 18.16520116 8.6001987 18.77480116 8.6001987 0 P 0
L 18.16520116 9.2097987 18.77480116 9.2097987 0 P 0
L 18.24759876 52.82259946 18.39999876 52.67019946 0 P 0
L 18.24759876 53.12739946 18.39999876 53.27979946 0 P 0
L 18.25399956 38.69200034 18.50799956 38.69200034 0 P 0
L 18.25399956 39.20000034 18.50799956 38.94600034 0 P 0
L 18.25399956 39.20000034 18.50799956 39.45400034 0 P 0
L 18.25399956 39.70800034 18.50799956 39.70800034 0 P 0
L 18.30479956 38.89520034 18.30479956 39.04760034 0 P 0
L 18.30479956 39.35240034 18.30479956 39.50480034 0 P 0
L 18.39999876 52.46699946 18.65399876 52.72099946 0 P 0
L 18.39999876 52.67019946 18.55239876 52.82259946 0 P 0
L 18.39999876 53.27979946 18.55239876 53.12739946 0 P 0
L 18.39999876 53.48299946 18.65399876 53.22899946 0 P 0
L 18.40000384 11.54600434 18.90800384 11.29200434 0 P 0
L 18.40000384 11.64760434 18.70480384 11.49520434 0 P 0
L 18.40000384 11.95240434 18.70480384 12.10480434 0 P 0
L 18.40000384 12.05400434 18.90800384 12.30800434 0 P 0
L 18.40000384 13.94600462 18.90800384 13.69200462 0 P 0
L 18.40000384 14.04760462 18.70480384 13.89520462 0 P 0
L 18.40000384 14.35240462 18.70480384 14.50480462 0 P 0
L 18.40000384 14.45400462 18.90800384 14.70800462 0 P 0
L 18.40000384 18.74600518 18.90800384 18.49200518 0 P 0
L 18.40000384 18.84760518 18.70480384 18.69520518 0 P 0
L 18.40000384 19.15240518 18.70480384 19.30480518 0 P 0
L 18.40000384 19.25400518 18.90800384 19.50800518 0 P 0
L 18.40000384 42.74600798 18.90800384 42.49200798 0 P 0
L 18.40000384 42.84760798 18.70480384 42.69520798 0 P 0
L 18.40000384 43.15240798 18.70480384 43.30480798 0 P 0
L 18.40000384 43.25400798 18.90800384 43.50800798 0 P 0
L 18.40000384 45.14600826 18.90800384 44.89200826 0 P 0
L 18.40000384 45.24760826 18.70480384 45.09520826 0 P 0
L 18.40000384 45.55240826 18.70480384 45.70480826 0 P 0
L 18.40000384 45.65400826 18.90800384 45.90800826 0 P 0
L 18.49200518 5.29200364 18.74600518 5.80000364 0 P 0
L 18.49200518 5.29200364 19.00000518 5.54600364 0 P 0
L 18.49200518 6.30800364 18.74600518 5.80000364 0 P 0
L 18.49200518 6.30800364 19.00000518 6.05400364 0 P 0
L 18.49200518 10.0920042 18.74600518 10.6000042 0 P 0
L 18.49200518 10.0920042 19.00000518 10.3460042 0 P 0
L 18.49200518 11.1080042 18.74600518 10.6000042 0 P 0
L 18.49200518 11.1080042 19.00000518 10.8540042 0 P 0
L 18.49200518 12.49200448 18.74600518 13.00000448 0 P 0
L 18.49200518 12.49200448 19.00000518 12.74600448 0 P 0
L 18.49200518 13.50800448 18.74600518 13.00000448 0 P 0
L 18.49200518 13.50800448 19.00000518 13.25400448 0 P 0
L 18.49200518 17.29200504 18.74600518 17.80000504 0 P 0
L 18.49200518 17.29200504 19.00000518 17.54600504 0 P 0
L 18.49200518 18.30800504 18.74600518 17.80000504 0 P 0
L 18.49200518 18.30800504 19.00000518 18.05400504 0 P 0
L 18.49200518 24.49200588 18.74600518 25.00000588 0 P 0
L 18.49200518 24.49200588 19.00000518 24.74600588 0 P 0
L 18.49200518 25.50800588 18.74600518 25.00000588 0 P 0
L 18.49200518 25.50800588 19.00000518 25.25400588 0 P 0
L 18.49200518 41.29200784 18.74600518 41.80000784 0 P 0
L 18.49200518 41.29200784 19.00000518 41.54600784 0 P 0
L 18.49200518 42.30800784 18.74600518 41.80000784 0 P 0
L 18.49200518 42.30800784 19.00000518 42.05400784 0 P 0
L 18.49200518 43.69200812 18.74600518 44.20000812 0 P 0
L 18.49200518 43.69200812 19.00000518 43.94600812 0 P 0
L 18.49200518 44.70800812 18.74600518 44.20000812 0 P 0
L 18.49200518 44.70800812 19.00000518 44.45400812 0 P 0
L 18.49200518 46.0920084 18.74600518 46.6000084 0 P 0
L 18.49200518 46.0920084 19.00000518 46.3460084 0 P 0
L 18.49200518 47.1080084 18.74600518 46.6000084 0 P 0
L 18.49200518 47.1080084 19.00000518 46.8540084 0 P 0
L 18.49200518 62.89201036 18.74600518 63.40001036 0 P 0
L 18.49200518 62.89201036 19.00000518 63.14601036 0 P 0
L 18.49200518 63.90801036 18.74600518 63.40001036 0 P 0
L 18.49200518 63.90801036 19.00000518 63.65401036 0 P 0
L 18.50799956 38.69200034 18.50799956 38.94600034 0 P 0
L 18.50799956 39.45400034 18.50799956 39.70800034 0 P 0
L 18.54700126 55.94599936 18.80100126 55.94599936 0 P 0
L 18.54700126 55.94599936 18.80100126 56.19999936 0 P 0
L 18.54700126 56.45399936 18.80100126 56.19999936 0 P 0
L 18.54700126 56.45399936 18.80100126 56.45399936 0 P 0
L 18.55239876 52.82259946 18.70479876 52.82259946 0 P 0
L 18.55239876 52.97499946 18.70479876 52.82259946 0 P 0
L 18.55239876 52.97499946 18.70479876 53.12739946 0 P 0
L 18.55239876 53.12739946 18.70479876 53.12739946 0 P 0
L 18.55240384 11.80000434 18.70480384 11.49520434 0 P 0
L 18.55240384 11.80000434 18.70480384 12.10480434 0 P 0
L 18.55240384 14.20000462 18.70480384 13.89520462 0 P 0
L 18.55240384 14.20000462 18.70480384 14.50480462 0 P 0
L 18.55240384 19.00000518 18.70480384 18.69520518 0 P 0
L 18.55240384 19.00000518 18.70480384 19.30480518 0 P 0
L 18.55240384 43.00000798 18.70480384 42.69520798 0 P 0
L 18.55240384 43.00000798 18.70480384 43.30480798 0 P 0
L 18.55240384 45.40000826 18.70480384 45.09520826 0 P 0
L 18.55240384 45.40000826 18.70480384 45.70480826 0 P 0
L 18.65399876 52.72099946 18.90799876 52.72099946 0 P 0
L 18.65399876 52.97499946 18.90799876 52.72099946 0 P 0
L 18.65399876 52.97499946 18.90799876 53.22899946 0 P 0
L 18.65399876 53.22899946 18.90799876 53.22899946 0 P 0
L 18.65400384 11.80000434 18.90800384 11.29200434 0 P 0
L 18.65400384 11.80000434 18.90800384 12.30800434 0 P 0
L 18.65400384 14.20000462 18.90800384 13.69200462 0 P 0
L 18.65400384 14.20000462 18.90800384 14.70800462 0 P 0
L 18.65400384 19.00000518 18.90800384 18.49200518 0 P 0
L 18.65400384 19.00000518 18.90800384 19.50800518 0 P 0
L 18.65400384 43.00000798 18.90800384 42.49200798 0 P 0
L 18.65400384 43.00000798 18.90800384 43.50800798 0 P 0
L 18.65400384 45.40000826 18.90800384 44.89200826 0 P 0
L 18.65400384 45.40000826 18.90800384 45.90800826 0 P 0
L 18.69520518 5.49520364 18.84760518 5.80000364 0 P 0
L 18.69520518 5.49520364 19.00000518 5.64760364 0 P 0
L 18.69520518 6.10480364 18.84760518 5.80000364 0 P 0
L 18.69520518 6.10480364 19.00000518 5.95240364 0 P 0
L 18.69520518 10.2952042 18.84760518 10.6000042 0 P 0
L 18.69520518 10.2952042 19.00000518 10.4476042 0 P 0
L 18.69520518 10.9048042 18.84760518 10.6000042 0 P 0
L 18.69520518 10.9048042 19.00000518 10.7524042 0 P 0
L 18.69520518 12.69520448 18.84760518 13.00000448 0 P 0
L 18.69520518 12.69520448 19.00000518 12.84760448 0 P 0
L 18.69520518 13.30480448 18.84760518 13.00000448 0 P 0
L 18.69520518 13.30480448 19.00000518 13.15240448 0 P 0
L 18.69520518 17.49520504 18.84760518 17.80000504 0 P 0
L 18.69520518 17.49520504 19.00000518 17.64760504 0 P 0
L 18.69520518 18.10480504 18.84760518 17.80000504 0 P 0
L 18.69520518 18.10480504 19.00000518 17.95240504 0 P 0
L 18.69520518 24.69520588 18.84760518 25.00000588 0 P 0
L 18.69520518 24.69520588 19.00000518 24.84760588 0 P 0
L 18.69520518 25.30480588 18.84760518 25.00000588 0 P 0
L 18.69520518 25.30480588 19.00000518 25.15240588 0 P 0
L 18.69520518 41.49520784 18.84760518 41.80000784 0 P 0
L 18.69520518 41.49520784 19.00000518 41.64760784 0 P 0
L 18.69520518 42.10480784 18.84760518 41.80000784 0 P 0
L 18.69520518 42.10480784 19.00000518 41.95240784 0 P 0
L 18.69520518 43.89520812 18.84760518 44.20000812 0 P 0
L 18.69520518 43.89520812 19.00000518 44.04760812 0 P 0
L 18.69520518 44.50480812 18.84760518 44.20000812 0 P 0
L 18.69520518 44.50480812 19.00000518 44.35240812 0 P 0
L 18.69520518 46.2952084 18.84760518 46.6000084 0 P 0
L 18.69520518 46.2952084 19.00000518 46.4476084 0 P 0
L 18.69520518 46.9048084 18.84760518 46.6000084 0 P 0
L 18.69520518 46.9048084 19.00000518 46.7524084 0 P 0
L 18.69520518 63.09521036 18.84760518 63.40001036 0 P 0
L 18.69520518 63.09521036 19.00000518 63.24761036 0 P 0
L 18.69520518 63.70481036 18.84760518 63.40001036 0 P 0
L 18.69520518 63.70481036 19.00000518 63.55241036 0 P 0
L 18.75020126 56.04759936 18.90260126 56.04759936 0 P 0
L 18.75020126 56.04759936 18.90260126 56.19999936 0 P 0
L 18.75020126 56.35239936 18.90260126 56.19999936 0 P 0
L 18.75020126 56.35239936 18.90260126 56.35239936 0 P 0
L 18.77480116 8.6001987 18.77480116 9.2097987 0 P 0
L 18.80100126 55.94599936 19.05500126 55.69199936 0 P 0
L 18.80100126 56.45399936 19.05500126 56.70799936 0 P 0
L 18.90260126 56.04759936 19.05500126 55.89519936 0 P 0
L 18.90260126 56.35239936 19.05500126 56.50479936 0 P 0
L 18.97800116 8.3969987 18.97800116 9.4129987 0 P 0
L 18.98200166 6.61699972 18.98200166 7.63299972 0 P 0
L 18.98200166 6.61699972 19.99800166 6.61699972 0 P 0
L 18.98200166 7.63299972 19.99800166 7.63299972 0 P 0
L 19.00000518 5.54600364 19.50800518 5.29200364 0 P 0
L 19.00000518 5.64760364 19.30480518 5.49520364 0 P 0
L 19.00000518 5.95240364 19.30480518 6.10480364 0 P 0
L 19.00000518 6.05400364 19.50800518 6.30800364 0 P 0
L 19.00000518 10.3460042 19.50800518 10.0920042 0 P 0
L 19.00000518 10.4476042 19.30480518 10.2952042 0 P 0
L 19.00000518 10.7524042 19.30480518 10.9048042 0 P 0
L 19.00000518 10.8540042 19.50800518 11.1080042 0 P 0
L 19.00000518 12.74600448 19.50800518 12.49200448 0 P 0
L 19.00000518 12.84760448 19.30480518 12.69520448 0 P 0
L 19.00000518 13.15240448 19.30480518 13.30480448 0 P 0
L 19.00000518 13.25400448 19.50800518 13.50800448 0 P 0
L 19.00000518 17.54600504 19.50800518 17.29200504 0 P 0
L 19.00000518 17.64760504 19.30480518 17.49520504 0 P 0
L 19.00000518 17.95240504 19.30480518 18.10480504 0 P 0
L 19.00000518 18.05400504 19.50800518 18.30800504 0 P 0
L 19.00000518 24.74600588 19.50800518 24.49200588 0 P 0
L 19.00000518 24.84760588 19.30480518 24.69520588 0 P 0
L 19.00000518 25.15240588 19.30480518 25.30480588 0 P 0
L 19.00000518 25.25400588 19.50800518 25.50800588 0 P 0
L 19.00000518 41.54600784 19.50800518 41.29200784 0 P 0
L 19.00000518 41.64760784 19.30480518 41.49520784 0 P 0
L 19.00000518 41.95240784 19.30480518 42.10480784 0 P 0
L 19.00000518 42.05400784 19.50800518 42.30800784 0 P 0
L 19.00000518 43.94600812 19.50800518 43.69200812 0 P 0
L 19.00000518 44.04760812 19.30480518 43.89520812 0 P 0
L 19.00000518 44.35240812 19.30480518 44.50480812 0 P 0
L 19.00000518 44.45400812 19.50800518 44.70800812 0 P 0
L 19.00000518 46.3460084 19.50800518 46.0920084 0 P 0
L 19.00000518 46.4476084 19.30480518 46.2952084 0 P 0
L 19.00000518 46.7524084 19.30480518 46.9048084 0 P 0
L 19.00000518 46.8540084 19.50800518 47.1080084 0 P 0
L 19.00000518 63.14601036 19.50800518 62.89201036 0 P 0
L 19.00000518 63.24761036 19.30480518 63.09521036 0 P 0
L 19.00000518 63.55241036 19.30480518 63.70481036 0 P 0
L 19.00000518 63.65401036 19.50800518 63.90801036 0 P 0
L 19.05500126 55.69199936 19.30900126 55.94599936 0 P 0
L 19.05500126 55.89519936 19.20740126 56.04759936 0 P 0
L 19.05500126 56.50479936 19.20740126 56.35239936 0 P 0
L 19.05500126 56.70799936 19.30900126 56.45399936 0 P 0
L 19.09200398 11.29200434 19.34600398 11.80000434 0 P 0
L 19.09200398 11.29200434 19.60000398 11.54600434 0 P 0
L 19.09200398 12.30800434 19.34600398 11.80000434 0 P 0
L 19.09200398 12.30800434 19.60000398 12.05400434 0 P 0
L 19.09200398 16.0920049 19.34600398 16.6000049 0 P 0
L 19.09200398 16.0920049 19.60000398 16.3460049 0 P 0
L 19.09200398 17.1080049 19.34600398 16.6000049 0 P 0
L 19.09200398 17.1080049 19.60000398 16.8540049 0 P 0
L 19.09200398 18.49200518 19.34600398 19.00000518 0 P 0
L 19.09200398 18.49200518 19.60000398 18.74600518 0 P 0
L 19.09200398 19.50800518 19.34600398 19.00000518 0 P 0
L 19.09200398 19.50800518 19.60000398 19.25400518 0 P 0
L 19.09200398 40.0920077 19.34600398 40.6000077 0 P 0
L 19.09200398 40.0920077 19.60000398 40.3460077 0 P 0
L 19.09200398 41.1080077 19.34600398 40.6000077 0 P 0
L 19.09200398 41.1080077 19.60000398 40.8540077 0 P 0
L 19.09200398 42.49200798 19.34600398 43.00000798 0 P 0
L 19.09200398 42.49200798 19.60000398 42.74600798 0 P 0
L 19.09200398 43.50800798 19.34600398 43.00000798 0 P 0
L 19.09200398 43.50800798 19.60000398 43.25400798 0 P 0
L 19.09200398 44.89200826 19.34600398 45.40000826 0 P 0
L 19.09200398 44.89200826 19.60000398 45.14600826 0 P 0
L 19.09200398 45.90800826 19.34600398 45.40000826 0 P 0
L 19.09200398 45.90800826 19.60000398 45.65400826 0 P 0
L 19.15240518 5.80000364 19.30480518 5.49520364 0 P 0
L 19.15240518 5.80000364 19.30480518 6.10480364 0 P 0
L 19.15240518 10.6000042 19.30480518 10.2952042 0 P 0
L 19.15240518 10.6000042 19.30480518 10.9048042 0 P 0
L 19.15240518 13.00000448 19.30480518 12.69520448 0 P 0
L 19.15240518 13.00000448 19.30480518 13.30480448 0 P 0
L 19.15240518 17.80000504 19.30480518 17.49520504 0 P 0
L 19.15240518 17.80000504 19.30480518 18.10480504 0 P 0
L 19.15240518 25.00000588 19.30480518 24.69520588 0 P 0
L 19.15240518 25.00000588 19.30480518 25.30480588 0 P 0
L 19.15240518 41.80000784 19.30480518 41.49520784 0 P 0
L 19.15240518 41.80000784 19.30480518 42.10480784 0 P 0
L 19.15240518 44.20000812 19.30480518 43.89520812 0 P 0
L 19.15240518 44.20000812 19.30480518 44.50480812 0 P 0
L 19.15240518 46.6000084 19.30480518 46.2952084 0 P 0
L 19.15240518 46.6000084 19.30480518 46.9048084 0 P 0
L 19.15240518 63.40001036 19.30480518 63.09521036 0 P 0
L 19.15240518 63.40001036 19.30480518 63.70481036 0 P 0
L 19.18520166 6.82019972 19.18520166 7.42979972 0 P 0
L 19.18520166 6.82019972 19.79480166 6.82019972 0 P 0
L 19.18520166 7.42979972 19.79480166 7.42979972 0 P 0
L 19.20740126 56.04759936 19.35980126 56.04759936 0 P 0
L 19.20740126 56.19999936 19.35980126 56.04759936 0 P 0
L 19.20740126 56.19999936 19.35980126 56.35239936 0 P 0
L 19.20740126 56.35239936 19.35980126 56.35239936 0 P 0
L 19.25400518 5.80000364 19.50800518 5.29200364 0 P 0
L 19.25400518 5.80000364 19.50800518 6.30800364 0 P 0
L 19.25400518 10.6000042 19.50800518 10.0920042 0 P 0
L 19.25400518 10.6000042 19.50800518 11.1080042 0 P 0
L 19.25400518 13.00000448 19.50800518 12.49200448 0 P 0
L 19.25400518 13.00000448 19.50800518 13.50800448 0 P 0
L 19.25400518 17.80000504 19.50800518 17.29200504 0 P 0
L 19.25400518 17.80000504 19.50800518 18.30800504 0 P 0
L 19.25400518 25.00000588 19.50800518 24.49200588 0 P 0
L 19.25400518 25.00000588 19.50800518 25.50800588 0 P 0
L 19.25400518 41.80000784 19.50800518 41.29200784 0 P 0
L 19.25400518 41.80000784 19.50800518 42.30800784 0 P 0
L 19.25400518 44.20000812 19.50800518 43.69200812 0 P 0
L 19.25400518 44.20000812 19.50800518 44.70800812 0 P 0
L 19.25400518 46.6000084 19.50800518 46.0920084 0 P 0
L 19.25400518 46.6000084 19.50800518 47.1080084 0 P 0
L 19.25400518 63.40001036 19.50800518 62.89201036 0 P 0
L 19.25400518 63.40001036 19.50800518 63.90801036 0 P 0
L 19.29520398 11.49520434 19.44760398 11.80000434 0 P 0
L 19.29520398 11.49520434 19.60000398 11.64760434 0 P 0
L 19.29520398 12.10480434 19.44760398 11.80000434 0 P 0
L 19.29520398 12.10480434 19.60000398 11.95240434 0 P 0
L 19.29520398 16.2952049 19.44760398 16.6000049 0 P 0
L 19.29520398 16.2952049 19.60000398 16.4476049 0 P 0
L 19.29520398 16.9048049 19.44760398 16.6000049 0 P 0
L 19.29520398 16.9048049 19.60000398 16.7524049 0 P 0
L 19.29520398 18.69520518 19.44760398 19.00000518 0 P 0
L 19.29520398 18.69520518 19.60000398 18.84760518 0 P 0
L 19.29520398 19.30480518 19.44760398 19.00000518 0 P 0
L 19.29520398 19.30480518 19.60000398 19.15240518 0 P 0
L 19.29520398 40.2952077 19.44760398 40.6000077 0 P 0
L 19.29520398 40.2952077 19.60000398 40.4476077 0 P 0
L 19.29520398 40.9048077 19.44760398 40.6000077 0 P 0
L 19.29520398 40.9048077 19.60000398 40.7524077 0 P 0
L 19.29520398 42.69520798 19.44760398 43.00000798 0 P 0
L 19.29520398 42.69520798 19.60000398 42.84760798 0 P 0
L 19.29520398 43.30480798 19.44760398 43.00000798 0 P 0
L 19.29520398 43.30480798 19.60000398 43.15240798 0 P 0
L 19.29520398 45.09520826 19.44760398 45.40000826 0 P 0
L 19.29520398 45.09520826 19.60000398 45.24760826 0 P 0
L 19.29520398 45.70480826 19.44760398 45.40000826 0 P 0
L 19.29520398 45.70480826 19.60000398 45.55240826 0 P 0
L 19.30900126 55.94599936 19.56300126 55.94599936 0 P 0
L 19.30900126 56.19999936 19.56300126 55.94599936 0 P 0
L 19.30900126 56.19999936 19.56300126 56.45399936 0 P 0
L 19.30900126 56.45399936 19.56300126 56.45399936 0 P 0
L 19.60000398 11.54600434 20.10800398 11.29200434 0 P 0
L 19.60000398 11.64760434 19.90480398 11.49520434 0 P 0
L 19.60000398 11.95240434 19.90480398 12.10480434 0 P 0
L 19.60000398 12.05400434 20.10800398 12.30800434 0 P 0
L 19.60000398 16.3460049 20.10800398 16.0920049 0 P 0
L 19.60000398 16.4476049 19.90480398 16.2952049 0 P 0
L 19.60000398 16.7524049 19.90480398 16.9048049 0 P 0
L 19.60000398 16.8540049 20.10800398 17.1080049 0 P 0
L 19.60000398 18.74600518 20.10800398 18.49200518 0 P 0
L 19.60000398 18.84760518 19.90480398 18.69520518 0 P 0
L 19.60000398 19.15240518 19.90480398 19.30480518 0 P 0
L 19.60000398 19.25400518 20.10800398 19.50800518 0 P 0
L 19.60000398 40.3460077 20.10800398 40.0920077 0 P 0
L 19.60000398 40.4476077 19.90480398 40.2952077 0 P 0
L 19.60000398 40.7524077 19.90480398 40.9048077 0 P 0
L 19.60000398 40.8540077 20.10800398 41.1080077 0 P 0
L 19.60000398 42.74600798 20.10800398 42.49200798 0 P 0
L 19.60000398 42.84760798 19.90480398 42.69520798 0 P 0
L 19.60000398 43.15240798 19.90480398 43.30480798 0 P 0
L 19.60000398 43.25400798 20.10800398 43.50800798 0 P 0
L 19.60000398 45.14600826 20.10800398 44.89200826 0 P 0
L 19.60000398 45.24760826 19.90480398 45.09520826 0 P 0
L 19.60000398 45.55240826 19.90480398 45.70480826 0 P 0
L 19.60000398 45.65400826 20.10800398 45.90800826 0 P 0
L 19.69200532 5.29200364 19.94600532 5.80000364 0 P 0
L 19.69200532 5.29200364 20.20000532 5.54600364 0 P 0
L 19.69200532 6.30800364 19.94600532 5.80000364 0 P 0
L 19.69200532 6.30800364 20.20000532 6.05400364 0 P 0
L 19.69200532 10.0920042 19.94600532 10.6000042 0 P 0
L 19.69200532 10.0920042 20.20000532 10.3460042 0 P 0
L 19.69200532 11.1080042 19.94600532 10.6000042 0 P 0
L 19.69200532 11.1080042 20.20000532 10.8540042 0 P 0
L 19.69200532 14.89200476 19.94600532 15.40000476 0 P 0
L 19.69200532 14.89200476 20.20000532 15.14600476 0 P 0
L 19.69200532 15.90800476 19.94600532 15.40000476 0 P 0
L 19.69200532 15.90800476 20.20000532 15.65400476 0 P 0
L 19.69200532 17.29200504 19.94600532 17.80000504 0 P 0
L 19.69200532 17.29200504 20.20000532 17.54600504 0 P 0
L 19.69200532 18.30800504 19.94600532 17.80000504 0 P 0
L 19.69200532 18.30800504 20.20000532 18.05400504 0 P 0
L 19.69200532 19.69200532 19.94600532 20.20000532 0 P 0
L 19.69200532 19.69200532 20.20000532 19.94600532 0 P 0
L 19.69200532 20.70800532 19.94600532 20.20000532 0 P 0
L 19.69200532 20.70800532 20.20000532 20.45400532 0 P 0
L 19.69200532 22.0920056 19.94600532 22.6000056 0 P 0
L 19.69200532 22.0920056 20.20000532 22.3460056 0 P 0
L 19.69200532 23.1080056 19.94600532 22.6000056 0 P 0
L 19.69200532 23.1080056 20.20000532 22.8540056 0 P 0
L 19.69200532 50.89200896 19.94600532 51.40000896 0 P 0
L 19.69200532 50.89200896 20.20000532 51.14600896 0 P 0
L 19.69200532 51.90800896 19.94600532 51.40000896 0 P 0
L 19.69200532 51.90800896 20.20000532 51.65400896 0 P 0
L 19.69200532 53.29200924 19.94600532 53.80000924 0 P 0
L 19.69200532 53.29200924 20.20000532 53.54600924 0 P 0
L 19.69200532 54.30800924 19.94600532 53.80000924 0 P 0
L 19.69200532 54.30800924 20.20000532 54.05400924 0 P 0
L 19.69200532 62.89201036 19.94600532 63.40001036 0 P 0
L 19.69200532 62.89201036 20.20000532 63.14601036 0 P 0
L 19.69200532 63.90801036 19.94600532 63.40001036 0 P 0
L 19.69200532 63.90801036 20.20000532 63.65401036 0 P 0
L 19.75240398 11.80000434 19.90480398 11.49520434 0 P 0
L 19.75240398 11.80000434 19.90480398 12.10480434 0 P 0
L 19.75240398 16.6000049 19.90480398 16.2952049 0 P 0
L 19.75240398 16.6000049 19.90480398 16.9048049 0 P 0
L 19.75240398 19.00000518 19.90480398 18.69520518 0 P 0
L 19.75240398 19.00000518 19.90480398 19.30480518 0 P 0
L 19.75240398 40.6000077 19.90480398 40.2952077 0 P 0
L 19.75240398 40.6000077 19.90480398 40.9048077 0 P 0
L 19.75240398 43.00000798 19.90480398 42.69520798 0 P 0
L 19.75240398 43.00000798 19.90480398 43.30480798 0 P 0
L 19.75240398 45.40000826 19.90480398 45.09520826 0 P 0
L 19.75240398 45.40000826 19.90480398 45.70480826 0 P 0
L 19.79480166 6.82019972 19.79480166 7.42979972 0 P 0
L 19.85400398 11.80000434 20.10800398 11.29200434 0 P 0
L 19.85400398 11.80000434 20.10800398 12.30800434 0 P 0
L 19.85400398 16.6000049 20.10800398 16.0920049 0 P 0
L 19.85400398 16.6000049 20.10800398 17.1080049 0 P 0
L 19.85400398 19.00000518 20.10800398 18.49200518 0 P 0
L 19.85400398 19.00000518 20.10800398 19.50800518 0 P 0
L 19.85400398 40.6000077 20.10800398 40.0920077 0 P 0
L 19.85400398 40.6000077 20.10800398 41.1080077 0 P 0
L 19.85400398 43.00000798 20.10800398 42.49200798 0 P 0
L 19.85400398 43.00000798 20.10800398 43.50800798 0 P 0
L 19.85400398 45.40000826 20.10800398 44.89200826 0 P 0
L 19.85400398 45.40000826 20.10800398 45.90800826 0 P 0
L 19.89520532 5.49520364 20.04760532 5.80000364 0 P 0
L 19.89520532 5.49520364 20.20000532 5.64760364 0 P 0
L 19.89520532 6.10480364 20.04760532 5.80000364 0 P 0
L 19.89520532 6.10480364 20.20000532 5.95240364 0 P 0
L 19.89520532 10.2952042 20.04760532 10.6000042 0 P 0
L 19.89520532 10.2952042 20.20000532 10.4476042 0 P 0
L 19.89520532 10.9048042 20.04760532 10.6000042 0 P 0
L 19.89520532 10.9048042 20.20000532 10.7524042 0 P 0
L 19.89520532 15.09520476 20.04760532 15.40000476 0 P 0
L 19.89520532 15.09520476 20.20000532 15.24760476 0 P 0
L 19.89520532 15.70480476 20.04760532 15.40000476 0 P 0
L 19.89520532 15.70480476 20.20000532 15.55240476 0 P 0
L 19.89520532 17.49520504 20.04760532 17.80000504 0 P 0
L 19.89520532 17.49520504 20.20000532 17.64760504 0 P 0
L 19.89520532 18.10480504 20.04760532 17.80000504 0 P 0
L 19.89520532 18.10480504 20.20000532 17.95240504 0 P 0
L 19.89520532 19.89520532 20.04760532 20.20000532 0 P 0
L 19.89520532 19.89520532 20.20000532 20.04760532 0 P 0
L 19.89520532 20.50480532 20.04760532 20.20000532 0 P 0
L 19.89520532 20.50480532 20.20000532 20.35240532 0 P 0
L 19.89520532 22.2952056 20.04760532 22.6000056 0 P 0
L 19.89520532 22.2952056 20.20000532 22.4476056 0 P 0
L 19.89520532 22.9048056 20.04760532 22.6000056 0 P 0
L 19.89520532 22.9048056 20.20000532 22.7524056 0 P 0
L 19.89520532 51.09520896 20.04760532 51.40000896 0 P 0
L 19.89520532 51.09520896 20.20000532 51.24760896 0 P 0
L 19.89520532 51.70480896 20.04760532 51.40000896 0 P 0
L 19.89520532 51.70480896 20.20000532 51.55240896 0 P 0
L 19.89520532 53.49520924 20.04760532 53.80000924 0 P 0
L 19.89520532 53.49520924 20.20000532 53.64760924 0 P 0
L 19.89520532 54.10480924 20.04760532 53.80000924 0 P 0
L 19.89520532 54.10480924 20.20000532 53.95240924 0 P 0
L 19.89520532 63.09521036 20.04760532 63.40001036 0 P 0
L 19.89520532 63.09521036 20.20000532 63.24761036 0 P 0
L 19.89520532 63.70481036 20.04760532 63.40001036 0 P 0
L 19.89520532 63.70481036 20.20000532 63.55241036 0 P 0
L 19.99800166 6.61699972 19.99800166 7.63299972 0 P 0
L 20.00200216 8.3969987 20.00200216 9.4129987 0 P 0
L 20.00200216 8.3969987 21.01800216 8.3969987 0 P 0
L 20.00200216 9.4129987 21.01800216 9.4129987 0 P 0
L 20.20000532 5.54600364 20.70800532 5.29200364 0 P 0
L 20.20000532 5.64760364 20.50480532 5.49520364 0 P 0
L 20.20000532 5.95240364 20.50480532 6.10480364 0 P 0
L 20.20000532 6.05400364 20.70800532 6.30800364 0 P 0
L 20.20000532 10.3460042 20.70800532 10.0920042 0 P 0
L 20.20000532 10.4476042 20.50480532 10.2952042 0 P 0
L 20.20000532 10.7524042 20.50480532 10.9048042 0 P 0
L 20.20000532 10.8540042 20.70800532 11.1080042 0 P 0
L 20.20000532 15.14600476 20.70800532 14.89200476 0 P 0
L 20.20000532 15.24760476 20.50480532 15.09520476 0 P 0
L 20.20000532 15.55240476 20.50480532 15.70480476 0 P 0
L 20.20000532 15.65400476 20.70800532 15.90800476 0 P 0
L 20.20000532 17.54600504 20.70800532 17.29200504 0 P 0
L 20.20000532 17.64760504 20.50480532 17.49520504 0 P 0
L 20.20000532 17.95240504 20.50480532 18.10480504 0 P 0
L 20.20000532 18.05400504 20.70800532 18.30800504 0 P 0
L 20.20000532 19.94600532 20.70800532 19.69200532 0 P 0
L 20.20000532 20.04760532 20.50480532 19.89520532 0 P 0
L 20.20000532 20.35240532 20.50480532 20.50480532 0 P 0
L 20.20000532 20.45400532 20.70800532 20.70800532 0 P 0
L 20.20000532 22.3460056 20.70800532 22.0920056 0 P 0
L 20.20000532 22.4476056 20.50480532 22.2952056 0 P 0
L 20.20000532 22.7524056 20.50480532 22.9048056 0 P 0
L 20.20000532 22.8540056 20.70800532 23.1080056 0 P 0
L 20.20000532 51.14600896 20.70800532 50.89200896 0 P 0
L 20.20000532 51.24760896 20.50480532 51.09520896 0 P 0
L 20.20000532 51.55240896 20.50480532 51.70480896 0 P 0
L 20.20000532 51.65400896 20.70800532 51.90800896 0 P 0
L 20.20000532 53.54600924 20.70800532 53.29200924 0 P 0
L 20.20000532 53.64760924 20.50480532 53.49520924 0 P 0
L 20.20000532 53.95240924 20.50480532 54.10480924 0 P 0
L 20.20000532 54.05400924 20.70800532 54.30800924 0 P 0
L 20.20000532 63.14601036 20.70800532 62.89201036 0 P 0
L 20.20000532 63.24761036 20.50480532 63.09521036 0 P 0
L 20.20000532 63.55241036 20.50480532 63.70481036 0 P 0
L 20.20000532 63.65401036 20.70800532 63.90801036 0 P 0
L 20.20520216 8.6001987 20.20520216 9.2097987 0 P 0
L 20.20520216 8.6001987 20.81480216 8.6001987 0 P 0
L 20.20520216 9.2097987 20.81480216 9.2097987 0 P 0
L 20.29200412 11.29200434 20.54600412 11.80000434 0 P 0
L 20.29200412 11.29200434 20.80000412 11.54600434 0 P 0
L 20.29200412 12.30800434 20.54600412 11.80000434 0 P 0
L 20.29200412 12.30800434 20.80000412 12.05400434 0 P 0
L 20.29200412 16.0920049 20.54600412 16.6000049 0 P 0
L 20.29200412 16.0920049 20.80000412 16.3460049 0 P 0
L 20.29200412 17.1080049 20.54600412 16.6000049 0 P 0
L 20.29200412 17.1080049 20.80000412 16.8540049 0 P 0
L 20.29200412 18.49200518 20.54600412 19.00000518 0 P 0
L 20.29200412 18.49200518 20.80000412 18.74600518 0 P 0
L 20.29200412 19.50800518 20.54600412 19.00000518 0 P 0
L 20.29200412 19.50800518 20.80000412 19.25400518 0 P 0
L 20.29200412 30.49200658 20.54600412 31.00000658 0 P 0
L 20.29200412 30.49200658 20.80000412 30.74600658 0 P 0
L 20.29200412 31.50800658 20.54600412 31.00000658 0 P 0
L 20.29200412 31.50800658 20.80000412 31.25400658 0 P 0
L 20.29200412 32.89200686 20.54600412 33.40000686 0 P 0
L 20.29200412 32.89200686 20.80000412 33.14600686 0 P 0
L 20.29200412 33.90800686 20.54600412 33.40000686 0 P 0
L 20.29200412 33.90800686 20.80000412 33.65400686 0 P 0
L 20.29200412 52.0920091 20.54600412 52.6000091 0 P 0
L 20.29200412 52.0920091 20.80000412 52.3460091 0 P 0
L 20.29200412 53.1080091 20.54600412 52.6000091 0 P 0
L 20.29200412 53.1080091 20.80000412 52.8540091 0 P 0
L 20.35240532 5.80000364 20.50480532 5.49520364 0 P 0
L 20.35240532 5.80000364 20.50480532 6.10480364 0 P 0
L 20.35240532 10.6000042 20.50480532 10.2952042 0 P 0
L 20.35240532 10.6000042 20.50480532 10.9048042 0 P 0
L 20.35240532 15.40000476 20.50480532 15.09520476 0 P 0
L 20.35240532 15.40000476 20.50480532 15.70480476 0 P 0
L 20.35240532 17.80000504 20.50480532 17.49520504 0 P 0
L 20.35240532 17.80000504 20.50480532 18.10480504 0 P 0
L 20.35240532 20.20000532 20.50480532 19.89520532 0 P 0
L 20.35240532 20.20000532 20.50480532 20.50480532 0 P 0
L 20.35240532 22.6000056 20.50480532 22.2952056 0 P 0
L 20.35240532 22.6000056 20.50480532 22.9048056 0 P 0
L 20.35240532 51.40000896 20.50480532 51.09520896 0 P 0
L 20.35240532 51.40000896 20.50480532 51.70480896 0 P 0
L 20.35240532 53.80000924 20.50480532 53.49520924 0 P 0
L 20.35240532 53.80000924 20.50480532 54.10480924 0 P 0
L 20.35240532 63.40001036 20.50480532 63.09521036 0 P 0
L 20.35240532 63.40001036 20.50480532 63.70481036 0 P 0
L 20.45400532 5.80000364 20.70800532 5.29200364 0 P 0
L 20.45400532 5.80000364 20.70800532 6.30800364 0 P 0
L 20.45400532 10.6000042 20.70800532 10.0920042 0 P 0
L 20.45400532 10.6000042 20.70800532 11.1080042 0 P 0
L 20.45400532 15.40000476 20.70800532 14.89200476 0 P 0
L 20.45400532 15.40000476 20.70800532 15.90800476 0 P 0
L 20.45400532 17.80000504 20.70800532 17.29200504 0 P 0
L 20.45400532 17.80000504 20.70800532 18.30800504 0 P 0
L 20.45400532 20.20000532 20.70800532 19.69200532 0 P 0
L 20.45400532 20.20000532 20.70800532 20.70800532 0 P 0
L 20.45400532 22.6000056 20.70800532 22.0920056 0 P 0
L 20.45400532 22.6000056 20.70800532 23.1080056 0 P 0
L 20.45400532 51.40000896 20.70800532 50.89200896 0 P 0
L 20.45400532 51.40000896 20.70800532 51.90800896 0 P 0
L 20.45400532 53.80000924 20.70800532 53.29200924 0 P 0
L 20.45400532 53.80000924 20.70800532 54.30800924 0 P 0
L 20.45400532 63.40001036 20.70800532 62.89201036 0 P 0
L 20.45400532 63.40001036 20.70800532 63.90801036 0 P 0
L 20.49520412 11.49520434 20.64760412 11.80000434 0 P 0
L 20.49520412 11.49520434 20.80000412 11.64760434 0 P 0
L 20.49520412 12.10480434 20.64760412 11.80000434 0 P 0
L 20.49520412 12.10480434 20.80000412 11.95240434 0 P 0
L 20.49520412 16.2952049 20.64760412 16.6000049 0 P 0
L 20.49520412 16.2952049 20.80000412 16.4476049 0 P 0
L 20.49520412 16.9048049 20.64760412 16.6000049 0 P 0
L 20.49520412 16.9048049 20.80000412 16.7524049 0 P 0
L 20.49520412 18.69520518 20.64760412 19.00000518 0 P 0
L 20.49520412 18.69520518 20.80000412 18.84760518 0 P 0
L 20.49520412 19.30480518 20.64760412 19.00000518 0 P 0
L 20.49520412 19.30480518 20.80000412 19.15240518 0 P 0
L 20.49520412 30.69520658 20.64760412 31.00000658 0 P 0
L 20.49520412 30.69520658 20.80000412 30.84760658 0 P 0
L 20.49520412 31.30480658 20.64760412 31.00000658 0 P 0
L 20.49520412 31.30480658 20.80000412 31.15240658 0 P 0
L 20.49520412 33.09520686 20.64760412 33.40000686 0 P 0
L 20.49520412 33.09520686 20.80000412 33.24760686 0 P 0
L 20.49520412 33.70480686 20.64760412 33.40000686 0 P 0
L 20.49520412 33.70480686 20.80000412 33.55240686 0 P 0
L 20.49520412 52.2952091 20.64760412 52.6000091 0 P 0
L 20.49520412 52.2952091 20.80000412 52.4476091 0 P 0
L 20.49520412 52.9048091 20.64760412 52.6000091 0 P 0
L 20.49520412 52.9048091 20.80000412 52.7524091 0 P 0
L 20.80000412 11.54600434 21.30800412 11.29200434 0 P 0
L 20.80000412 11.64760434 21.10480412 11.49520434 0 P 0
L 20.80000412 11.95240434 21.10480412 12.10480434 0 P 0
L 20.80000412 12.05400434 21.30800412 12.30800434 0 P 0
L 20.80000412 16.3460049 21.30800412 16.0920049 0 P 0
L 20.80000412 16.4476049 21.10480412 16.2952049 0 P 0
L 20.80000412 16.7524049 21.10480412 16.9048049 0 P 0
L 20.80000412 16.8540049 21.30800412 17.1080049 0 P 0
L 20.80000412 18.74600518 21.30800412 18.49200518 0 P 0
L 20.80000412 18.84760518 21.10480412 18.69520518 0 P 0
L 20.80000412 19.15240518 21.10480412 19.30480518 0 P 0
L 20.80000412 19.25400518 21.30800412 19.50800518 0 P 0
L 20.80000412 30.74600658 21.30800412 30.49200658 0 P 0
L 20.80000412 30.84760658 21.10480412 30.69520658 0 P 0
L 20.80000412 31.15240658 21.10480412 31.30480658 0 P 0
L 20.80000412 31.25400658 21.30800412 31.50800658 0 P 0
L 20.80000412 33.14600686 21.30800412 32.89200686 0 P 0
L 20.80000412 33.24760686 21.10480412 33.09520686 0 P 0
L 20.80000412 33.55240686 21.10480412 33.70480686 0 P 0
L 20.80000412 33.65400686 21.30800412 33.90800686 0 P 0
L 20.80000412 52.3460091 21.30800412 52.0920091 0 P 0
L 20.80000412 52.4476091 21.10480412 52.2952091 0 P 0
L 20.80000412 52.7524091 21.10480412 52.9048091 0 P 0
L 20.80000412 52.8540091 21.30800412 53.1080091 0 P 0
L 20.81480216 8.6001987 20.81480216 9.2097987 0 P 0
L 20.89200546 10.0920042 21.14600546 10.6000042 0 P 0
L 20.89200546 10.0920042 21.40000546 10.3460042 0 P 0
L 20.89200546 11.1080042 21.14600546 10.6000042 0 P 0
L 20.89200546 11.1080042 21.40000546 10.8540042 0 P 0
L 20.89200546 14.89200476 21.14600546 15.40000476 0 P 0
L 20.89200546 14.89200476 21.40000546 15.14600476 0 P 0
L 20.89200546 15.90800476 21.14600546 15.40000476 0 P 0
L 20.89200546 15.90800476 21.40000546 15.65400476 0 P 0
L 20.89200546 17.29200504 21.14600546 17.80000504 0 P 0
L 20.89200546 17.29200504 21.40000546 17.54600504 0 P 0
L 20.89200546 18.30800504 21.14600546 17.80000504 0 P 0
L 20.89200546 18.30800504 21.40000546 18.05400504 0 P 0
L 20.89200546 19.69200532 21.14600546 20.20000532 0 P 0
L 20.89200546 19.69200532 21.40000546 19.94600532 0 P 0
L 20.89200546 20.70800532 21.14600546 20.20000532 0 P 0
L 20.89200546 20.70800532 21.40000546 20.45400532 0 P 0
L 20.89200546 22.0920056 21.14600546 22.6000056 0 P 0
L 20.89200546 22.0920056 21.40000546 22.3460056 0 P 0
L 20.89200546 23.1080056 21.14600546 22.6000056 0 P 0
L 20.89200546 23.1080056 21.40000546 22.8540056 0 P 0
L 20.89200546 62.89201036 21.14600546 63.40001036 0 P 0
L 20.89200546 62.89201036 21.40000546 63.14601036 0 P 0
L 20.89200546 63.90801036 21.14600546 63.40001036 0 P 0
L 20.89200546 63.90801036 21.40000546 63.65401036 0 P 0
L 20.95240412 11.80000434 21.10480412 11.49520434 0 P 0
L 20.95240412 11.80000434 21.10480412 12.10480434 0 P 0
L 20.95240412 16.6000049 21.10480412 16.2952049 0 P 0
L 20.95240412 16.6000049 21.10480412 16.9048049 0 P 0
L 20.95240412 19.00000518 21.10480412 18.69520518 0 P 0
L 20.95240412 19.00000518 21.10480412 19.30480518 0 P 0
L 20.95240412 31.00000658 21.10480412 30.69520658 0 P 0
L 20.95240412 31.00000658 21.10480412 31.30480658 0 P 0
L 20.95240412 33.40000686 21.10480412 33.09520686 0 P 0
L 20.95240412 33.40000686 21.10480412 33.70480686 0 P 0
L 20.95240412 52.6000091 21.10480412 52.2952091 0 P 0
L 20.95240412 52.6000091 21.10480412 52.9048091 0 P 0
L 21.01800216 8.3969987 21.01800216 9.4129987 0 P 0
L 21.02200012 6.61699972 21.02200012 7.63299972 0 P 0
L 21.02200012 6.61699972 22.03800012 6.61699972 0 P 0
L 21.02200012 7.63299972 22.03800012 7.63299972 0 P 0
L 21.05400412 11.80000434 21.30800412 11.29200434 0 P 0
L 21.05400412 11.80000434 21.30800412 12.30800434 0 P 0
L 21.05400412 16.6000049 21.30800412 16.0920049 0 P 0
L 21.05400412 16.6000049 21.30800412 17.1080049 0 P 0
L 21.05400412 19.00000518 21.30800412 18.49200518 0 P 0
L 21.05400412 19.00000518 21.30800412 19.50800518 0 P 0
L 21.05400412 31.00000658 21.30800412 30.49200658 0 P 0
L 21.05400412 31.00000658 21.30800412 31.50800658 0 P 0
L 21.05400412 33.40000686 21.30800412 32.89200686 0 P 0
L 21.05400412 33.40000686 21.30800412 33.90800686 0 P 0
L 21.05400412 52.6000091 21.30800412 52.0920091 0 P 0
L 21.05400412 52.6000091 21.30800412 53.1080091 0 P 0
L 21.09520546 10.2952042 21.24760546 10.6000042 0 P 0
L 21.09520546 10.2952042 21.40000546 10.4476042 0 P 0
L 21.09520546 10.9048042 21.24760546 10.6000042 0 P 0
L 21.09520546 10.9048042 21.40000546 10.7524042 0 P 0
L 21.09520546 15.09520476 21.24760546 15.40000476 0 P 0
L 21.09520546 15.09520476 21.40000546 15.24760476 0 P 0
L 21.09520546 15.70480476 21.24760546 15.40000476 0 P 0
L 21.09520546 15.70480476 21.40000546 15.55240476 0 P 0
L 21.09520546 17.49520504 21.24760546 17.80000504 0 P 0
L 21.09520546 17.49520504 21.40000546 17.64760504 0 P 0
L 21.09520546 18.10480504 21.24760546 17.80000504 0 P 0
L 21.09520546 18.10480504 21.40000546 17.95240504 0 P 0
L 21.09520546 19.89520532 21.24760546 20.20000532 0 P 0
L 21.09520546 19.89520532 21.40000546 20.04760532 0 P 0
L 21.09520546 20.50480532 21.24760546 20.20000532 0 P 0
L 21.09520546 20.50480532 21.40000546 20.35240532 0 P 0
L 21.09520546 22.2952056 21.24760546 22.6000056 0 P 0
L 21.09520546 22.2952056 21.40000546 22.4476056 0 P 0
L 21.09520546 22.9048056 21.24760546 22.6000056 0 P 0
L 21.09520546 22.9048056 21.40000546 22.7524056 0 P 0
L 21.09520546 63.09521036 21.24760546 63.40001036 0 P 0
L 21.09520546 63.09521036 21.40000546 63.24761036 0 P 0
L 21.09520546 63.70481036 21.24760546 63.40001036 0 P 0
L 21.09520546 63.70481036 21.40000546 63.55241036 0 P 0
L 21.22520012 6.82019972 21.22520012 7.42979972 0 P 0
L 21.22520012 6.82019972 21.83480012 6.82019972 0 P 0
L 21.22520012 7.42979972 21.83480012 7.42979972 0 P 0
L 21.40000546 10.3460042 21.90800546 10.0920042 0 P 0
L 21.40000546 10.4476042 21.70480546 10.2952042 0 P 0
L 21.40000546 10.7524042 21.70480546 10.9048042 0 P 0
L 21.40000546 10.8540042 21.90800546 11.1080042 0 P 0
L 21.40000546 15.14600476 21.90800546 14.89200476 0 P 0
L 21.40000546 15.24760476 21.70480546 15.09520476 0 P 0
L 21.40000546 15.55240476 21.70480546 15.70480476 0 P 0
L 21.40000546 15.65400476 21.90800546 15.90800476 0 P 0
L 21.40000546 17.54600504 21.90800546 17.29200504 0 P 0
L 21.40000546 17.64760504 21.70480546 17.49520504 0 P 0
L 21.40000546 17.95240504 21.70480546 18.10480504 0 P 0
L 21.40000546 18.05400504 21.90800546 18.30800504 0 P 0
L 21.40000546 19.94600532 21.90800546 19.69200532 0 P 0
L 21.40000546 20.04760532 21.70480546 19.89520532 0 P 0
L 21.40000546 20.35240532 21.70480546 20.50480532 0 P 0
L 21.40000546 20.45400532 21.90800546 20.70800532 0 P 0
L 21.40000546 22.3460056 21.90800546 22.0920056 0 P 0
L 21.40000546 22.4476056 21.70480546 22.2952056 0 P 0
L 21.40000546 22.7524056 21.70480546 22.9048056 0 P 0
L 21.40000546 22.8540056 21.90800546 23.1080056 0 P 0
L 21.40000546 63.14601036 21.90800546 62.89201036 0 P 0
L 21.40000546 63.24761036 21.70480546 63.09521036 0 P 0
L 21.40000546 63.55241036 21.70480546 63.70481036 0 P 0
L 21.40000546 63.65401036 21.90800546 63.90801036 0 P 0
L 21.49200426 13.69200462 21.74600426 14.20000462 0 P 0
L 21.49200426 13.69200462 22.00000426 13.94600462 0 P 0
L 21.49200426 14.70800462 21.74600426 14.20000462 0 P 0
L 21.49200426 14.70800462 22.00000426 14.45400462 0 P 0
L 21.49200426 16.0920049 21.74600426 16.6000049 0 P 0
L 21.49200426 16.0920049 22.00000426 16.3460049 0 P 0
L 21.49200426 17.1080049 21.74600426 16.6000049 0 P 0
L 21.49200426 17.1080049 22.00000426 16.8540049 0 P 0
L 21.49200426 18.49200518 21.74600426 19.00000518 0 P 0
L 21.49200426 18.49200518 22.00000426 18.74600518 0 P 0
L 21.49200426 19.50800518 21.74600426 19.00000518 0 P 0
L 21.49200426 19.50800518 22.00000426 19.25400518 0 P 0
L 21.49200426 20.89200546 21.74600426 21.40000546 0 P 0
L 21.49200426 20.89200546 22.00000426 21.14600546 0 P 0
L 21.49200426 21.90800546 21.74600426 21.40000546 0 P 0
L 21.49200426 21.90800546 22.00000426 21.65400546 0 P 0
L 21.49200426 23.29200574 21.74600426 23.80000574 0 P 0
L 21.49200426 23.29200574 22.00000426 23.54600574 0 P 0
L 21.49200426 24.30800574 21.74600426 23.80000574 0 P 0
L 21.49200426 24.30800574 22.00000426 24.05400574 0 P 0
L 21.49200426 61.69201022 21.74600426 62.20001022 0 P 0
L 21.49200426 61.69201022 22.00000426 61.94601022 0 P 0
L 21.49200426 62.70801022 21.74600426 62.20001022 0 P 0
L 21.49200426 62.70801022 22.00000426 62.45401022 0 P 0
L 21.55240546 10.6000042 21.70480546 10.2952042 0 P 0
L 21.55240546 10.6000042 21.70480546 10.9048042 0 P 0
L 21.55240546 15.40000476 21.70480546 15.09520476 0 P 0
L 21.55240546 15.40000476 21.70480546 15.70480476 0 P 0
L 21.55240546 17.80000504 21.70480546 17.49520504 0 P 0
L 21.55240546 17.80000504 21.70480546 18.10480504 0 P 0
L 21.55240546 20.20000532 21.70480546 19.89520532 0 P 0
L 21.55240546 20.20000532 21.70480546 20.50480532 0 P 0
L 21.55240546 22.6000056 21.70480546 22.2952056 0 P 0
L 21.55240546 22.6000056 21.70480546 22.9048056 0 P 0
L 21.55240546 63.40001036 21.70480546 63.09521036 0 P 0
L 21.55240546 63.40001036 21.70480546 63.70481036 0 P 0
L 21.65400546 10.6000042 21.90800546 10.0920042 0 P 0
L 21.65400546 10.6000042 21.90800546 11.1080042 0 P 0
L 21.65400546 15.40000476 21.90800546 14.89200476 0 P 0
L 21.65400546 15.40000476 21.90800546 15.90800476 0 P 0
L 21.65400546 17.80000504 21.90800546 17.29200504 0 P 0
L 21.65400546 17.80000504 21.90800546 18.30800504 0 P 0
L 21.65400546 20.20000532 21.90800546 19.69200532 0 P 0
L 21.65400546 20.20000532 21.90800546 20.70800532 0 P 0
L 21.65400546 22.6000056 21.90800546 22.0920056 0 P 0
L 21.65400546 22.6000056 21.90800546 23.1080056 0 P 0
L 21.65400546 63.40001036 21.90800546 62.89201036 0 P 0
L 21.65400546 63.40001036 21.90800546 63.90801036 0 P 0
L 21.69199878 35.39199932 21.69199878 35.64599932 0 P 0
L 21.69199878 35.39199932 21.94599878 35.39199932 0 P 0
L 21.69199878 35.64599932 21.94599878 35.89999932 0 P 0
L 21.69199878 36.15399932 21.69199878 36.40799932 0 P 0
L 21.69199878 36.15399932 21.94599878 35.89999932 0 P 0
L 21.69199878 36.40799932 21.94599878 36.40799932 0 P 0
L 21.69520426 13.89520462 21.84760426 14.20000462 0 P 0
L 21.69520426 13.89520462 22.00000426 14.04760462 0 P 0
L 21.69520426 14.50480462 21.84760426 14.20000462 0 P 0
L 21.69520426 14.50480462 22.00000426 14.35240462 0 P 0
L 21.69520426 16.2952049 21.84760426 16.6000049 0 P 0
L 21.69520426 16.2952049 22.00000426 16.4476049 0 P 0
L 21.69520426 16.9048049 21.84760426 16.6000049 0 P 0
L 21.69520426 16.9048049 22.00000426 16.7524049 0 P 0
L 21.69520426 18.69520518 21.84760426 19.00000518 0 P 0
L 21.69520426 18.69520518 22.00000426 18.84760518 0 P 0
L 21.69520426 19.30480518 21.84760426 19.00000518 0 P 0
L 21.69520426 19.30480518 22.00000426 19.15240518 0 P 0
L 21.69520426 21.09520546 21.84760426 21.40000546 0 P 0
L 21.69520426 21.09520546 22.00000426 21.24760546 0 P 0
L 21.69520426 21.70480546 21.84760426 21.40000546 0 P 0
L 21.69520426 21.70480546 22.00000426 21.55240546 0 P 0
L 21.69520426 23.49520574 21.84760426 23.80000574 0 P 0
L 21.69520426 23.49520574 22.00000426 23.64760574 0 P 0
L 21.69520426 24.10480574 21.84760426 23.80000574 0 P 0
L 21.69520426 24.10480574 22.00000426 23.95240574 0 P 0
L 21.69520426 61.89521022 21.84760426 62.20001022 0 P 0
L 21.69520426 61.89521022 22.00000426 62.04761022 0 P 0
L 21.69520426 62.50481022 21.84760426 62.20001022 0 P 0
L 21.69520426 62.50481022 22.00000426 62.35241022 0 P 0
L 21.83480012 6.82019972 21.83480012 7.42979972 0 P 0
L 21.89519878 35.59519932 21.89519878 35.74759932 0 P 0
L 21.89519878 35.59519932 22.04759878 35.59519932 0 P 0
L 21.89519878 35.74759932 22.04759878 35.89999932 0 P 0
L 21.89519878 36.05239932 21.89519878 36.20479932 0 P 0
L 21.89519878 36.05239932 22.04759878 35.89999932 0 P 0
L 21.89519878 36.20479932 22.04759878 36.20479932 0 P 0
L 21.94599878 35.39199932 22.19999878 35.64599932 0 P 0
L 21.94599878 36.40799932 22.19999878 36.15399932 0 P 0
L 21.99199818 60.49599788 21.99199818 61.00399788 0 P 0
L 21.99199818 60.49599788 22.24599818 60.49599788 0 P 0
L 21.99199818 61.00399788 22.24599818 61.00399788 0 P 0
L 22.00000426 13.94600462 22.50800426 13.69200462 0 P 0
L 22.00000426 14.04760462 22.30480426 13.89520462 0 P 0
L 22.00000426 14.35240462 22.30480426 14.50480462 0 P 0
L 22.00000426 14.45400462 22.50800426 14.70800462 0 P 0
L 22.00000426 16.3460049 22.50800426 16.0920049 0 P 0
L 22.00000426 16.4476049 22.30480426 16.2952049 0 P 0
L 22.00000426 16.7524049 22.30480426 16.9048049 0 P 0
L 22.00000426 16.8540049 22.50800426 17.1080049 0 P 0
L 22.00000426 18.74600518 22.50800426 18.49200518 0 P 0
L 22.00000426 18.84760518 22.30480426 18.69520518 0 P 0
L 22.00000426 19.15240518 22.30480426 19.30480518 0 P 0
L 22.00000426 19.25400518 22.50800426 19.50800518 0 P 0
L 22.00000426 21.14600546 22.50800426 20.89200546 0 P 0
L 22.00000426 21.24760546 22.30480426 21.09520546 0 P 0
L 22.00000426 21.55240546 22.30480426 21.70480546 0 P 0
L 22.00000426 21.65400546 22.50800426 21.90800546 0 P 0
L 22.00000426 23.54600574 22.50800426 23.29200574 0 P 0
L 22.00000426 23.64760574 22.30480426 23.49520574 0 P 0
L 22.00000426 23.95240574 22.30480426 24.10480574 0 P 0
L 22.00000426 24.05400574 22.50800426 24.30800574 0 P 0
L 22.00000426 61.94601022 22.50800426 61.69201022 0 P 0
L 22.00000426 62.04761022 22.30480426 61.89521022 0 P 0
L 22.00000426 62.35241022 22.30480426 62.50481022 0 P 0
L 22.00000426 62.45401022 22.50800426 62.70801022 0 P 0
L 22.03800012 6.61699972 22.03800012 7.63299972 0 P 0
L 22.04200062 8.3969987 22.04200062 9.4129987 0 P 0
L 22.04200062 8.3969987 23.05800062 8.3969987 0 P 0
L 22.04200062 9.4129987 23.05800062 9.4129987 0 P 0
L 22.04759878 35.59519932 22.19999878 35.74759932 0 P 0
L 22.04759878 36.20479932 22.19999878 36.05239932 0 P 0
L 22.09200052 52.72099946 22.34600052 52.72099946 0 P 0
L 22.09200052 52.72099946 22.34600052 52.97499946 0 P 0
L 22.09200052 53.22899946 22.34600052 52.97499946 0 P 0
L 22.09200052 53.22899946 22.34600052 53.22899946 0 P 0
L 22.0920056 12.49200448 22.3460056 13.00000448 0 P 0
L 22.0920056 12.49200448 22.6000056 12.74600448 0 P 0
L 22.0920056 13.50800448 22.3460056 13.00000448 0 P 0
L 22.0920056 13.50800448 22.6000056 13.25400448 0 P 0
L 22.0920056 14.89200476 22.3460056 15.40000476 0 P 0
L 22.0920056 14.89200476 22.6000056 15.14600476 0 P 0
L 22.0920056 15.90800476 22.3460056 15.40000476 0 P 0
L 22.0920056 15.90800476 22.6000056 15.65400476 0 P 0
L 22.0920056 17.29200504 22.3460056 17.80000504 0 P 0
L 22.0920056 17.29200504 22.6000056 17.54600504 0 P 0
L 22.0920056 18.30800504 22.3460056 17.80000504 0 P 0
L 22.0920056 18.30800504 22.6000056 18.05400504 0 P 0
L 22.0920056 19.69200532 22.3460056 20.20000532 0 P 0
L 22.0920056 19.69200532 22.6000056 19.94600532 0 P 0
L 22.0920056 20.70800532 22.3460056 20.20000532 0 P 0
L 22.0920056 20.70800532 22.6000056 20.45400532 0 P 0
L 22.0920056 22.0920056 22.3460056 22.6000056 0 P 0
L 22.0920056 22.0920056 22.6000056 22.3460056 0 P 0
L 22.0920056 23.1080056 22.3460056 22.6000056 0 P 0
L 22.0920056 23.1080056 22.6000056 22.8540056 0 P 0
L 22.0920056 46.0920084 22.3460056 46.6000084 0 P 0
L 22.0920056 46.0920084 22.6000056 46.3460084 0 P 0
L 22.0920056 47.1080084 22.3460056 46.6000084 0 P 0
L 22.0920056 47.1080084 22.6000056 46.8540084 0 P 0
L 22.0920056 58.0920098 22.3460056 58.6000098 0 P 0
L 22.0920056 58.0920098 22.6000056 58.3460098 0 P 0
L 22.0920056 59.1080098 22.3460056 58.6000098 0 P 0
L 22.0920056 59.1080098 22.6000056 58.8540098 0 P 0
L 22.0920056 62.89201036 22.3460056 63.40001036 0 P 0
L 22.0920056 62.89201036 22.6000056 63.14601036 0 P 0
L 22.0920056 63.90801036 22.3460056 63.40001036 0 P 0
L 22.0920056 63.90801036 22.6000056 63.65401036 0 P 0
L 22.15240426 14.20000462 22.30480426 13.89520462 0 P 0
L 22.15240426 14.20000462 22.30480426 14.50480462 0 P 0
L 22.15240426 16.6000049 22.30480426 16.2952049 0 P 0
L 22.15240426 16.6000049 22.30480426 16.9048049 0 P 0
L 22.15240426 19.00000518 22.30480426 18.69520518 0 P 0
L 22.15240426 19.00000518 22.30480426 19.30480518 0 P 0
L 22.15240426 21.40000546 22.30480426 21.09520546 0 P 0
L 22.15240426 21.40000546 22.30480426 21.70480546 0 P 0
L 22.15240426 23.80000574 22.30480426 23.49520574 0 P 0
L 22.15240426 23.80000574 22.30480426 24.10480574 0 P 0
L 22.15240426 62.20001022 22.30480426 61.89521022 0 P 0
L 22.15240426 62.20001022 22.30480426 62.50481022 0 P 0
L 22.19999878 35.64599932 22.45399878 35.39199932 0 P 0
L 22.19999878 35.74759932 22.35239878 35.59519932 0 P 0
L 22.19999878 36.05239932 22.35239878 36.20479932 0 P 0
L 22.19999878 36.15399932 22.45399878 36.40799932 0 P 0
L 22.24520062 8.6001987 22.24520062 9.2097987 0 P 0
L 22.24520062 8.6001987 22.85480062 8.6001987 0 P 0
L 22.24520062 9.2097987 22.85480062 9.2097987 0 P 0
L 22.24599818 60.24199788 22.24599818 60.49599788 0 P 0
L 22.24599818 60.24199788 22.75399818 60.24199788 0 P 0
L 22.24599818 61.00399788 22.24599818 61.25799788 0 P 0
L 22.24599818 61.25799788 22.75399818 61.25799788 0 P 0
L 22.25400426 14.20000462 22.50800426 13.69200462 0 P 0
L 22.25400426 14.20000462 22.50800426 14.70800462 0 P 0
L 22.25400426 16.6000049 22.50800426 16.0920049 0 P 0
L 22.25400426 16.6000049 22.50800426 17.1080049 0 P 0
L 22.25400426 19.00000518 22.50800426 18.49200518 0 P 0
L 22.25400426 19.00000518 22.50800426 19.50800518 0 P 0
L 22.25400426 21.40000546 22.50800426 20.89200546 0 P 0
L 22.25400426 21.40000546 22.50800426 21.90800546 0 P 0
L 22.25400426 23.80000574 22.50800426 23.29200574 0 P 0
L 22.25400426 23.80000574 22.50800426 24.30800574 0 P 0
L 22.25400426 62.20001022 22.50800426 61.69201022 0 P 0
L 22.25400426 62.20001022 22.50800426 62.70801022 0 P 0
L 22.29520052 52.82259946 22.44760052 52.82259946 0 P 0
L 22.29520052 52.82259946 22.44760052 52.97499946 0 P 0
L 22.29520052 53.12739946 22.44760052 52.97499946 0 P 0
L 22.29520052 53.12739946 22.44760052 53.12739946 0 P 0
L 22.2952056 12.69520448 22.4476056 13.00000448 0 P 0
L 22.2952056 12.69520448 22.6000056 12.84760448 0 P 0
L 22.2952056 13.30480448 22.4476056 13.00000448 0 P 0
L 22.2952056 13.30480448 22.6000056 13.15240448 0 P 0
L 22.2952056 15.09520476 22.4476056 15.40000476 0 P 0
L 22.2952056 15.09520476 22.6000056 15.24760476 0 P 0
L 22.2952056 15.70480476 22.4476056 15.40000476 0 P 0
L 22.2952056 15.70480476 22.6000056 15.55240476 0 P 0
L 22.2952056 17.49520504 22.4476056 17.80000504 0 P 0
L 22.2952056 17.49520504 22.6000056 17.64760504 0 P 0
L 22.2952056 18.10480504 22.4476056 17.80000504 0 P 0
L 22.2952056 18.10480504 22.6000056 17.95240504 0 P 0
L 22.2952056 19.89520532 22.4476056 20.20000532 0 P 0
L 22.2952056 19.89520532 22.6000056 20.04760532 0 P 0
L 22.2952056 20.50480532 22.4476056 20.20000532 0 P 0
L 22.2952056 20.50480532 22.6000056 20.35240532 0 P 0
L 22.2952056 22.2952056 22.4476056 22.6000056 0 P 0
L 22.2952056 22.2952056 22.6000056 22.4476056 0 P 0
L 22.2952056 22.9048056 22.4476056 22.6000056 0 P 0
L 22.2952056 22.9048056 22.6000056 22.7524056 0 P 0
L 22.2952056 46.2952084 22.4476056 46.6000084 0 P 0
L 22.2952056 46.2952084 22.6000056 46.4476084 0 P 0
L 22.2952056 46.9048084 22.4476056 46.6000084 0 P 0
L 22.2952056 46.9048084 22.6000056 46.7524084 0 P 0
L 22.2952056 58.2952098 22.4476056 58.6000098 0 P 0
L 22.2952056 58.2952098 22.6000056 58.4476098 0 P 0
L 22.2952056 58.9048098 22.4476056 58.6000098 0 P 0
L 22.2952056 58.9048098 22.6000056 58.7524098 0 P 0
L 22.2952056 63.09521036 22.4476056 63.40001036 0 P 0
L 22.2952056 63.09521036 22.6000056 63.24761036 0 P 0
L 22.2952056 63.70481036 22.4476056 63.40001036 0 P 0
L 22.2952056 63.70481036 22.6000056 63.55241036 0 P 0
L 22.34600052 52.72099946 22.60000052 52.46699946 0 P 0
L 22.34600052 53.22899946 22.60000052 53.48299946 0 P 0
L 22.35239878 35.59519932 22.50479878 35.59519932 0 P 0
L 22.35239878 35.89999932 22.50479878 35.74759932 0 P 0
L 22.35239878 35.89999932 22.50479878 36.05239932 0 P 0
L 22.35239878 36.20479932 22.50479878 36.20479932 0 P 0
L 22.44760052 52.82259946 22.60000052 52.67019946 0 P 0
L 22.44760052 53.12739946 22.60000052 53.27979946 0 P 0
L 22.45399878 35.39199932 22.70799878 35.39199932 0 P 0
L 22.45399878 35.89999932 22.70799878 35.64599932 0 P 0
L 22.45399878 35.89999932 22.70799878 36.15399932 0 P 0
L 22.45399878 36.40799932 22.70799878 36.40799932 0 P 0
L 22.50479878 35.59519932 22.50479878 35.74759932 0 P 0
L 22.50479878 36.05239932 22.50479878 36.20479932 0 P 0
L 22.59199952 33.79199998 22.59199952 34.04599998 0 P 0
L 22.59199952 33.79199998 22.84599952 33.79199998 0 P 0
L 22.59199952 34.04599998 22.84599952 34.29999998 0 P 0
L 22.59199952 34.55399998 22.59199952 34.80799998 0 P 0
L 22.59199952 34.55399998 22.84599952 34.29999998 0 P 0
L 22.59199952 34.80799998 22.84599952 34.80799998 0 P 0
L 22.60000052 52.46699946 22.85400052 52.72099946 0 P 0
L 22.60000052 52.67019946 22.75240052 52.82259946 0 P 0
L 22.60000052 53.27979946 22.75240052 53.12739946 0 P 0
L 22.60000052 53.48299946 22.85400052 53.22899946 0 P 0
L 22.6000056 12.74600448 23.1080056 12.49200448 0 P 0
L 22.6000056 12.84760448 22.9048056 12.69520448 0 P 0
L 22.6000056 13.15240448 22.9048056 13.30480448 0 P 0
L 22.6000056 13.25400448 23.1080056 13.50800448 0 P 0
L 22.6000056 15.14600476 23.1080056 14.89200476 0 P 0
L 22.6000056 15.24760476 22.9048056 15.09520476 0 P 0
L 22.6000056 15.55240476 22.9048056 15.70480476 0 P 0
L 22.6000056 15.65400476 23.1080056 15.90800476 0 P 0
L 22.6000056 17.54600504 23.1080056 17.29200504 0 P 0
L 22.6000056 17.64760504 22.9048056 17.49520504 0 P 0
L 22.6000056 17.95240504 22.9048056 18.10480504 0 P 0
L 22.6000056 18.05400504 23.1080056 18.30800504 0 P 0
L 22.6000056 19.94600532 23.1080056 19.69200532 0 P 0
L 22.6000056 20.04760532 22.9048056 19.89520532 0 P 0
L 22.6000056 20.35240532 22.9048056 20.50480532 0 P 0
L 22.6000056 20.45400532 23.1080056 20.70800532 0 P 0
L 22.6000056 22.3460056 23.1080056 22.0920056 0 P 0
L 22.6000056 22.4476056 22.9048056 22.2952056 0 P 0
L 22.6000056 22.7524056 22.9048056 22.9048056 0 P 0
L 22.6000056 22.8540056 23.1080056 23.1080056 0 P 0
L 22.6000056 46.3460084 23.1080056 46.0920084 0 P 0
L 22.6000056 46.4476084 22.9048056 46.2952084 0 P 0
L 22.6000056 46.7524084 22.9048056 46.9048084 0 P 0
L 22.6000056 46.8540084 23.1080056 47.1080084 0 P 0
L 22.6000056 58.3460098 23.1080056 58.0920098 0 P 0
L 22.6000056 58.4476098 22.9048056 58.2952098 0 P 0
L 22.6000056 58.7524098 22.9048056 58.9048098 0 P 0
L 22.6000056 58.8540098 23.1080056 59.1080098 0 P 0
L 22.6000056 63.14601036 23.1080056 62.89201036 0 P 0
L 22.6000056 63.24761036 22.9048056 63.09521036 0 P 0
L 22.6000056 63.55241036 22.9048056 63.70481036 0 P 0
L 22.6000056 63.65401036 23.1080056 63.90801036 0 P 0
L 22.6920044 13.69200462 22.9460044 14.20000462 0 P 0
L 22.6920044 13.69200462 23.2000044 13.94600462 0 P 0
L 22.6920044 14.70800462 22.9460044 14.20000462 0 P 0
L 22.6920044 14.70800462 23.2000044 14.45400462 0 P 0
L 22.6920044 16.0920049 22.9460044 16.6000049 0 P 0
L 22.6920044 16.0920049 23.2000044 16.3460049 0 P 0
L 22.6920044 17.1080049 22.9460044 16.6000049 0 P 0
L 22.6920044 17.1080049 23.2000044 16.8540049 0 P 0
L 22.6920044 18.49200518 22.9460044 19.00000518 0 P 0
L 22.6920044 18.49200518 23.2000044 18.74600518 0 P 0
L 22.6920044 19.50800518 22.9460044 19.00000518 0 P 0
L 22.6920044 19.50800518 23.2000044 19.25400518 0 P 0
L 22.6920044 20.89200546 22.9460044 21.40000546 0 P 0
L 22.6920044 20.89200546 23.2000044 21.14600546 0 P 0
L 22.6920044 21.90800546 22.9460044 21.40000546 0 P 0
L 22.6920044 21.90800546 23.2000044 21.65400546 0 P 0
L 22.6920044 44.89200826 22.9460044 45.40000826 0 P 0
L 22.6920044 44.89200826 23.2000044 45.14600826 0 P 0
L 22.6920044 45.90800826 22.9460044 45.40000826 0 P 0
L 22.6920044 45.90800826 23.2000044 45.65400826 0 P 0
L 22.6920044 54.49200938 22.9460044 55.00000938 0 P 0
L 22.6920044 54.49200938 23.2000044 54.74600938 0 P 0
L 22.6920044 55.50800938 22.9460044 55.00000938 0 P 0
L 22.6920044 55.50800938 23.2000044 55.25400938 0 P 0
L 22.6920044 56.89200966 22.9460044 57.40000966 0 P 0
L 22.6920044 56.89200966 23.2000044 57.14600966 0 P 0
L 22.6920044 57.90800966 22.9460044 57.40000966 0 P 0
L 22.6920044 57.90800966 23.2000044 57.65400966 0 P 0
L 22.6920044 61.69201022 22.9460044 62.20001022 0 P 0
L 22.6920044 61.69201022 23.2000044 61.94601022 0 P 0
L 22.6920044 62.70801022 22.9460044 62.20001022 0 P 0
L 22.6920044 62.70801022 23.2000044 62.45401022 0 P 0
L 22.70799878 35.39199932 22.70799878 35.64599932 0 P 0
L 22.70799878 36.15399932 22.70799878 36.40799932 0 P 0
L 22.75240052 52.82259946 22.90480052 52.82259946 0 P 0
L 22.75240052 52.97499946 22.90480052 52.82259946 0 P 0
L 22.75240052 52.97499946 22.90480052 53.12739946 0 P 0
L 22.75240052 53.12739946 22.90480052 53.12739946 0 P 0
L 22.7524056 13.00000448 22.9048056 12.69520448 0 P 0
L 22.7524056 13.00000448 22.9048056 13.30480448 0 P 0
L 22.7524056 15.40000476 22.9048056 15.09520476 0 P 0
L 22.7524056 15.40000476 22.9048056 15.70480476 0 P 0
L 22.7524056 17.80000504 22.9048056 17.49520504 0 P 0
L 22.7524056 17.80000504 22.9048056 18.10480504 0 P 0
L 22.7524056 20.20000532 22.9048056 19.89520532 0 P 0
L 22.7524056 20.20000532 22.9048056 20.50480532 0 P 0
L 22.7524056 22.6000056 22.9048056 22.2952056 0 P 0
L 22.7524056 22.6000056 22.9048056 22.9048056 0 P 0
L 22.7524056 46.6000084 22.9048056 46.2952084 0 P 0
L 22.7524056 46.6000084 22.9048056 46.9048084 0 P 0
L 22.7524056 58.6000098 22.9048056 58.2952098 0 P 0
L 22.7524056 58.6000098 22.9048056 58.9048098 0 P 0
L 22.7524056 63.40001036 22.9048056 63.09521036 0 P 0
L 22.7524056 63.40001036 22.9048056 63.70481036 0 P 0
L 22.75399818 60.24199788 22.75399818 60.49599788 0 P 0
L 22.75399818 60.49599788 23.00799818 60.49599788 0 P 0
L 22.75399818 61.00399788 22.75399818 61.25799788 0 P 0
L 22.75399818 61.00399788 23.00799818 61.00399788 0 P 0
L 22.79519952 33.99519998 22.79519952 34.14759998 0 P 0
L 22.79519952 33.99519998 22.94759952 33.99519998 0 P 0
L 22.79519952 34.14759998 22.94759952 34.29999998 0 P 0
L 22.79519952 34.45239998 22.79519952 34.60479998 0 P 0
L 22.79519952 34.45239998 22.94759952 34.29999998 0 P 0
L 22.79519952 34.60479998 22.94759952 34.60479998 0 P 0
L 22.84599952 33.79199998 23.09999952 34.04599998 0 P 0
L 22.84599952 34.80799998 23.09999952 34.55399998 0 P 0
L 22.85400052 52.72099946 23.10800052 52.72099946 0 P 0
L 22.85400052 52.97499946 23.10800052 52.72099946 0 P 0
L 22.85400052 52.97499946 23.10800052 53.22899946 0 P 0
L 22.85400052 53.22899946 23.10800052 53.22899946 0 P 0
L 22.8540056 13.00000448 23.1080056 12.49200448 0 P 0
L 22.8540056 13.00000448 23.1080056 13.50800448 0 P 0
L 22.8540056 15.40000476 23.1080056 14.89200476 0 P 0
L 22.8540056 15.40000476 23.1080056 15.90800476 0 P 0
L 22.8540056 17.80000504 23.1080056 17.29200504 0 P 0
L 22.8540056 17.80000504 23.1080056 18.30800504 0 P 0
L 22.8540056 20.20000532 23.1080056 19.69200532 0 P 0
L 22.8540056 20.20000532 23.1080056 20.70800532 0 P 0
L 22.8540056 22.6000056 23.1080056 22.0920056 0 P 0
L 22.8540056 22.6000056 23.1080056 23.1080056 0 P 0
L 22.8540056 46.6000084 23.1080056 46.0920084 0 P 0
L 22.8540056 46.6000084 23.1080056 47.1080084 0 P 0
L 22.8540056 58.6000098 23.1080056 58.0920098 0 P 0
L 22.8540056 58.6000098 23.1080056 59.1080098 0 P 0
L 22.8540056 63.40001036 23.1080056 62.89201036 0 P 0
L 22.8540056 63.40001036 23.1080056 63.90801036 0 P 0
L 22.85480062 8.6001987 22.85480062 9.2097987 0 P 0
L 22.8952044 13.89520462 23.0476044 14.20000462 0 P 0
L 22.8952044 13.89520462 23.2000044 14.04760462 0 P 0
L 22.8952044 14.50480462 23.0476044 14.20000462 0 P 0
L 22.8952044 14.50480462 23.2000044 14.35240462 0 P 0
L 22.8952044 16.2952049 23.0476044 16.6000049 0 P 0
L 22.8952044 16.2952049 23.2000044 16.4476049 0 P 0
L 22.8952044 16.9048049 23.0476044 16.6000049 0 P 0
L 22.8952044 16.9048049 23.2000044 16.7524049 0 P 0
L 22.8952044 18.69520518 23.0476044 19.00000518 0 P 0
L 22.8952044 18.69520518 23.2000044 18.84760518 0 P 0
L 22.8952044 19.30480518 23.0476044 19.00000518 0 P 0
L 22.8952044 19.30480518 23.2000044 19.15240518 0 P 0
L 22.8952044 21.09520546 23.0476044 21.40000546 0 P 0
L 22.8952044 21.09520546 23.2000044 21.24760546 0 P 0
L 22.8952044 21.70480546 23.0476044 21.40000546 0 P 0
L 22.8952044 21.70480546 23.2000044 21.55240546 0 P 0
L 22.8952044 45.09520826 23.0476044 45.40000826 0 P 0
L 22.8952044 45.09520826 23.2000044 45.24760826 0 P 0
L 22.8952044 45.70480826 23.0476044 45.40000826 0 P 0
L 22.8952044 45.70480826 23.2000044 45.55240826 0 P 0
L 22.8952044 54.69520938 23.0476044 55.00000938 0 P 0
L 22.8952044 54.69520938 23.2000044 54.84760938 0 P 0
L 22.8952044 55.30480938 23.0476044 55.00000938 0 P 0
L 22.8952044 55.30480938 23.2000044 55.15240938 0 P 0
L 22.8952044 57.09520966 23.0476044 57.40000966 0 P 0
L 22.8952044 57.09520966 23.2000044 57.24760966 0 P 0
L 22.8952044 57.70480966 23.0476044 57.40000966 0 P 0
L 22.8952044 57.70480966 23.2000044 57.55240966 0 P 0
L 22.8952044 61.89521022 23.0476044 62.20001022 0 P 0
L 22.8952044 61.89521022 23.2000044 62.04761022 0 P 0
L 22.8952044 62.50481022 23.0476044 62.20001022 0 P 0
L 22.8952044 62.50481022 23.2000044 62.35241022 0 P 0
L 22.94759952 33.99519998 23.09999952 34.14759998 0 P 0
L 22.94759952 34.60479998 23.09999952 34.45239998 0 P 0
L 22.99200126 29.79200036 22.99200126 30.04600036 0 P 0
L 22.99200126 29.79200036 23.24600126 29.79200036 0 P 0
L 22.99200126 30.04600036 23.24600126 30.30000036 0 P 0
L 22.99200126 30.55400036 22.99200126 30.80800036 0 P 0
L 22.99200126 30.55400036 23.24600126 30.30000036 0 P 0
L 22.99200126 30.80800036 23.24600126 30.80800036 0 P 0
L 23.00799818 60.49599788 23.00799818 61.00399788 0 P 0
L 23.05800062 8.3969987 23.05800062 9.4129987 0 P 0
L 23.06200112 6.61699972 23.06200112 7.63299972 0 P 0
L 23.06200112 6.61699972 24.07800112 6.61699972 0 P 0
L 23.06200112 7.63299972 24.07800112 7.63299972 0 P 0
L 23.09200106 27.19200048 23.09200106 27.44600048 0 P 0
L 23.09200106 27.19200048 23.34600106 27.19200048 0 P 0
L 23.09200106 27.44600048 23.34600106 27.70000048 0 P 0
L 23.09200106 27.95400048 23.09200106 28.20800048 0 P 0
L 23.09200106 27.95400048 23.34600106 27.70000048 0 P 0
L 23.09200106 28.20800048 23.34600106 28.20800048 0 P 0
L 23.09999952 34.04599998 23.35399952 33.79199998 0 P 0
L 23.09999952 34.14759998 23.25239952 33.99519998 0 P 0
L 23.09999952 34.45239998 23.25239952 34.60479998 0 P 0
L 23.09999952 34.55399998 23.35399952 34.80799998 0 P 0
L 23.19520126 29.99520036 23.19520126 30.14760036 0 P 0
L 23.19520126 29.99520036 23.34760126 29.99520036 0 P 0
L 23.19520126 30.14760036 23.34760126 30.30000036 0 P 0
L 23.19520126 30.45240036 23.19520126 30.60480036 0 P 0
L 23.19520126 30.45240036 23.34760126 30.30000036 0 P 0
L 23.19520126 30.60480036 23.34760126 30.60480036 0 P 0
L 23.2000044 13.94600462 23.7080044 13.69200462 0 P 0
L 23.2000044 14.04760462 23.5048044 13.89520462 0 P 0
L 23.2000044 14.35240462 23.5048044 14.50480462 0 P 0
L 23.2000044 14.45400462 23.7080044 14.70800462 0 P 0
L 23.2000044 16.3460049 23.7080044 16.0920049 0 P 0
L 23.2000044 16.4476049 23.5048044 16.2952049 0 P 0
L 23.2000044 16.7524049 23.5048044 16.9048049 0 P 0
L 23.2000044 16.8540049 23.7080044 17.1080049 0 P 0
L 23.2000044 18.74600518 23.7080044 18.49200518 0 P 0
L 23.2000044 18.84760518 23.5048044 18.69520518 0 P 0
L 23.2000044 19.15240518 23.5048044 19.30480518 0 P 0
L 23.2000044 19.25400518 23.7080044 19.50800518 0 P 0
L 23.2000044 21.14600546 23.7080044 20.89200546 0 P 0
L 23.2000044 21.24760546 23.5048044 21.09520546 0 P 0
L 23.2000044 21.55240546 23.5048044 21.70480546 0 P 0
L 23.2000044 21.65400546 23.7080044 21.90800546 0 P 0
L 23.2000044 45.14600826 23.7080044 44.89200826 0 P 0
L 23.2000044 45.24760826 23.5048044 45.09520826 0 P 0
L 23.2000044 45.55240826 23.5048044 45.70480826 0 P 0
L 23.2000044 45.65400826 23.7080044 45.90800826 0 P 0
L 23.2000044 54.74600938 23.7080044 54.49200938 0 P 0
L 23.2000044 54.84760938 23.5048044 54.69520938 0 P 0
L 23.2000044 55.15240938 23.5048044 55.30480938 0 P 0
L 23.2000044 55.25400938 23.7080044 55.50800938 0 P 0
L 23.2000044 57.14600966 23.7080044 56.89200966 0 P 0
L 23.2000044 57.24760966 23.5048044 57.09520966 0 P 0
L 23.2000044 57.55240966 23.5048044 57.70480966 0 P 0
L 23.2000044 57.65400966 23.7080044 57.90800966 0 P 0
L 23.2000044 61.94601022 23.7080044 61.69201022 0 P 0
L 23.2000044 62.04761022 23.5048044 61.89521022 0 P 0
L 23.2000044 62.35241022 23.5048044 62.50481022 0 P 0
L 23.2000044 62.45401022 23.7080044 62.70801022 0 P 0
L 23.216997 59.69999998 23.724997 59.19199998 0 P 0
L 23.216997 59.69999998 23.724997 60.20799998 0 P 0
L 23.24600126 29.79200036 23.50000126 30.04600036 0 P 0
L 23.24600126 30.80800036 23.50000126 30.55400036 0 P 0
L 23.25239952 33.99519998 23.40479952 33.99519998 0 P 0
L 23.25239952 34.29999998 23.40479952 34.14759998 0 P 0
L 23.25239952 34.29999998 23.40479952 34.45239998 0 P 0
L 23.25239952 34.60479998 23.40479952 34.60479998 0 P 0
L 23.26520112 6.82019972 23.26520112 7.42979972 0 P 0
L 23.26520112 6.82019972 23.87480112 6.82019972 0 P 0
L 23.26520112 7.42979972 23.87480112 7.42979972 0 P 0
L 23.29200066 32.19200064 23.29200066 32.44600064 0 P 0
L 23.29200066 32.19200064 23.54600066 32.19200064 0 P 0
L 23.29200066 32.44600064 23.54600066 32.70000064 0 P 0
L 23.29200066 32.95400064 23.29200066 33.20800064 0 P 0
L 23.29200066 32.95400064 23.54600066 32.70000064 0 P 0
L 23.29200066 33.20800064 23.54600066 33.20800064 0 P 0
L 23.29200574 14.89200476 23.54600574 15.40000476 0 P 0
L 23.29200574 14.89200476 23.80000574 15.14600476 0 P 0
L 23.29200574 15.90800476 23.54600574 15.40000476 0 P 0
L 23.29200574 15.90800476 23.80000574 15.65400476 0 P 0
L 23.29200574 17.29200504 23.54600574 17.80000504 0 P 0
L 23.29200574 17.29200504 23.80000574 17.54600504 0 P 0
L 23.29200574 18.30800504 23.54600574 17.80000504 0 P 0
L 23.29200574 18.30800504 23.80000574 18.05400504 0 P 0
L 23.29200574 19.69200532 23.54600574 20.20000532 0 P 0
L 23.29200574 19.69200532 23.80000574 19.94600532 0 P 0
L 23.29200574 20.70800532 23.54600574 20.20000532 0 P 0
L 23.29200574 20.70800532 23.80000574 20.45400532 0 P 0
L 23.29200574 22.0920056 23.54600574 22.6000056 0 P 0
L 23.29200574 22.0920056 23.80000574 22.3460056 0 P 0
L 23.29200574 23.1080056 23.54600574 22.6000056 0 P 0
L 23.29200574 23.1080056 23.80000574 22.8540056 0 P 0
L 23.29200574 46.0920084 23.54600574 46.6000084 0 P 0
L 23.29200574 46.0920084 23.80000574 46.3460084 0 P 0
L 23.29200574 47.1080084 23.54600574 46.6000084 0 P 0
L 23.29200574 47.1080084 23.80000574 46.8540084 0 P 0
L 23.29200574 55.69200952 23.54600574 56.20000952 0 P 0
L 23.29200574 55.69200952 23.80000574 55.94600952 0 P 0
L 23.29200574 56.70800952 23.54600574 56.20000952 0 P 0
L 23.29200574 56.70800952 23.80000574 56.45400952 0 P 0
L 23.29520106 27.39520048 23.29520106 27.54760048 0 P 0
L 23.29520106 27.39520048 23.44760106 27.39520048 0 P 0
L 23.29520106 27.54760048 23.44760106 27.70000048 0 P 0
L 23.29520106 27.85240048 23.29520106 28.00480048 0 P 0
L 23.29520106 27.85240048 23.44760106 27.70000048 0 P 0
L 23.29520106 28.00480048 23.44760106 28.00480048 0 P 0
L 23.34600106 27.19200048 23.60000106 27.44600048 0 P 0
L 23.34600106 28.20800048 23.60000106 27.95400048 0 P 0
L 23.34760126 29.99520036 23.50000126 30.14760036 0 P 0
L 23.34760126 30.60480036 23.50000126 30.45240036 0 P 0
L 23.3524044 14.20000462 23.5048044 13.89520462 0 P 0
L 23.3524044 14.20000462 23.5048044 14.50480462 0 P 0
L 23.3524044 16.6000049 23.5048044 16.2952049 0 P 0
L 23.3524044 16.6000049 23.5048044 16.9048049 0 P 0
L 23.3524044 19.00000518 23.5048044 18.69520518 0 P 0
L 23.3524044 19.00000518 23.5048044 19.30480518 0 P 0
L 23.3524044 21.40000546 23.5048044 21.09520546 0 P 0
L 23.3524044 21.40000546 23.5048044 21.70480546 0 P 0
L 23.3524044 45.40000826 23.5048044 45.09520826 0 P 0
L 23.3524044 45.40000826 23.5048044 45.70480826 0 P 0
L 23.3524044 55.00000938 23.5048044 54.69520938 0 P 0
L 23.3524044 55.00000938 23.5048044 55.30480938 0 P 0
L 23.3524044 57.40000966 23.5048044 57.09520966 0 P 0
L 23.3524044 57.40000966 23.5048044 57.70480966 0 P 0
L 23.3524044 62.20001022 23.5048044 61.89521022 0 P 0
L 23.3524044 62.20001022 23.5048044 62.50481022 0 P 0
L 23.35399952 33.79199998 23.60799952 33.79199998 0 P 0
L 23.35399952 34.29999998 23.60799952 34.04599998 0 P 0
L 23.35399952 34.29999998 23.60799952 34.55399998 0 P 0
L 23.35399952 34.80799998 23.60799952 34.80799998 0 P 0
L 23.36699924 62.992 23.36699924 63.246 0 P 0
L 23.36699924 62.992 23.62099924 62.992 0 P 0
L 23.36699924 63.246 23.62099924 63.5 0 P 0
L 23.36699924 63.754 23.36699924 64.008 0 P 0
L 23.36699924 63.754 23.62099924 63.5 0 P 0
L 23.36699924 64.008 23.62099924 64.008 0 P 0
L 23.39200046 3.24600062 23.64600046 3.24600062 0 P 0
L 23.39200046 3.24600062 23.64600046 3.50000062 0 P 0
L 23.39200046 3.75400062 23.64600046 3.50000062 0 P 0
L 23.39200046 3.75400062 23.64600046 3.75400062 0 P 0
L 23.40479952 33.99519998 23.40479952 34.14759998 0 P 0
L 23.40479952 34.45239998 23.40479952 34.60479998 0 P 0
L 23.44760106 27.39520048 23.60000106 27.54760048 0 P 0
L 23.44760106 28.00480048 23.60000106 27.85240048 0 P 0
L 23.4540044 14.20000462 23.7080044 13.69200462 0 P 0
L 23.4540044 14.20000462 23.7080044 14.70800462 0 P 0
L 23.4540044 16.6000049 23.7080044 16.0920049 0 P 0
L 23.4540044 16.6000049 23.7080044 17.1080049 0 P 0
L 23.4540044 19.00000518 23.7080044 18.49200518 0 P 0
L 23.4540044 19.00000518 23.7080044 19.50800518 0 P 0
L 23.4540044 21.40000546 23.7080044 20.89200546 0 P 0
L 23.4540044 21.40000546 23.7080044 21.90800546 0 P 0
L 23.4540044 45.40000826 23.7080044 44.89200826 0 P 0
L 23.4540044 45.40000826 23.7080044 45.90800826 0 P 0
L 23.4540044 55.00000938 23.7080044 54.49200938 0 P 0
L 23.4540044 55.00000938 23.7080044 55.50800938 0 P 0
L 23.4540044 57.40000966 23.7080044 56.89200966 0 P 0
L 23.4540044 57.40000966 23.7080044 57.90800966 0 P 0
L 23.4540044 62.20001022 23.7080044 61.69201022 0 P 0
L 23.4540044 62.20001022 23.7080044 62.70801022 0 P 0
L 23.49520066 32.39520064 23.49520066 32.54760064 0 P 0
L 23.49520066 32.39520064 23.64760066 32.39520064 0 P 0
L 23.49520066 32.54760064 23.64760066 32.70000064 0 P 0
L 23.49520066 32.85240064 23.49520066 33.00480064 0 P 0
L 23.49520066 32.85240064 23.64760066 32.70000064 0 P 0
L 23.49520066 33.00480064 23.64760066 33.00480064 0 P 0
L 23.49520574 15.09520476 23.64760574 15.40000476 0 P 0
L 23.49520574 15.09520476 23.80000574 15.24760476 0 P 0
L 23.49520574 15.70480476 23.64760574 15.40000476 0 P 0
L 23.49520574 15.70480476 23.80000574 15.55240476 0 P 0
L 23.49520574 17.49520504 23.64760574 17.80000504 0 P 0
L 23.49520574 17.49520504 23.80000574 17.64760504 0 P 0
L 23.49520574 18.10480504 23.64760574 17.80000504 0 P 0
L 23.49520574 18.10480504 23.80000574 17.95240504 0 P 0
L 23.49520574 19.89520532 23.64760574 20.20000532 0 P 0
L 23.49520574 19.89520532 23.80000574 20.04760532 0 P 0
L 23.49520574 20.50480532 23.64760574 20.20000532 0 P 0
L 23.49520574 20.50480532 23.80000574 20.35240532 0 P 0
L 23.49520574 22.2952056 23.64760574 22.6000056 0 P 0
L 23.49520574 22.2952056 23.80000574 22.4476056 0 P 0
L 23.49520574 22.9048056 23.64760574 22.6000056 0 P 0
L 23.49520574 22.9048056 23.80000574 22.7524056 0 P 0
L 23.49520574 46.2952084 23.64760574 46.6000084 0 P 0
L 23.49520574 46.2952084 23.80000574 46.4476084 0 P 0
L 23.49520574 46.9048084 23.64760574 46.6000084 0 P 0
L 23.49520574 46.9048084 23.80000574 46.7524084 0 P 0
L 23.49520574 55.89520952 23.64760574 56.20000952 0 P 0
L 23.49520574 55.89520952 23.80000574 56.04760952 0 P 0
L 23.49520574 56.50480952 23.64760574 56.20000952 0 P 0
L 23.49520574 56.50480952 23.80000574 56.35240952 0 P 0
L 23.50000126 30.04600036 23.75400126 29.79200036 0 P 0
L 23.50000126 30.14760036 23.65240126 29.99520036 0 P 0
L 23.50000126 30.45240036 23.65240126 30.60480036 0 P 0
L 23.50000126 30.55400036 23.75400126 30.80800036 0 P 0
L 23.54600066 32.19200064 23.80000066 32.44600064 0 P 0
L 23.54600066 33.20800064 23.80000066 32.95400064 0 P 0
L 23.59520046 3.34760062 23.74760046 3.34760062 0 P 0
L 23.59520046 3.34760062 23.74760046 3.50000062 0 P 0
L 23.59520046 3.65240062 23.74760046 3.50000062 0 P 0
L 23.59520046 3.65240062 23.74760046 3.65240062 0 P 0
L 23.60000106 27.44600048 23.85400106 27.19200048 0 P 0
L 23.60000106 27.54760048 23.75240106 27.39520048 0 P 0
L 23.60000106 27.85240048 23.75240106 28.00480048 0 P 0
L 23.60000106 27.95400048 23.85400106 28.20800048 0 P 0
L 23.60799952 33.79199998 23.60799952 34.04599998 0 P 0
L 23.60799952 34.55399998 23.60799952 34.80799998 0 P 0
L 23.62099924 62.992 23.87499924 63.246 0 P 0
L 23.62099924 64.008 23.87499924 63.754 0 P 0
L 23.64600046 3.24600062 23.90000046 2.99200062 0 P 0
L 23.64600046 3.75400062 23.90000046 4.00800062 0 P 0
L 23.64760066 32.39520064 23.80000066 32.54760064 0 P 0
L 23.64760066 33.00480064 23.80000066 32.85240064 0 P 0
L 23.65240126 29.99520036 23.80480126 29.99520036 0 P 0
L 23.65240126 30.30000036 23.80480126 30.14760036 0 P 0
L 23.65240126 30.30000036 23.80480126 30.45240036 0 P 0
L 23.65240126 30.60480036 23.80480126 30.60480036 0 P 0
L 23.724997 59.19199998 24.232997 59.69999998 0 P 0
L 23.724997 60.20799998 24.232997 59.69999998 0 P 0
L 23.74760046 3.34760062 23.90000046 3.19520062 0 P 0
L 23.74760046 3.65240062 23.90000046 3.80480062 0 P 0
L 23.75240106 27.39520048 23.90480106 27.39520048 0 P 0
L 23.75240106 27.70000048 23.90480106 27.54760048 0 P 0
L 23.75240106 27.70000048 23.90480106 27.85240048 0 P 0
L 23.75240106 28.00480048 23.90480106 28.00480048 0 P 0
L 23.75400126 29.79200036 24.00800126 29.79200036 0 P 0
L 23.75400126 30.30000036 24.00800126 30.04600036 0 P 0
L 23.75400126 30.30000036 24.00800126 30.55400036 0 P 0
L 23.75400126 30.80800036 24.00800126 30.80800036 0 P 0
L 23.80000066 32.44600064 24.05400066 32.19200064 0 P 0
L 23.80000066 32.54760064 23.95240066 32.39520064 0 P 0
L 23.80000066 32.85240064 23.95240066 33.00480064 0 P 0
L 23.80000066 32.95400064 24.05400066 33.20800064 0 P 0
L 23.80000574 15.14600476 24.30800574 14.89200476 0 P 0
L 23.80000574 15.24760476 24.10480574 15.09520476 0 P 0
L 23.80000574 15.55240476 24.10480574 15.70480476 0 P 0
L 23.80000574 15.65400476 24.30800574 15.90800476 0 P 0
L 23.80000574 17.54600504 24.30800574 17.29200504 0 P 0
L 23.80000574 17.64760504 24.10480574 17.49520504 0 P 0
L 23.80000574 17.95240504 24.10480574 18.10480504 0 P 0
L 23.80000574 18.05400504 24.30800574 18.30800504 0 P 0
L 23.80000574 19.94600532 24.30800574 19.69200532 0 P 0
L 23.80000574 20.04760532 24.10480574 19.89520532 0 P 0
L 23.80000574 20.35240532 24.10480574 20.50480532 0 P 0
L 23.80000574 20.45400532 24.30800574 20.70800532 0 P 0
L 23.80000574 22.3460056 24.30800574 22.0920056 0 P 0
L 23.80000574 22.4476056 24.10480574 22.2952056 0 P 0
L 23.80000574 22.7524056 24.10480574 22.9048056 0 P 0
L 23.80000574 22.8540056 24.30800574 23.1080056 0 P 0
L 23.80000574 46.3460084 24.30800574 46.0920084 0 P 0
L 23.80000574 46.4476084 24.10480574 46.2952084 0 P 0
L 23.80000574 46.7524084 24.10480574 46.9048084 0 P 0
L 23.80000574 46.8540084 24.30800574 47.1080084 0 P 0
L 23.80000574 55.94600952 24.30800574 55.69200952 0 P 0
L 23.80000574 56.04760952 24.10480574 55.89520952 0 P 0
L 23.80000574 56.35240952 24.10480574 56.50480952 0 P 0
L 23.80000574 56.45400952 24.30800574 56.70800952 0 P 0
L 23.80480126 29.99520036 23.80480126 30.14760036 0 P 0
L 23.80480126 30.45240036 23.80480126 30.60480036 0 P 0
L 23.85400106 27.19200048 24.10800106 27.19200048 0 P 0
L 23.85400106 27.70000048 24.10800106 27.44600048 0 P 0
L 23.85400106 27.70000048 24.10800106 27.95400048 0 P 0
L 23.85400106 28.20800048 24.10800106 28.20800048 0 P 0
L 23.87480112 6.82019972 23.87480112 7.42979972 0 P 0
L 23.87499924 63.246 24.12899924 62.992 0 P 0
L 23.87499924 63.754 24.12899924 64.008 0 P 0
L 23.89200454 16.0920049 24.14600454 16.6000049 0 P 0
L 23.89200454 16.0920049 24.40000454 16.3460049 0 P 0
L 23.89200454 17.1080049 24.14600454 16.6000049 0 P 0
L 23.89200454 17.1080049 24.40000454 16.8540049 0 P 0
L 23.89200454 18.49200518 24.14600454 19.00000518 0 P 0
L 23.89200454 18.49200518 24.40000454 18.74600518 0 P 0
L 23.89200454 19.50800518 24.14600454 19.00000518 0 P 0
L 23.89200454 19.50800518 24.40000454 19.25400518 0 P 0
L 23.89200454 49.69200882 24.14600454 50.20000882 0 P 0
L 23.89200454 49.69200882 24.40000454 49.94600882 0 P 0
L 23.89200454 50.70800882 24.14600454 50.20000882 0 P 0
L 23.89200454 50.70800882 24.40000454 50.45400882 0 P 0
L 23.89200454 54.49200938 24.14600454 55.00000938 0 P 0
L 23.89200454 54.49200938 24.40000454 54.74600938 0 P 0
L 23.89200454 55.50800938 24.14600454 55.00000938 0 P 0
L 23.89200454 55.50800938 24.40000454 55.25400938 0 P 0
L 23.89200454 56.89200966 24.14600454 57.40000966 0 P 0
L 23.89200454 56.89200966 24.40000454 57.14600966 0 P 0
L 23.89200454 57.90800966 24.14600454 57.40000966 0 P 0
L 23.89200454 57.90800966 24.40000454 57.65400966 0 P 0
L 23.90000046 2.99200062 24.15400046 3.24600062 0 P 0
L 23.90000046 3.19520062 24.05240046 3.34760062 0 P 0
L 23.90000046 3.80480062 24.05240046 3.65240062 0 P 0
L 23.90000046 4.00800062 24.15400046 3.75400062 0 P 0
L 23.90480106 27.39520048 23.90480106 27.54760048 0 P 0
L 23.90480106 27.85240048 23.90480106 28.00480048 0 P 0
L 23.95240066 32.39520064 24.10480066 32.39520064 0 P 0
L 23.95240066 32.70000064 24.10480066 32.54760064 0 P 0
L 23.95240066 32.70000064 24.10480066 32.85240064 0 P 0
L 23.95240066 33.00480064 24.10480066 33.00480064 0 P 0
L 23.95240574 15.40000476 24.10480574 15.09520476 0 P 0
L 23.95240574 15.40000476 24.10480574 15.70480476 0 P 0
L 23.95240574 17.80000504 24.10480574 17.49520504 0 P 0
L 23.95240574 17.80000504 24.10480574 18.10480504 0 P 0
L 23.95240574 20.20000532 24.10480574 19.89520532 0 P 0
L 23.95240574 20.20000532 24.10480574 20.50480532 0 P 0
L 23.95240574 22.6000056 24.10480574 22.2952056 0 P 0
L 23.95240574 22.6000056 24.10480574 22.9048056 0 P 0
L 23.95240574 46.6000084 24.10480574 46.2952084 0 P 0
L 23.95240574 46.6000084 24.10480574 46.9048084 0 P 0
L 23.95240574 56.20000952 24.10480574 55.89520952 0 P 0
L 23.95240574 56.20000952 24.10480574 56.50480952 0 P 0
L 24.00800126 29.79200036 24.00800126 30.04600036 0 P 0
L 24.00800126 30.55400036 24.00800126 30.80800036 0 P 0
L 24.0219992 35.54199902 24.2759992 36.04999902 0 P 0
L 24.0219992 35.54199902 24.5299992 35.79599902 0 P 0
L 24.0219992 36.55799902 24.2759992 36.04999902 0 P 0
L 24.0219992 36.55799902 24.5299992 36.30399902 0 P 0
L 24.05240046 3.34760062 24.20480046 3.34760062 0 P 0
L 24.05240046 3.50000062 24.20480046 3.34760062 0 P 0
L 24.05240046 3.50000062 24.20480046 3.65240062 0 P 0
L 24.05240046 3.65240062 24.20480046 3.65240062 0 P 0
L 24.05400066 32.19200064 24.30800066 32.19200064 0 P 0
L 24.05400066 32.70000064 24.30800066 32.44600064 0 P 0
L 24.05400066 32.70000064 24.30800066 32.95400064 0 P 0
L 24.05400066 33.20800064 24.30800066 33.20800064 0 P 0
L 24.05400574 15.40000476 24.30800574 14.89200476 0 P 0
L 24.05400574 15.40000476 24.30800574 15.90800476 0 P 0
L 24.05400574 17.80000504 24.30800574 17.29200504 0 P 0
L 24.05400574 17.80000504 24.30800574 18.30800504 0 P 0
L 24.05400574 20.20000532 24.30800574 19.69200532 0 P 0
L 24.05400574 20.20000532 24.30800574 20.70800532 0 P 0
L 24.05400574 22.6000056 24.30800574 22.0920056 0 P 0
L 24.05400574 22.6000056 24.30800574 23.1080056 0 P 0
L 24.05400574 46.6000084 24.30800574 46.0920084 0 P 0
L 24.05400574 46.6000084 24.30800574 47.1080084 0 P 0
L 24.05400574 56.20000952 24.30800574 55.69200952 0 P 0
L 24.05400574 56.20000952 24.30800574 56.70800952 0 P 0
L 24.06200166 13.21699922 24.06200166 14.23299922 0 P 0
L 24.06200166 13.21699922 25.07800166 13.21699922 0 P 0
L 24.06200166 14.23299922 25.07800166 14.23299922 0 P 0
L 24.07800112 6.61699972 24.07800112 7.63299972 0 P 0
L 24.09520454 16.2952049 24.24760454 16.6000049 0 P 0
L 24.09520454 16.2952049 24.40000454 16.4476049 0 P 0
L 24.09520454 16.9048049 24.24760454 16.6000049 0 P 0
L 24.09520454 16.9048049 24.40000454 16.7524049 0 P 0
L 24.09520454 18.69520518 24.24760454 19.00000518 0 P 0
L 24.09520454 18.69520518 24.40000454 18.84760518 0 P 0
L 24.09520454 19.30480518 24.24760454 19.00000518 0 P 0
L 24.09520454 19.30480518 24.40000454 19.15240518 0 P 0
L 24.09520454 49.89520882 24.24760454 50.20000882 0 P 0
L 24.09520454 49.89520882 24.40000454 50.04760882 0 P 0
L 24.09520454 50.50480882 24.24760454 50.20000882 0 P 0
L 24.09520454 50.50480882 24.40000454 50.35240882 0 P 0
L 24.09520454 54.69520938 24.24760454 55.00000938 0 P 0
L 24.09520454 54.69520938 24.40000454 54.84760938 0 P 0
L 24.09520454 55.30480938 24.24760454 55.00000938 0 P 0
L 24.09520454 55.30480938 24.40000454 55.15240938 0 P 0
L 24.09520454 57.09520966 24.24760454 57.40000966 0 P 0
L 24.09520454 57.09520966 24.40000454 57.24760966 0 P 0
L 24.09520454 57.70480966 24.24760454 57.40000966 0 P 0
L 24.09520454 57.70480966 24.40000454 57.55240966 0 P 0
L 24.10480066 32.39520064 24.10480066 32.54760064 0 P 0
L 24.10480066 32.85240064 24.10480066 33.00480064 0 P 0
L 24.10800106 27.19200048 24.10800106 27.44600048 0 P 0
L 24.10800106 27.95400048 24.10800106 28.20800048 0 P 0
L 24.12899924 62.992 24.38299924 62.992 0 P 0
L 24.12899924 63.5 24.38299924 63.246 0 P 0
L 24.12899924 63.5 24.38299924 63.754 0 P 0
L 24.12899924 64.008 24.38299924 64.008 0 P 0
L 24.15400046 3.24600062 24.40800046 3.24600062 0 P 0
L 24.15400046 3.50000062 24.40800046 3.24600062 0 P 0
L 24.15400046 3.50000062 24.40800046 3.75400062 0 P 0
L 24.15400046 3.75400062 24.40800046 3.75400062 0 P 0
L 24.2084987 32.85549944 24.4624987 33.36349944 0 P 0
L 24.2084987 32.85549944 24.7164987 33.10949944 0 P 0
L 24.2084987 33.87149944 24.4624987 33.36349944 0 P 0
L 24.2084987 33.87149944 24.7164987 33.61749944 0 P 0
L 24.2251992 35.74519902 24.3775992 36.04999902 0 P 0
L 24.2251992 35.74519902 24.5299992 35.89759902 0 P 0
L 24.2251992 36.35479902 24.3775992 36.04999902 0 P 0
L 24.2251992 36.35479902 24.5299992 36.20239902 0 P 0
L 24.26520166 13.42019922 24.26520166 14.02979922 0 P 0
L 24.26520166 13.42019922 24.87480166 13.42019922 0 P 0
L 24.26520166 14.02979922 24.87480166 14.02979922 0 P 0
L 24.30800066 32.19200064 24.30800066 32.44600064 0 P 0
L 24.30800066 32.95400064 24.30800066 33.20800064 0 P 0
L 24.38299924 62.992 24.38299924 63.246 0 P 0
L 24.38299924 63.754 24.38299924 64.008 0 P 0
L 24.40000454 16.3460049 24.90800454 16.0920049 0 P 0
L 24.40000454 16.4476049 24.70480454 16.2952049 0 P 0
L 24.40000454 16.7524049 24.70480454 16.9048049 0 P 0
L 24.40000454 16.8540049 24.90800454 17.1080049 0 P 0
L 24.40000454 18.74600518 24.90800454 18.49200518 0 P 0
L 24.40000454 18.84760518 24.70480454 18.69520518 0 P 0
L 24.40000454 19.15240518 24.70480454 19.30480518 0 P 0
L 24.40000454 19.25400518 24.90800454 19.50800518 0 P 0
L 24.40000454 49.94600882 24.90800454 49.69200882 0 P 0
L 24.40000454 50.04760882 24.70480454 49.89520882 0 P 0
L 24.40000454 50.35240882 24.70480454 50.50480882 0 P 0
L 24.40000454 50.45400882 24.90800454 50.70800882 0 P 0
L 24.40000454 54.74600938 24.90800454 54.49200938 0 P 0
L 24.40000454 54.84760938 24.70480454 54.69520938 0 P 0
L 24.40000454 55.15240938 24.70480454 55.30480938 0 P 0
L 24.40000454 55.25400938 24.90800454 55.50800938 0 P 0
L 24.40000454 57.14600966 24.90800454 56.89200966 0 P 0
L 24.40000454 57.24760966 24.70480454 57.09520966 0 P 0
L 24.40000454 57.55240966 24.70480454 57.70480966 0 P 0
L 24.40000454 57.65400966 24.90800454 57.90800966 0 P 0
L 24.4116987 33.05869944 24.5640987 33.36349944 0 P 0
L 24.4116987 33.05869944 24.7164987 33.21109944 0 P 0
L 24.4116987 33.66829944 24.5640987 33.36349944 0 P 0
L 24.4116987 33.66829944 24.7164987 33.51589944 0 P 0
L 24.49200588 14.89200476 24.74600588 15.40000476 0 P 0
L 24.49200588 14.89200476 25.00000588 15.14600476 0 P 0
L 24.49200588 15.90800476 24.74600588 15.40000476 0 P 0
L 24.49200588 15.90800476 25.00000588 15.65400476 0 P 0
L 24.49200588 17.29200504 24.74600588 17.80000504 0 P 0
L 24.49200588 17.29200504 25.00000588 17.54600504 0 P 0
L 24.49200588 18.30800504 24.74600588 17.80000504 0 P 0
L 24.49200588 18.30800504 25.00000588 18.05400504 0 P 0
L 24.49200588 50.89200896 24.74600588 51.40000896 0 P 0
L 24.49200588 50.89200896 25.00000588 51.14600896 0 P 0
L 24.49200588 51.90800896 24.74600588 51.40000896 0 P 0
L 24.49200588 51.90800896 25.00000588 51.65400896 0 P 0
L 24.49200588 55.69200952 24.74600588 56.20000952 0 P 0
L 24.49200588 55.69200952 25.00000588 55.94600952 0 P 0
L 24.49200588 56.70800952 24.74600588 56.20000952 0 P 0
L 24.49200588 56.70800952 25.00000588 56.45400952 0 P 0
L 24.49200588 58.0920098 24.74600588 58.6000098 0 P 0
L 24.49200588 58.0920098 25.00000588 58.3460098 0 P 0
L 24.49200588 59.1080098 24.74600588 58.6000098 0 P 0
L 24.49200588 59.1080098 25.00000588 58.8540098 0 P 0
L 24.49200588 60.49201008 24.74600588 61.00001008 0 P 0
L 24.49200588 60.49201008 25.00000588 60.74601008 0 P 0
L 24.49200588 61.50801008 24.74600588 61.00001008 0 P 0
L 24.49200588 61.50801008 25.00000588 61.25401008 0 P 0
L 24.5299992 35.79599902 25.0379992 35.54199902 0 P 0
L 24.5299992 35.89759902 24.8347992 35.74519902 0 P 0
L 24.5299992 36.20239902 24.8347992 36.35479902 0 P 0
L 24.5299992 36.30399902 25.0379992 36.55799902 0 P 0
L 24.55240454 16.6000049 24.70480454 16.2952049 0 P 0
L 24.55240454 16.6000049 24.70480454 16.9048049 0 P 0
L 24.55240454 19.00000518 24.70480454 18.69520518 0 P 0
L 24.55240454 19.00000518 24.70480454 19.30480518 0 P 0
L 24.55240454 50.20000882 24.70480454 49.89520882 0 P 0
L 24.55240454 50.20000882 24.70480454 50.50480882 0 P 0
L 24.55240454 55.00000938 24.70480454 54.69520938 0 P 0
L 24.55240454 55.00000938 24.70480454 55.30480938 0 P 0
L 24.55240454 57.40000966 24.70480454 57.09520966 0 P 0
L 24.55240454 57.40000966 24.70480454 57.70480966 0 P 0
L 24.65400454 16.6000049 24.90800454 16.0920049 0 P 0
L 24.65400454 16.6000049 24.90800454 17.1080049 0 P 0
L 24.65400454 19.00000518 24.90800454 18.49200518 0 P 0
L 24.65400454 19.00000518 24.90800454 19.50800518 0 P 0
L 24.65400454 50.20000882 24.90800454 49.69200882 0 P 0
L 24.65400454 50.20000882 24.90800454 50.70800882 0 P 0
L 24.65400454 55.00000938 24.90800454 54.49200938 0 P 0
L 24.65400454 55.00000938 24.90800454 55.50800938 0 P 0
L 24.65400454 57.40000966 24.90800454 56.89200966 0 P 0
L 24.65400454 57.40000966 24.90800454 57.90800966 0 P 0
L 24.6823992 36.04999902 24.8347992 35.74519902 0 P 0
L 24.6823992 36.04999902 24.8347992 36.35479902 0 P 0
L 24.69520588 15.09520476 24.84760588 15.40000476 0 P 0
L 24.69520588 15.09520476 25.00000588 15.24760476 0 P 0
L 24.69520588 15.70480476 24.84760588 15.40000476 0 P 0
L 24.69520588 15.70480476 25.00000588 15.55240476 0 P 0
L 24.69520588 17.49520504 24.84760588 17.80000504 0 P 0
L 24.69520588 17.49520504 25.00000588 17.64760504 0 P 0
L 24.69520588 18.10480504 24.84760588 17.80000504 0 P 0
L 24.69520588 18.10480504 25.00000588 17.95240504 0 P 0
L 24.69520588 51.09520896 24.84760588 51.40000896 0 P 0
L 24.69520588 51.09520896 25.00000588 51.24760896 0 P 0
L 24.69520588 51.70480896 24.84760588 51.40000896 0 P 0
L 24.69520588 51.70480896 25.00000588 51.55240896 0 P 0
L 24.69520588 55.89520952 24.84760588 56.20000952 0 P 0
L 24.69520588 55.89520952 25.00000588 56.04760952 0 P 0
L 24.69520588 56.50480952 24.84760588 56.20000952 0 P 0
L 24.69520588 56.50480952 25.00000588 56.35240952 0 P 0
L 24.69520588 58.2952098 24.84760588 58.6000098 0 P 0
L 24.69520588 58.2952098 25.00000588 58.4476098 0 P 0
L 24.69520588 58.9048098 24.84760588 58.6000098 0 P 0
L 24.69520588 58.9048098 25.00000588 58.7524098 0 P 0
L 24.69520588 60.69521008 24.84760588 61.00001008 0 P 0
L 24.69520588 60.69521008 25.00000588 60.84761008 0 P 0
L 24.69520588 61.30481008 24.84760588 61.00001008 0 P 0
L 24.69520588 61.30481008 25.00000588 61.15241008 0 P 0
L 24.7164987 33.10949944 25.2244987 32.85549944 0 P 0
L 24.7164987 33.21109944 25.0212987 33.05869944 0 P 0
L 24.7164987 33.51589944 25.0212987 33.66829944 0 P 0
L 24.7164987 33.61749944 25.2244987 33.87149944 0 P 0
L 24.7839992 36.04999902 25.0379992 35.54199902 0 P 0
L 24.7839992 36.04999902 25.0379992 36.55799902 0 P 0
L 24.8688987 33.36349944 25.0212987 33.05869944 0 P 0
L 24.8688987 33.36349944 25.0212987 33.66829944 0 P 0
L 24.87480166 13.42019922 24.87480166 14.02979922 0 P 0
L 24.9704987 33.36349944 25.2244987 32.85549944 0 P 0
L 24.9704987 33.36349944 25.2244987 33.87149944 0 P 0
L 25.00000588 15.14600476 25.50800588 14.89200476 0 P 0
L 25.00000588 15.24760476 25.30480588 15.09520476 0 P 0
L 25.00000588 15.55240476 25.30480588 15.70480476 0 P 0
L 25.00000588 15.65400476 25.50800588 15.90800476 0 P 0
L 25.00000588 17.54600504 25.50800588 17.29200504 0 P 0
L 25.00000588 17.64760504 25.30480588 17.49520504 0 P 0
L 25.00000588 17.95240504 25.30480588 18.10480504 0 P 0
L 25.00000588 18.05400504 25.50800588 18.30800504 0 P 0
L 25.00000588 51.14600896 25.50800588 50.89200896 0 P 0
L 25.00000588 51.24760896 25.30480588 51.09520896 0 P 0
L 25.00000588 51.55240896 25.30480588 51.70480896 0 P 0
L 25.00000588 51.65400896 25.50800588 51.90800896 0 P 0
L 25.00000588 55.94600952 25.50800588 55.69200952 0 P 0
L 25.00000588 56.04760952 25.30480588 55.89520952 0 P 0
L 25.00000588 56.35240952 25.30480588 56.50480952 0 P 0
L 25.00000588 56.45400952 25.50800588 56.70800952 0 P 0
L 25.00000588 58.3460098 25.50800588 58.0920098 0 P 0
L 25.00000588 58.4476098 25.30480588 58.2952098 0 P 0
L 25.00000588 58.7524098 25.30480588 58.9048098 0 P 0
L 25.00000588 58.8540098 25.50800588 59.1080098 0 P 0
L 25.00000588 60.74601008 25.50800588 60.49201008 0 P 0
L 25.00000588 60.84761008 25.30480588 60.69521008 0 P 0
L 25.00000588 61.15241008 25.30480588 61.30481008 0 P 0
L 25.00000588 61.25401008 25.50800588 61.50801008 0 P 0
L 25.07800166 13.21699922 25.07800166 14.23299922 0 P 0
L 25.08000064 40.10000108 25.08000064 40.94639512 0 P 0
L 25.08000064 40.94639512 25.50319766 41.3695896 0 P 0
L 25.09200468 1.69200322 25.34600468 2.20000322 0 P 0
L 25.09200468 1.69200322 25.60000468 1.94600322 0 P 0
L 25.09200468 2.70800322 25.34600468 2.20000322 0 P 0
L 25.09200468 2.70800322 25.60000468 2.45400322 0 P 0
L 25.09200468 8.89200406 25.34600468 9.40000406 0 P 0
L 25.09200468 8.89200406 25.60000468 9.14600406 0 P 0
L 25.09200468 9.90800406 25.34600468 9.40000406 0 P 0
L 25.09200468 9.90800406 25.60000468 9.65400406 0 P 0
L 25.09200468 16.0920049 25.34600468 16.6000049 0 P 0
L 25.09200468 16.0920049 25.60000468 16.3460049 0 P 0
L 25.09200468 17.1080049 25.34600468 16.6000049 0 P 0
L 25.09200468 17.1080049 25.60000468 16.8540049 0 P 0
L 25.09200468 18.49200518 25.34600468 19.00000518 0 P 0
L 25.09200468 18.49200518 25.60000468 18.74600518 0 P 0
L 25.09200468 19.50800518 25.34600468 19.00000518 0 P 0
L 25.09200468 19.50800518 25.60000468 19.25400518 0 P 0
L 25.09200468 49.69200882 25.34600468 50.20000882 0 P 0
L 25.09200468 49.69200882 25.60000468 49.94600882 0 P 0
L 25.09200468 50.70800882 25.34600468 50.20000882 0 P 0
L 25.09200468 50.70800882 25.60000468 50.45400882 0 P 0
L 25.09200468 52.0920091 25.34600468 52.6000091 0 P 0
L 25.09200468 52.0920091 25.60000468 52.3460091 0 P 0
L 25.09200468 53.1080091 25.34600468 52.6000091 0 P 0
L 25.09200468 53.1080091 25.60000468 52.8540091 0 P 0
L 25.09200468 54.49200938 25.34600468 55.00000938 0 P 0
L 25.09200468 54.49200938 25.60000468 54.74600938 0 P 0
L 25.09200468 55.50800938 25.34600468 55.00000938 0 P 0
L 25.09200468 55.50800938 25.60000468 55.25400938 0 P 0
L 25.09200468 56.89200966 25.34600468 57.40000966 0 P 0
L 25.09200468 56.89200966 25.60000468 57.14600966 0 P 0
L 25.09200468 57.90800966 25.34600468 57.40000966 0 P 0
L 25.09200468 57.90800966 25.60000468 57.65400966 0 P 0
L 25.09200468 59.29200994 25.34600468 59.80000994 0 P 0
L 25.09200468 59.29200994 25.60000468 59.54600994 0 P 0
L 25.09200468 60.30800994 25.34600468 59.80000994 0 P 0
L 25.09200468 60.30800994 25.60000468 60.05400994 0 P 0
L 25.09200468 61.69201022 25.34600468 62.20001022 0 P 0
L 25.09200468 61.69201022 25.60000468 61.94601022 0 P 0
L 25.09200468 62.70801022 25.34600468 62.20001022 0 P 0
L 25.09200468 62.70801022 25.60000468 62.45401022 0 P 0
L 25.15240588 15.40000476 25.30480588 15.09520476 0 P 0
L 25.15240588 15.40000476 25.30480588 15.70480476 0 P 0
L 25.15240588 17.80000504 25.30480588 17.49520504 0 P 0
L 25.15240588 17.80000504 25.30480588 18.10480504 0 P 0
L 25.15240588 51.40000896 25.30480588 51.09520896 0 P 0
L 25.15240588 51.40000896 25.30480588 51.70480896 0 P 0
L 25.15240588 56.20000952 25.30480588 55.89520952 0 P 0
L 25.15240588 56.20000952 25.30480588 56.50480952 0 P 0
L 25.15240588 58.6000098 25.30480588 58.2952098 0 P 0
L 25.15240588 58.6000098 25.30480588 58.9048098 0 P 0
L 25.15240588 61.00001008 25.30480588 60.69521008 0 P 0
L 25.15240588 61.00001008 25.30480588 61.30481008 0 P 0
L 25.25400588 15.40000476 25.50800588 14.89200476 0 P 0
L 25.25400588 15.40000476 25.50800588 15.90800476 0 P 0
L 25.25400588 17.80000504 25.50800588 17.29200504 0 P 0
L 25.25400588 17.80000504 25.50800588 18.30800504 0 P 0
L 25.25400588 51.40000896 25.50800588 50.89200896 0 P 0
L 25.25400588 51.40000896 25.50800588 51.90800896 0 P 0
L 25.25400588 56.20000952 25.50800588 55.69200952 0 P 0
L 25.25400588 56.20000952 25.50800588 56.70800952 0 P 0
L 25.25400588 58.6000098 25.50800588 58.0920098 0 P 0
L 25.25400588 58.6000098 25.50800588 59.1080098 0 P 0
L 25.25400588 61.00001008 25.50800588 60.49201008 0 P 0
L 25.25400588 61.00001008 25.50800588 61.50801008 0 P 0
L 25.29520468 1.89520322 25.44760468 2.20000322 0 P 0
L 25.29520468 1.89520322 25.60000468 2.04760322 0 P 0
L 25.29520468 2.50480322 25.44760468 2.20000322 0 P 0
L 25.29520468 2.50480322 25.60000468 2.35240322 0 P 0
L 25.29520468 9.09520406 25.44760468 9.40000406 0 P 0
L 25.29520468 9.09520406 25.60000468 9.24760406 0 P 0
L 25.29520468 9.70480406 25.44760468 9.40000406 0 P 0
L 25.29520468 9.70480406 25.60000468 9.55240406 0 P 0
L 25.29520468 16.2952049 25.44760468 16.6000049 0 P 0
L 25.29520468 16.2952049 25.60000468 16.4476049 0 P 0
L 25.29520468 16.9048049 25.44760468 16.6000049 0 P 0
L 25.29520468 16.9048049 25.60000468 16.7524049 0 P 0
L 25.29520468 18.69520518 25.44760468 19.00000518 0 P 0
L 25.29520468 18.69520518 25.60000468 18.84760518 0 P 0
L 25.29520468 19.30480518 25.44760468 19.00000518 0 P 0
L 25.29520468 19.30480518 25.60000468 19.15240518 0 P 0
L 25.29520468 49.89520882 25.44760468 50.20000882 0 P 0
L 25.29520468 49.89520882 25.60000468 50.04760882 0 P 0
L 25.29520468 50.50480882 25.44760468 50.20000882 0 P 0
L 25.29520468 50.50480882 25.60000468 50.35240882 0 P 0
L 25.29520468 52.2952091 25.44760468 52.6000091 0 P 0
L 25.29520468 52.2952091 25.60000468 52.4476091 0 P 0
L 25.29520468 52.9048091 25.44760468 52.6000091 0 P 0
L 25.29520468 52.9048091 25.60000468 52.7524091 0 P 0
L 25.29520468 54.69520938 25.44760468 55.00000938 0 P 0
L 25.29520468 54.69520938 25.60000468 54.84760938 0 P 0
L 25.29520468 55.30480938 25.44760468 55.00000938 0 P 0
L 25.29520468 55.30480938 25.60000468 55.15240938 0 P 0
L 25.29520468 57.09520966 25.44760468 57.40000966 0 P 0
L 25.29520468 57.09520966 25.60000468 57.24760966 0 P 0
L 25.29520468 57.70480966 25.44760468 57.40000966 0 P 0
L 25.29520468 57.70480966 25.60000468 57.55240966 0 P 0
L 25.29520468 59.49520994 25.44760468 59.80000994 0 P 0
L 25.29520468 59.49520994 25.60000468 59.64760994 0 P 0
L 25.29520468 60.10480994 25.44760468 59.80000994 0 P 0
L 25.29520468 60.10480994 25.60000468 59.95240994 0 P 0
L 25.29520468 61.89521022 25.44760468 62.20001022 0 P 0
L 25.29520468 61.89521022 25.60000468 62.04761022 0 P 0
L 25.29520468 62.50481022 25.44760468 62.20001022 0 P 0
L 25.29520468 62.50481022 25.60000468 62.35241022 0 P 0
L 25.50319766 41.3695896 25.92639468 40.94639512 0 P 0
L 25.60000468 1.94600322 26.10800468 1.69200322 0 P 0
L 25.60000468 2.04760322 25.90480468 1.89520322 0 P 0
L 25.60000468 2.35240322 25.90480468 2.50480322 0 P 0
L 25.60000468 2.45400322 26.10800468 2.70800322 0 P 0
L 25.60000468 9.14600406 26.10800468 8.89200406 0 P 0
L 25.60000468 9.24760406 25.90480468 9.09520406 0 P 0
L 25.60000468 9.55240406 25.90480468 9.70480406 0 P 0
L 25.60000468 9.65400406 26.10800468 9.90800406 0 P 0
L 25.60000468 16.3460049 26.10800468 16.0920049 0 P 0
L 25.60000468 16.4476049 25.90480468 16.2952049 0 P 0
L 25.60000468 16.7524049 25.90480468 16.9048049 0 P 0
L 25.60000468 16.8540049 26.10800468 17.1080049 0 P 0
L 25.60000468 18.74600518 26.10800468 18.49200518 0 P 0
L 25.60000468 18.84760518 25.90480468 18.69520518 0 P 0
L 25.60000468 19.15240518 25.90480468 19.30480518 0 P 0
L 25.60000468 19.25400518 26.10800468 19.50800518 0 P 0
L 25.60000468 49.94600882 26.10800468 49.69200882 0 P 0
L 25.60000468 50.04760882 25.90480468 49.89520882 0 P 0
L 25.60000468 50.35240882 25.90480468 50.50480882 0 P 0
L 25.60000468 50.45400882 26.10800468 50.70800882 0 P 0
L 25.60000468 52.3460091 26.10800468 52.0920091 0 P 0
L 25.60000468 52.4476091 25.90480468 52.2952091 0 P 0
L 25.60000468 52.7524091 25.90480468 52.9048091 0 P 0
L 25.60000468 52.8540091 26.10800468 53.1080091 0 P 0
L 25.60000468 54.74600938 26.10800468 54.49200938 0 P 0
L 25.60000468 54.84760938 25.90480468 54.69520938 0 P 0
L 25.60000468 55.15240938 25.90480468 55.30480938 0 P 0
L 25.60000468 55.25400938 26.10800468 55.50800938 0 P 0
L 25.60000468 57.14600966 26.10800468 56.89200966 0 P 0
L 25.60000468 57.24760966 25.90480468 57.09520966 0 P 0
L 25.60000468 57.55240966 25.90480468 57.70480966 0 P 0
L 25.60000468 57.65400966 26.10800468 57.90800966 0 P 0
L 25.60000468 59.54600994 26.10800468 59.29200994 0 P 0
L 25.60000468 59.64760994 25.90480468 59.49520994 0 P 0
L 25.60000468 59.95240994 25.90480468 60.10480994 0 P 0
L 25.60000468 60.05400994 26.10800468 60.30800994 0 P 0
L 25.60000468 61.94601022 26.10800468 61.69201022 0 P 0
L 25.60000468 62.04761022 25.90480468 61.89521022 0 P 0
L 25.60000468 62.35241022 25.90480468 62.50481022 0 P 0
L 25.60000468 62.45401022 26.10800468 62.70801022 0 P 0
L 25.69200602 7.69200392 25.94600602 8.20000392 0 P 0
L 25.69200602 7.69200392 26.20000602 7.94600392 0 P 0
L 25.69200602 8.70800392 25.94600602 8.20000392 0 P 0
L 25.69200602 8.70800392 26.20000602 8.45400392 0 P 0
L 25.69200602 14.89200476 25.94600602 15.40000476 0 P 0
L 25.69200602 14.89200476 26.20000602 15.14600476 0 P 0
L 25.69200602 15.90800476 25.94600602 15.40000476 0 P 0
L 25.69200602 15.90800476 26.20000602 15.65400476 0 P 0
L 25.69200602 17.29200504 25.94600602 17.80000504 0 P 0
L 25.69200602 17.29200504 26.20000602 17.54600504 0 P 0
L 25.69200602 18.30800504 25.94600602 17.80000504 0 P 0
L 25.69200602 18.30800504 26.20000602 18.05400504 0 P 0
L 25.69200602 19.69200532 25.94600602 20.20000532 0 P 0
L 25.69200602 19.69200532 26.20000602 19.94600532 0 P 0
L 25.69200602 20.70800532 25.94600602 20.20000532 0 P 0
L 25.69200602 20.70800532 26.20000602 20.45400532 0 P 0
L 25.69200602 41.29200784 25.94600602 41.80000784 0 P 0
L 25.69200602 41.29200784 26.20000602 41.54600784 0 P 0
L 25.69200602 42.30800784 25.94600602 41.80000784 0 P 0
L 25.69200602 42.30800784 26.20000602 42.05400784 0 P 0
L 25.69200602 43.69200812 25.94600602 44.20000812 0 P 0
L 25.69200602 43.69200812 26.20000602 43.94600812 0 P 0
L 25.69200602 44.70800812 25.94600602 44.20000812 0 P 0
L 25.69200602 44.70800812 26.20000602 44.45400812 0 P 0
L 25.69200602 50.89200896 25.94600602 51.40000896 0 P 0
L 25.69200602 50.89200896 26.20000602 51.14600896 0 P 0
L 25.69200602 51.90800896 25.94600602 51.40000896 0 P 0
L 25.69200602 51.90800896 26.20000602 51.65400896 0 P 0
L 25.69200602 53.29200924 25.94600602 53.80000924 0 P 0
L 25.69200602 53.29200924 26.20000602 53.54600924 0 P 0
L 25.69200602 54.30800924 25.94600602 53.80000924 0 P 0
L 25.69200602 54.30800924 26.20000602 54.05400924 0 P 0
L 25.69200602 55.69200952 25.94600602 56.20000952 0 P 0
L 25.69200602 55.69200952 26.20000602 55.94600952 0 P 0
L 25.69200602 56.70800952 25.94600602 56.20000952 0 P 0
L 25.69200602 56.70800952 26.20000602 56.45400952 0 P 0
L 25.69200602 58.0920098 25.94600602 58.6000098 0 P 0
L 25.69200602 58.0920098 26.20000602 58.3460098 0 P 0
L 25.69200602 59.1080098 25.94600602 58.6000098 0 P 0
L 25.69200602 59.1080098 26.20000602 58.8540098 0 P 0
L 25.69200602 60.49201008 25.94600602 61.00001008 0 P 0
L 25.69200602 60.49201008 26.20000602 60.74601008 0 P 0
L 25.69200602 61.50801008 25.94600602 61.00001008 0 P 0
L 25.69200602 61.50801008 26.20000602 61.25401008 0 P 0
L 25.69200602 62.89201036 25.94600602 63.40001036 0 P 0
L 25.69200602 62.89201036 26.20000602 63.14601036 0 P 0
L 25.69200602 63.90801036 25.94600602 63.40001036 0 P 0
L 25.69200602 63.90801036 26.20000602 63.65401036 0 P 0
L 25.75240468 2.20000322 25.90480468 1.89520322 0 P 0
L 25.75240468 2.20000322 25.90480468 2.50480322 0 P 0
L 25.75240468 9.40000406 25.90480468 9.09520406 0 P 0
L 25.75240468 9.40000406 25.90480468 9.70480406 0 P 0
L 25.75240468 16.6000049 25.90480468 16.2952049 0 P 0
L 25.75240468 16.6000049 25.90480468 16.9048049 0 P 0
L 25.75240468 19.00000518 25.90480468 18.69520518 0 P 0
L 25.75240468 19.00000518 25.90480468 19.30480518 0 P 0
L 25.75240468 50.20000882 25.90480468 49.89520882 0 P 0
L 25.75240468 50.20000882 25.90480468 50.50480882 0 P 0
L 25.75240468 52.6000091 25.90480468 52.2952091 0 P 0
L 25.75240468 52.6000091 25.90480468 52.9048091 0 P 0
L 25.75240468 55.00000938 25.90480468 54.69520938 0 P 0
L 25.75240468 55.00000938 25.90480468 55.30480938 0 P 0
L 25.75240468 57.40000966 25.90480468 57.09520966 0 P 0
L 25.75240468 57.40000966 25.90480468 57.70480966 0 P 0
L 25.75240468 59.80000994 25.90480468 59.49520994 0 P 0
L 25.75240468 59.80000994 25.90480468 60.10480994 0 P 0
L 25.75240468 62.20001022 25.90480468 61.89521022 0 P 0
L 25.75240468 62.20001022 25.90480468 62.50481022 0 P 0
L 25.85400468 2.20000322 26.10800468 1.69200322 0 P 0
L 25.85400468 2.20000322 26.10800468 2.70800322 0 P 0
L 25.85400468 9.40000406 26.10800468 8.89200406 0 P 0
L 25.85400468 9.40000406 26.10800468 9.90800406 0 P 0
L 25.85400468 16.6000049 26.10800468 16.0920049 0 P 0
L 25.85400468 16.6000049 26.10800468 17.1080049 0 P 0
L 25.85400468 19.00000518 26.10800468 18.49200518 0 P 0
L 25.85400468 19.00000518 26.10800468 19.50800518 0 P 0
L 25.85400468 50.20000882 26.10800468 49.69200882 0 P 0
L 25.85400468 50.20000882 26.10800468 50.70800882 0 P 0
L 25.85400468 52.6000091 26.10800468 52.0920091 0 P 0
L 25.85400468 52.6000091 26.10800468 53.1080091 0 P 0
L 25.85400468 55.00000938 26.10800468 54.49200938 0 P 0
L 25.85400468 55.00000938 26.10800468 55.50800938 0 P 0
L 25.85400468 57.40000966 26.10800468 56.89200966 0 P 0
L 25.85400468 57.40000966 26.10800468 57.90800966 0 P 0
L 25.85400468 59.80000994 26.10800468 59.29200994 0 P 0
L 25.85400468 59.80000994 26.10800468 60.30800994 0 P 0
L 25.85400468 62.20001022 26.10800468 61.69201022 0 P 0
L 25.85400468 62.20001022 26.10800468 62.70801022 0 P 0
L 25.89520602 7.89520392 26.04760602 8.20000392 0 P 0
L 25.89520602 7.89520392 26.20000602 8.04760392 0 P 0
L 25.89520602 8.50480392 26.04760602 8.20000392 0 P 0
L 25.89520602 8.50480392 26.20000602 8.35240392 0 P 0
L 25.89520602 15.09520476 26.04760602 15.40000476 0 P 0
L 25.89520602 15.09520476 26.20000602 15.24760476 0 P 0
L 25.89520602 15.70480476 26.04760602 15.40000476 0 P 0
L 25.89520602 15.70480476 26.20000602 15.55240476 0 P 0
L 25.89520602 17.49520504 26.04760602 17.80000504 0 P 0
L 25.89520602 17.49520504 26.20000602 17.64760504 0 P 0
L 25.89520602 18.10480504 26.04760602 17.80000504 0 P 0
L 25.89520602 18.10480504 26.20000602 17.95240504 0 P 0
L 25.89520602 19.89520532 26.04760602 20.20000532 0 P 0
L 25.89520602 19.89520532 26.20000602 20.04760532 0 P 0
L 25.89520602 20.50480532 26.04760602 20.20000532 0 P 0
L 25.89520602 20.50480532 26.20000602 20.35240532 0 P 0
L 25.89520602 41.49520784 26.04760602 41.80000784 0 P 0
L 25.89520602 41.49520784 26.20000602 41.64760784 0 P 0
L 25.89520602 42.10480784 26.04760602 41.80000784 0 P 0
L 25.89520602 42.10480784 26.20000602 41.95240784 0 P 0
L 25.89520602 43.89520812 26.04760602 44.20000812 0 P 0
L 25.89520602 43.89520812 26.20000602 44.04760812 0 P 0
L 25.89520602 44.50480812 26.04760602 44.20000812 0 P 0
L 25.89520602 44.50480812 26.20000602 44.35240812 0 P 0
L 25.89520602 51.09520896 26.04760602 51.40000896 0 P 0
L 25.89520602 51.09520896 26.20000602 51.24760896 0 P 0
L 25.89520602 51.70480896 26.04760602 51.40000896 0 P 0
L 25.89520602 51.70480896 26.20000602 51.55240896 0 P 0
L 25.89520602 53.49520924 26.04760602 53.80000924 0 P 0
L 25.89520602 53.49520924 26.20000602 53.64760924 0 P 0
L 25.89520602 54.10480924 26.04760602 53.80000924 0 P 0
L 25.89520602 54.10480924 26.20000602 53.95240924 0 P 0
L 25.89520602 55.89520952 26.04760602 56.20000952 0 P 0
L 25.89520602 55.89520952 26.20000602 56.04760952 0 P 0
L 25.89520602 56.50480952 26.04760602 56.20000952 0 P 0
L 25.89520602 56.50480952 26.20000602 56.35240952 0 P 0
L 25.89520602 58.2952098 26.04760602 58.6000098 0 P 0
L 25.89520602 58.2952098 26.20000602 58.4476098 0 P 0
L 25.89520602 58.9048098 26.04760602 58.6000098 0 P 0
L 25.89520602 58.9048098 26.20000602 58.7524098 0 P 0
L 25.89520602 60.69521008 26.04760602 61.00001008 0 P 0
L 25.89520602 60.69521008 26.20000602 60.84761008 0 P 0
L 25.89520602 61.30481008 26.04760602 61.00001008 0 P 0
L 25.89520602 61.30481008 26.20000602 61.15241008 0 P 0
L 25.89520602 63.09521036 26.04760602 63.40001036 0 P 0
L 25.89520602 63.09521036 26.20000602 63.24761036 0 P 0
L 25.89520602 63.70481036 26.04760602 63.40001036 0 P 0
L 25.89520602 63.70481036 26.20000602 63.55241036 0 P 0
L 25.92639468 40.10000108 25.92639468 40.73479534 0 P 0
L 25.92639468 40.73479534 25.08000064 40.73479534 0 P 0
L 25.92639468 40.94639512 25.92639468 40.10000108 0 P 0
L 26.20000602 7.94600392 26.70800602 7.69200392 0 P 0
L 26.20000602 8.04760392 26.50480602 7.89520392 0 P 0
L 26.20000602 8.35240392 26.50480602 8.50480392 0 P 0
L 26.20000602 8.45400392 26.70800602 8.70800392 0 P 0
L 26.20000602 15.14600476 26.70800602 14.89200476 0 P 0
L 26.20000602 15.24760476 26.50480602 15.09520476 0 P 0
L 26.20000602 15.55240476 26.50480602 15.70480476 0 P 0
L 26.20000602 15.65400476 26.70800602 15.90800476 0 P 0
L 26.20000602 17.54600504 26.70800602 17.29200504 0 P 0
L 26.20000602 17.64760504 26.50480602 17.49520504 0 P 0
L 26.20000602 17.95240504 26.50480602 18.10480504 0 P 0
L 26.20000602 18.05400504 26.70800602 18.30800504 0 P 0
L 26.20000602 19.94600532 26.70800602 19.69200532 0 P 0
L 26.20000602 20.04760532 26.50480602 19.89520532 0 P 0
L 26.20000602 20.35240532 26.50480602 20.50480532 0 P 0
L 26.20000602 20.45400532 26.70800602 20.70800532 0 P 0
L 26.20000602 41.54600784 26.70800602 41.29200784 0 P 0
L 26.20000602 41.64760784 26.50480602 41.49520784 0 P 0
L 26.20000602 41.95240784 26.50480602 42.10480784 0 P 0
L 26.20000602 42.05400784 26.70800602 42.30800784 0 P 0
L 26.20000602 43.94600812 26.70800602 43.69200812 0 P 0
L 26.20000602 44.04760812 26.50480602 43.89520812 0 P 0
L 26.20000602 44.35240812 26.50480602 44.50480812 0 P 0
L 26.20000602 44.45400812 26.70800602 44.70800812 0 P 0
L 26.20000602 51.14600896 26.70800602 50.89200896 0 P 0
L 26.20000602 51.24760896 26.50480602 51.09520896 0 P 0
L 26.20000602 51.55240896 26.50480602 51.70480896 0 P 0
L 26.20000602 51.65400896 26.70800602 51.90800896 0 P 0
L 26.20000602 53.54600924 26.70800602 53.29200924 0 P 0
L 26.20000602 53.64760924 26.50480602 53.49520924 0 P 0
L 26.20000602 53.95240924 26.50480602 54.10480924 0 P 0
L 26.20000602 54.05400924 26.70800602 54.30800924 0 P 0
L 26.20000602 55.94600952 26.70800602 55.69200952 0 P 0
L 26.20000602 56.04760952 26.50480602 55.89520952 0 P 0
L 26.20000602 56.35240952 26.50480602 56.50480952 0 P 0
L 26.20000602 56.45400952 26.70800602 56.70800952 0 P 0
L 26.20000602 58.3460098 26.70800602 58.0920098 0 P 0
L 26.20000602 58.4476098 26.50480602 58.2952098 0 P 0
L 26.20000602 58.7524098 26.50480602 58.9048098 0 P 0
L 26.20000602 58.8540098 26.70800602 59.1080098 0 P 0
L 26.20000602 60.74601008 26.70800602 60.49201008 0 P 0
L 26.20000602 60.84761008 26.50480602 60.69521008 0 P 0
L 26.20000602 61.15241008 26.50480602 61.30481008 0 P 0
L 26.20000602 61.25401008 26.70800602 61.50801008 0 P 0
L 26.20000602 63.14601036 26.70800602 62.89201036 0 P 0
L 26.20000602 63.24761036 26.50480602 63.09521036 0 P 0
L 26.20000602 63.55241036 26.50480602 63.70481036 0 P 0
L 26.20000602 63.65401036 26.70800602 63.90801036 0 P 0
L 26.29200482 8.89200406 26.54600482 9.40000406 0 P 0
L 26.29200482 8.89200406 26.80000482 9.14600406 0 P 0
L 26.29200482 9.90800406 26.54600482 9.40000406 0 P 0
L 26.29200482 9.90800406 26.80000482 9.65400406 0 P 0
L 26.29200482 16.0920049 26.54600482 16.6000049 0 P 0
L 26.29200482 16.0920049 26.80000482 16.3460049 0 P 0
L 26.29200482 17.1080049 26.54600482 16.6000049 0 P 0
L 26.29200482 17.1080049 26.80000482 16.8540049 0 P 0
L 26.29200482 18.49200518 26.54600482 19.00000518 0 P 0
L 26.29200482 18.49200518 26.80000482 18.74600518 0 P 0
L 26.29200482 19.50800518 26.54600482 19.00000518 0 P 0
L 26.29200482 19.50800518 26.80000482 19.25400518 0 P 0
L 26.29200482 44.89200826 26.54600482 45.40000826 0 P 0
L 26.29200482 44.89200826 26.80000482 45.14600826 0 P 0
L 26.29200482 45.90800826 26.54600482 45.40000826 0 P 0
L 26.29200482 45.90800826 26.80000482 45.65400826 0 P 0
L 26.29200482 49.69200882 26.54600482 50.20000882 0 P 0
L 26.29200482 49.69200882 26.80000482 49.94600882 0 P 0
L 26.29200482 50.70800882 26.54600482 50.20000882 0 P 0
L 26.29200482 50.70800882 26.80000482 50.45400882 0 P 0
L 26.29200482 52.0920091 26.54600482 52.6000091 0 P 0
L 26.29200482 52.0920091 26.80000482 52.3460091 0 P 0
L 26.29200482 53.1080091 26.54600482 52.6000091 0 P 0
L 26.29200482 53.1080091 26.80000482 52.8540091 0 P 0
L 26.29200482 54.49200938 26.54600482 55.00000938 0 P 0
L 26.29200482 54.49200938 26.80000482 54.74600938 0 P 0
L 26.29200482 55.50800938 26.54600482 55.00000938 0 P 0
L 26.29200482 55.50800938 26.80000482 55.25400938 0 P 0
L 26.29200482 56.89200966 26.54600482 57.40000966 0 P 0
L 26.29200482 56.89200966 26.80000482 57.14600966 0 P 0
L 26.29200482 57.90800966 26.54600482 57.40000966 0 P 0
L 26.29200482 57.90800966 26.80000482 57.65400966 0 P 0
L 26.29200482 59.29200994 26.54600482 59.80000994 0 P 0
L 26.29200482 59.29200994 26.80000482 59.54600994 0 P 0
L 26.29200482 60.30800994 26.54600482 59.80000994 0 P 0
L 26.29200482 60.30800994 26.80000482 60.05400994 0 P 0
L 26.29200482 61.69201022 26.54600482 62.20001022 0 P 0
L 26.29200482 61.69201022 26.80000482 61.94601022 0 P 0
L 26.29200482 62.70801022 26.54600482 62.20001022 0 P 0
L 26.29200482 62.70801022 26.80000482 62.45401022 0 P 0
L 26.35200216 13.21699922 26.35200216 14.23299922 0 P 0
L 26.35200216 13.21699922 27.36800216 13.21699922 0 P 0
L 26.35200216 14.23299922 27.36800216 14.23299922 0 P 0
L 26.35240602 8.20000392 26.50480602 7.89520392 0 P 0
L 26.35240602 8.20000392 26.50480602 8.50480392 0 P 0
L 26.35240602 15.40000476 26.50480602 15.09520476 0 P 0
L 26.35240602 15.40000476 26.50480602 15.70480476 0 P 0
L 26.35240602 17.80000504 26.50480602 17.49520504 0 P 0
L 26.35240602 17.80000504 26.50480602 18.10480504 0 P 0
L 26.35240602 20.20000532 26.50480602 19.89520532 0 P 0
L 26.35240602 20.20000532 26.50480602 20.50480532 0 P 0
L 26.35240602 41.80000784 26.50480602 41.49520784 0 P 0
L 26.35240602 41.80000784 26.50480602 42.10480784 0 P 0
L 26.35240602 44.20000812 26.50480602 43.89520812 0 P 0
L 26.35240602 44.20000812 26.50480602 44.50480812 0 P 0
L 26.35240602 51.40000896 26.50480602 51.09520896 0 P 0
L 26.35240602 51.40000896 26.50480602 51.70480896 0 P 0
L 26.35240602 53.80000924 26.50480602 53.49520924 0 P 0
L 26.35240602 53.80000924 26.50480602 54.10480924 0 P 0
L 26.35240602 56.20000952 26.50480602 55.89520952 0 P 0
L 26.35240602 56.20000952 26.50480602 56.50480952 0 P 0
L 26.35240602 58.6000098 26.50480602 58.2952098 0 P 0
L 26.35240602 58.6000098 26.50480602 58.9048098 0 P 0
L 26.35240602 61.00001008 26.50480602 60.69521008 0 P 0
L 26.35240602 61.00001008 26.50480602 61.30481008 0 P 0
L 26.35240602 63.40001036 26.50480602 63.09521036 0 P 0
L 26.35240602 63.40001036 26.50480602 63.70481036 0 P 0
L 26.45400602 8.20000392 26.70800602 7.69200392 0 P 0
L 26.45400602 8.20000392 26.70800602 8.70800392 0 P 0
L 26.45400602 15.40000476 26.70800602 14.89200476 0 P 0
L 26.45400602 15.40000476 26.70800602 15.90800476 0 P 0
L 26.45400602 17.80000504 26.70800602 17.29200504 0 P 0
L 26.45400602 17.80000504 26.70800602 18.30800504 0 P 0
L 26.45400602 20.20000532 26.70800602 19.69200532 0 P 0
L 26.45400602 20.20000532 26.70800602 20.70800532 0 P 0
L 26.45400602 41.80000784 26.70800602 41.29200784 0 P 0
L 26.45400602 41.80000784 26.70800602 42.30800784 0 P 0
L 26.45400602 44.20000812 26.70800602 43.69200812 0 P 0
L 26.45400602 44.20000812 26.70800602 44.70800812 0 P 0
L 26.45400602 51.40000896 26.70800602 50.89200896 0 P 0
L 26.45400602 51.40000896 26.70800602 51.90800896 0 P 0
L 26.45400602 53.80000924 26.70800602 53.29200924 0 P 0
L 26.45400602 53.80000924 26.70800602 54.30800924 0 P 0
L 26.45400602 56.20000952 26.70800602 55.69200952 0 P 0
L 26.45400602 56.20000952 26.70800602 56.70800952 0 P 0
L 26.45400602 58.6000098 26.70800602 58.0920098 0 P 0
L 26.45400602 58.6000098 26.70800602 59.1080098 0 P 0
L 26.45400602 61.00001008 26.70800602 60.49201008 0 P 0
L 26.45400602 61.00001008 26.70800602 61.50801008 0 P 0
L 26.45400602 63.40001036 26.70800602 62.89201036 0 P 0
L 26.45400602 63.40001036 26.70800602 63.90801036 0 P 0
L 26.49520482 9.09520406 26.64760482 9.40000406 0 P 0
L 26.49520482 9.09520406 26.80000482 9.24760406 0 P 0
L 26.49520482 9.70480406 26.64760482 9.40000406 0 P 0
L 26.49520482 9.70480406 26.80000482 9.55240406 0 P 0
L 26.49520482 16.2952049 26.64760482 16.6000049 0 P 0
L 26.49520482 16.2952049 26.80000482 16.4476049 0 P 0
L 26.49520482 16.9048049 26.64760482 16.6000049 0 P 0
L 26.49520482 16.9048049 26.80000482 16.7524049 0 P 0
L 26.49520482 18.69520518 26.64760482 19.00000518 0 P 0
L 26.49520482 18.69520518 26.80000482 18.84760518 0 P 0
L 26.49520482 19.30480518 26.64760482 19.00000518 0 P 0
L 26.49520482 19.30480518 26.80000482 19.15240518 0 P 0
L 26.49520482 45.09520826 26.64760482 45.40000826 0 P 0
L 26.49520482 45.09520826 26.80000482 45.24760826 0 P 0
L 26.49520482 45.70480826 26.64760482 45.40000826 0 P 0
L 26.49520482 45.70480826 26.80000482 45.55240826 0 P 0
L 26.49520482 49.89520882 26.64760482 50.20000882 0 P 0
L 26.49520482 49.89520882 26.80000482 50.04760882 0 P 0
L 26.49520482 50.50480882 26.64760482 50.20000882 0 P 0
L 26.49520482 50.50480882 26.80000482 50.35240882 0 P 0
L 26.49520482 52.2952091 26.64760482 52.6000091 0 P 0
L 26.49520482 52.2952091 26.80000482 52.4476091 0 P 0
L 26.49520482 52.9048091 26.64760482 52.6000091 0 P 0
L 26.49520482 52.9048091 26.80000482 52.7524091 0 P 0
L 26.49520482 54.69520938 26.64760482 55.00000938 0 P 0
L 26.49520482 54.69520938 26.80000482 54.84760938 0 P 0
L 26.49520482 55.30480938 26.64760482 55.00000938 0 P 0
L 26.49520482 55.30480938 26.80000482 55.15240938 0 P 0
L 26.49520482 57.09520966 26.64760482 57.40000966 0 P 0
L 26.49520482 57.09520966 26.80000482 57.24760966 0 P 0
L 26.49520482 57.70480966 26.64760482 57.40000966 0 P 0
L 26.49520482 57.70480966 26.80000482 57.55240966 0 P 0
L 26.49520482 59.49520994 26.64760482 59.80000994 0 P 0
L 26.49520482 59.49520994 26.80000482 59.64760994 0 P 0
L 26.49520482 60.10480994 26.64760482 59.80000994 0 P 0
L 26.49520482 60.10480994 26.80000482 59.95240994 0 P 0
L 26.49520482 61.89521022 26.64760482 62.20001022 0 P 0
L 26.49520482 61.89521022 26.80000482 62.04761022 0 P 0
L 26.49520482 62.50481022 26.64760482 62.20001022 0 P 0
L 26.49520482 62.50481022 26.80000482 62.35241022 0 P 0
L 26.55520216 13.42019922 26.55520216 14.02979922 0 P 0
L 26.55520216 13.42019922 27.16480216 13.42019922 0 P 0
L 26.55520216 14.02979922 27.16480216 14.02979922 0 P 0
L 26.80000482 9.14600406 27.30800482 8.89200406 0 P 0
L 26.80000482 9.24760406 27.10480482 9.09520406 0 P 0
L 26.80000482 9.55240406 27.10480482 9.70480406 0 P 0
L 26.80000482 9.65400406 27.30800482 9.90800406 0 P 0
L 26.80000482 16.3460049 27.30800482 16.0920049 0 P 0
L 26.80000482 16.4476049 27.10480482 16.2952049 0 P 0
L 26.80000482 16.7524049 27.10480482 16.9048049 0 P 0
L 26.80000482 16.8540049 27.30800482 17.1080049 0 P 0
L 26.80000482 18.74600518 27.30800482 18.49200518 0 P 0
L 26.80000482 18.84760518 27.10480482 18.69520518 0 P 0
L 26.80000482 19.15240518 27.10480482 19.30480518 0 P 0
L 26.80000482 19.25400518 27.30800482 19.50800518 0 P 0
L 26.80000482 45.14600826 27.30800482 44.89200826 0 P 0
L 26.80000482 45.24760826 27.10480482 45.09520826 0 P 0
L 26.80000482 45.55240826 27.10480482 45.70480826 0 P 0
L 26.80000482 45.65400826 27.30800482 45.90800826 0 P 0
L 26.80000482 49.94600882 27.30800482 49.69200882 0 P 0
L 26.80000482 50.04760882 27.10480482 49.89520882 0 P 0
L 26.80000482 50.35240882 27.10480482 50.50480882 0 P 0
L 26.80000482 50.45400882 27.30800482 50.70800882 0 P 0
L 26.80000482 52.3460091 27.30800482 52.0920091 0 P 0
L 26.80000482 52.4476091 27.10480482 52.2952091 0 P 0
L 26.80000482 52.7524091 27.10480482 52.9048091 0 P 0
L 26.80000482 52.8540091 27.30800482 53.1080091 0 P 0
L 26.80000482 54.74600938 27.30800482 54.49200938 0 P 0
L 26.80000482 54.84760938 27.10480482 54.69520938 0 P 0
L 26.80000482 55.15240938 27.10480482 55.30480938 0 P 0
L 26.80000482 55.25400938 27.30800482 55.50800938 0 P 0
L 26.80000482 57.14600966 27.30800482 56.89200966 0 P 0
L 26.80000482 57.24760966 27.10480482 57.09520966 0 P 0
L 26.80000482 57.55240966 27.10480482 57.70480966 0 P 0
L 26.80000482 57.65400966 27.30800482 57.90800966 0 P 0
L 26.80000482 59.54600994 27.30800482 59.29200994 0 P 0
L 26.80000482 59.64760994 27.10480482 59.49520994 0 P 0
L 26.80000482 59.95240994 27.10480482 60.10480994 0 P 0
L 26.80000482 60.05400994 27.30800482 60.30800994 0 P 0
L 26.80000482 61.94601022 27.30800482 61.69201022 0 P 0
L 26.80000482 62.04761022 27.10480482 61.89521022 0 P 0
L 26.80000482 62.35241022 27.10480482 62.50481022 0 P 0
L 26.80000482 62.45401022 27.30800482 62.70801022 0 P 0
L 26.89200616 14.89200476 27.14600616 15.40000476 0 P 0
L 26.89200616 14.89200476 27.40000616 15.14600476 0 P 0
L 26.89200616 15.90800476 27.14600616 15.40000476 0 P 0
L 26.89200616 15.90800476 27.40000616 15.65400476 0 P 0
L 26.89200616 17.29200504 27.14600616 17.80000504 0 P 0
L 26.89200616 17.29200504 27.40000616 17.54600504 0 P 0
L 26.89200616 18.30800504 27.14600616 17.80000504 0 P 0
L 26.89200616 18.30800504 27.40000616 18.05400504 0 P 0
L 26.89200616 41.29200784 27.14600616 41.80000784 0 P 0
L 26.89200616 41.29200784 27.40000616 41.54600784 0 P 0
L 26.89200616 42.30800784 27.14600616 41.80000784 0 P 0
L 26.89200616 42.30800784 27.40000616 42.05400784 0 P 0
L 26.89200616 43.69200812 27.14600616 44.20000812 0 P 0
L 26.89200616 43.69200812 27.40000616 43.94600812 0 P 0
L 26.89200616 44.70800812 27.14600616 44.20000812 0 P 0
L 26.89200616 44.70800812 27.40000616 44.45400812 0 P 0
L 26.89200616 58.0920098 27.14600616 58.6000098 0 P 0
L 26.89200616 58.0920098 27.40000616 58.3460098 0 P 0
L 26.89200616 59.1080098 27.14600616 58.6000098 0 P 0
L 26.89200616 59.1080098 27.40000616 58.8540098 0 P 0
L 26.89200616 60.49201008 27.14600616 61.00001008 0 P 0
L 26.89200616 60.49201008 27.40000616 60.74601008 0 P 0
L 26.89200616 61.50801008 27.14600616 61.00001008 0 P 0
L 26.89200616 61.50801008 27.40000616 61.25401008 0 P 0
L 26.89200616 62.89201036 27.14600616 63.40001036 0 P 0
L 26.89200616 62.89201036 27.40000616 63.14601036 0 P 0
L 26.89200616 63.90801036 27.14600616 63.40001036 0 P 0
L 26.89200616 63.90801036 27.40000616 63.65401036 0 P 0
L 26.95240482 9.40000406 27.10480482 9.09520406 0 P 0
L 26.95240482 9.40000406 27.10480482 9.70480406 0 P 0
L 26.95240482 16.6000049 27.10480482 16.2952049 0 P 0
L 26.95240482 16.6000049 27.10480482 16.9048049 0 P 0
L 26.95240482 19.00000518 27.10480482 18.69520518 0 P 0
L 26.95240482 19.00000518 27.10480482 19.30480518 0 P 0
L 26.95240482 45.40000826 27.10480482 45.09520826 0 P 0
L 26.95240482 45.40000826 27.10480482 45.70480826 0 P 0
L 26.95240482 50.20000882 27.10480482 49.89520882 0 P 0
L 26.95240482 50.20000882 27.10480482 50.50480882 0 P 0
L 26.95240482 52.6000091 27.10480482 52.2952091 0 P 0
L 26.95240482 52.6000091 27.10480482 52.9048091 0 P 0
L 26.95240482 55.00000938 27.10480482 54.69520938 0 P 0
L 26.95240482 55.00000938 27.10480482 55.30480938 0 P 0
L 26.95240482 57.40000966 27.10480482 57.09520966 0 P 0
L 26.95240482 57.40000966 27.10480482 57.70480966 0 P 0
L 26.95240482 59.80000994 27.10480482 59.49520994 0 P 0
L 26.95240482 59.80000994 27.10480482 60.10480994 0 P 0
L 26.95240482 62.20001022 27.10480482 61.89521022 0 P 0
L 26.95240482 62.20001022 27.10480482 62.50481022 0 P 0
L 27.05400482 9.40000406 27.30800482 8.89200406 0 P 0
L 27.05400482 9.40000406 27.30800482 9.90800406 0 P 0
L 27.05400482 16.6000049 27.30800482 16.0920049 0 P 0
L 27.05400482 16.6000049 27.30800482 17.1080049 0 P 0
L 27.05400482 19.00000518 27.30800482 18.49200518 0 P 0
L 27.05400482 19.00000518 27.30800482 19.50800518 0 P 0
L 27.05400482 45.40000826 27.30800482 44.89200826 0 P 0
L 27.05400482 45.40000826 27.30800482 45.90800826 0 P 0
L 27.05400482 50.20000882 27.30800482 49.69200882 0 P 0
L 27.05400482 50.20000882 27.30800482 50.70800882 0 P 0
L 27.05400482 52.6000091 27.30800482 52.0920091 0 P 0
L 27.05400482 52.6000091 27.30800482 53.1080091 0 P 0
L 27.05400482 55.00000938 27.30800482 54.49200938 0 P 0
L 27.05400482 55.00000938 27.30800482 55.50800938 0 P 0
L 27.05400482 57.40000966 27.30800482 56.89200966 0 P 0
L 27.05400482 57.40000966 27.30800482 57.90800966 0 P 0
L 27.05400482 59.80000994 27.30800482 59.29200994 0 P 0
L 27.05400482 59.80000994 27.30800482 60.30800994 0 P 0
L 27.05400482 62.20001022 27.30800482 61.69201022 0 P 0
L 27.05400482 62.20001022 27.30800482 62.70801022 0 P 0
L 27.09520616 15.09520476 27.24760616 15.40000476 0 P 0
L 27.09520616 15.09520476 27.40000616 15.24760476 0 P 0
L 27.09520616 15.70480476 27.24760616 15.40000476 0 P 0
L 27.09520616 15.70480476 27.40000616 15.55240476 0 P 0
L 27.09520616 17.49520504 27.24760616 17.80000504 0 P 0
L 27.09520616 17.49520504 27.40000616 17.64760504 0 P 0
L 27.09520616 18.10480504 27.24760616 17.80000504 0 P 0
L 27.09520616 18.10480504 27.40000616 17.95240504 0 P 0
L 27.09520616 41.49520784 27.24760616 41.80000784 0 P 0
L 27.09520616 41.49520784 27.40000616 41.64760784 0 P 0
L 27.09520616 42.10480784 27.24760616 41.80000784 0 P 0
L 27.09520616 42.10480784 27.40000616 41.95240784 0 P 0
L 27.09520616 43.89520812 27.24760616 44.20000812 0 P 0
L 27.09520616 43.89520812 27.40000616 44.04760812 0 P 0
L 27.09520616 44.50480812 27.24760616 44.20000812 0 P 0
L 27.09520616 44.50480812 27.40000616 44.35240812 0 P 0
L 27.09520616 58.2952098 27.24760616 58.6000098 0 P 0
L 27.09520616 58.2952098 27.40000616 58.4476098 0 P 0
L 27.09520616 58.9048098 27.24760616 58.6000098 0 P 0
L 27.09520616 58.9048098 27.40000616 58.7524098 0 P 0
L 27.09520616 60.69521008 27.24760616 61.00001008 0 P 0
L 27.09520616 60.69521008 27.40000616 60.84761008 0 P 0
L 27.09520616 61.30481008 27.24760616 61.00001008 0 P 0
L 27.09520616 61.30481008 27.40000616 61.15241008 0 P 0
L 27.09520616 63.09521036 27.24760616 63.40001036 0 P 0
L 27.09520616 63.09521036 27.40000616 63.24761036 0 P 0
L 27.09520616 63.70481036 27.24760616 63.40001036 0 P 0
L 27.09520616 63.70481036 27.40000616 63.55241036 0 P 0
L 27.16480216 13.42019922 27.16480216 14.02979922 0 P 0
L 27.36800216 13.21699922 27.36800216 14.23299922 0 P 0
L 27.40000616 15.14600476 27.90800616 14.89200476 0 P 0
L 27.40000616 15.24760476 27.70480616 15.09520476 0 P 0
L 27.40000616 15.55240476 27.70480616 15.70480476 0 P 0
L 27.40000616 15.65400476 27.90800616 15.90800476 0 P 0
L 27.40000616 17.54600504 27.90800616 17.29200504 0 P 0
L 27.40000616 17.64760504 27.70480616 17.49520504 0 P 0
L 27.40000616 17.95240504 27.70480616 18.10480504 0 P 0
L 27.40000616 18.05400504 27.90800616 18.30800504 0 P 0
L 27.40000616 41.54600784 27.90800616 41.29200784 0 P 0
L 27.40000616 41.64760784 27.70480616 41.49520784 0 P 0
L 27.40000616 41.95240784 27.70480616 42.10480784 0 P 0
L 27.40000616 42.05400784 27.90800616 42.30800784 0 P 0
L 27.40000616 43.94600812 27.90800616 43.69200812 0 P 0
L 27.40000616 44.04760812 27.70480616 43.89520812 0 P 0
L 27.40000616 44.35240812 27.70480616 44.50480812 0 P 0
L 27.40000616 44.45400812 27.90800616 44.70800812 0 P 0
L 27.40000616 58.3460098 27.90800616 58.0920098 0 P 0
L 27.40000616 58.4476098 27.70480616 58.2952098 0 P 0
L 27.40000616 58.7524098 27.70480616 58.9048098 0 P 0
L 27.40000616 58.8540098 27.90800616 59.1080098 0 P 0
L 27.40000616 60.74601008 27.90800616 60.49201008 0 P 0
L 27.40000616 60.84761008 27.70480616 60.69521008 0 P 0
L 27.40000616 61.15241008 27.70480616 61.30481008 0 P 0
L 27.40000616 61.25401008 27.90800616 61.50801008 0 P 0
L 27.40000616 63.14601036 27.90800616 62.89201036 0 P 0
L 27.40000616 63.24761036 27.70480616 63.09521036 0 P 0
L 27.40000616 63.55241036 27.70480616 63.70481036 0 P 0
L 27.40000616 63.65401036 27.90800616 63.90801036 0 P 0
L 27.49200496 1.69200322 27.74600496 2.20000322 0 P 0
L 27.49200496 1.69200322 28.00000496 1.94600322 0 P 0
L 27.49200496 2.70800322 27.74600496 2.20000322 0 P 0
L 27.49200496 2.70800322 28.00000496 2.45400322 0 P 0
L 27.49200496 16.0920049 27.74600496 16.6000049 0 P 0
L 27.49200496 16.0920049 28.00000496 16.3460049 0 P 0
L 27.49200496 17.1080049 27.74600496 16.6000049 0 P 0
L 27.49200496 17.1080049 28.00000496 16.8540049 0 P 0
L 27.49200496 20.89200546 27.74600496 21.40000546 0 P 0
L 27.49200496 20.89200546 28.00000496 21.14600546 0 P 0
L 27.49200496 21.90800546 27.74600496 21.40000546 0 P 0
L 27.49200496 21.90800546 28.00000496 21.65400546 0 P 0
L 27.49200496 44.89200826 27.74600496 45.40000826 0 P 0
L 27.49200496 44.89200826 28.00000496 45.14600826 0 P 0
L 27.49200496 45.90800826 27.74600496 45.40000826 0 P 0
L 27.49200496 45.90800826 28.00000496 45.65400826 0 P 0
L 27.49200496 59.29200994 27.74600496 59.80000994 0 P 0
L 27.49200496 59.29200994 28.00000496 59.54600994 0 P 0
L 27.49200496 60.30800994 27.74600496 59.80000994 0 P 0
L 27.49200496 60.30800994 28.00000496 60.05400994 0 P 0
L 27.49200496 61.69201022 27.74600496 62.20001022 0 P 0
L 27.49200496 61.69201022 28.00000496 61.94601022 0 P 0
L 27.49200496 62.70801022 27.74600496 62.20001022 0 P 0
L 27.49200496 62.70801022 28.00000496 62.45401022 0 P 0
L 27.55240616 15.40000476 27.70480616 15.09520476 0 P 0
L 27.55240616 15.40000476 27.70480616 15.70480476 0 P 0
L 27.55240616 17.80000504 27.70480616 17.49520504 0 P 0
L 27.55240616 17.80000504 27.70480616 18.10480504 0 P 0
L 27.55240616 41.80000784 27.70480616 41.49520784 0 P 0
L 27.55240616 41.80000784 27.70480616 42.10480784 0 P 0
L 27.55240616 44.20000812 27.70480616 43.89520812 0 P 0
L 27.55240616 44.20000812 27.70480616 44.50480812 0 P 0
L 27.55240616 58.6000098 27.70480616 58.2952098 0 P 0
L 27.55240616 58.6000098 27.70480616 58.9048098 0 P 0
L 27.55240616 61.00001008 27.70480616 60.69521008 0 P 0
L 27.55240616 61.00001008 27.70480616 61.30481008 0 P 0
L 27.55240616 63.40001036 27.70480616 63.09521036 0 P 0
L 27.55240616 63.40001036 27.70480616 63.70481036 0 P 0
L 27.6170009 8.52300048 28.1250009 7.50700048 0 P 0
L 27.6170009 8.52300048 28.6330009 8.52300048 0 P 0
L 27.65400616 15.40000476 27.90800616 14.89200476 0 P 0
L 27.65400616 15.40000476 27.90800616 15.90800476 0 P 0
L 27.65400616 17.80000504 27.90800616 17.29200504 0 P 0
L 27.65400616 17.80000504 27.90800616 18.30800504 0 P 0
L 27.65400616 41.80000784 27.90800616 41.29200784 0 P 0
L 27.65400616 41.80000784 27.90800616 42.30800784 0 P 0
L 27.65400616 44.20000812 27.90800616 43.69200812 0 P 0
L 27.65400616 44.20000812 27.90800616 44.70800812 0 P 0
L 27.65400616 58.6000098 27.90800616 58.0920098 0 P 0
L 27.65400616 58.6000098 27.90800616 59.1080098 0 P 0
L 27.65400616 61.00001008 27.90800616 60.49201008 0 P 0
L 27.65400616 61.00001008 27.90800616 61.50801008 0 P 0
L 27.65400616 63.40001036 27.90800616 62.89201036 0 P 0
L 27.65400616 63.40001036 27.90800616 63.90801036 0 P 0
L 27.69520496 1.89520322 27.84760496 2.20000322 0 P 0
L 27.69520496 1.89520322 28.00000496 2.04760322 0 P 0
L 27.69520496 2.50480322 27.84760496 2.20000322 0 P 0
L 27.69520496 2.50480322 28.00000496 2.35240322 0 P 0
L 27.69520496 16.2952049 27.84760496 16.6000049 0 P 0
L 27.69520496 16.2952049 28.00000496 16.4476049 0 P 0
L 27.69520496 16.9048049 27.84760496 16.6000049 0 P 0
L 27.69520496 16.9048049 28.00000496 16.7524049 0 P 0
L 27.69520496 21.09520546 27.84760496 21.40000546 0 P 0
L 27.69520496 21.09520546 28.00000496 21.24760546 0 P 0
L 27.69520496 21.70480546 27.84760496 21.40000546 0 P 0
L 27.69520496 21.70480546 28.00000496 21.55240546 0 P 0
L 27.69520496 45.09520826 27.84760496 45.40000826 0 P 0
L 27.69520496 45.09520826 28.00000496 45.24760826 0 P 0
L 27.69520496 45.70480826 27.84760496 45.40000826 0 P 0
L 27.69520496 45.70480826 28.00000496 45.55240826 0 P 0
L 27.69520496 59.49520994 27.84760496 59.80000994 0 P 0
L 27.69520496 59.49520994 28.00000496 59.64760994 0 P 0
L 27.69520496 60.10480994 27.84760496 59.80000994 0 P 0
L 27.69520496 60.10480994 28.00000496 59.95240994 0 P 0
L 27.69520496 61.89521022 27.84760496 62.20001022 0 P 0
L 27.69520496 61.89521022 28.00000496 62.04761022 0 P 0
L 27.69520496 62.50481022 27.84760496 62.20001022 0 P 0
L 27.69520496 62.50481022 28.00000496 62.35241022 0 P 0
L 27.76666024 18.56666086 28.02066024 19.07466086 0 P 0
L 27.76666024 18.56666086 28.27466024 18.82066086 0 P 0
L 27.76666024 19.58266086 28.02066024 19.07466086 0 P 0
L 27.76666024 19.58266086 28.27466024 19.32866086 0 P 0
L 27.8202009 8.31980048 28.1250009 7.71020048 0 P 0
L 27.8202009 8.31980048 28.4298009 8.31980048 0 P 0
L 28.00000496 1.94600322 28.50800496 1.69200322 0 P 0
L 28.00000496 2.04760322 28.30480496 1.89520322 0 P 0
L 28.00000496 2.35240322 28.30480496 2.50480322 0 P 0
L 28.00000496 2.45400322 28.50800496 2.70800322 0 P 0
L 28.00000496 16.3460049 28.50800496 16.0920049 0 P 0
L 28.00000496 16.4476049 28.30480496 16.2952049 0 P 0
L 28.00000496 16.7524049 28.30480496 16.9048049 0 P 0
L 28.00000496 16.8540049 28.50800496 17.1080049 0 P 0
L 28.00000496 21.14600546 28.50800496 20.89200546 0 P 0
L 28.00000496 21.24760546 28.30480496 21.09520546 0 P 0
L 28.00000496 21.55240546 28.30480496 21.70480546 0 P 0
L 28.00000496 21.65400546 28.50800496 21.90800546 0 P 0
L 28.00000496 45.14600826 28.50800496 44.89200826 0 P 0
L 28.00000496 45.24760826 28.30480496 45.09520826 0 P 0
L 28.00000496 45.55240826 28.30480496 45.70480826 0 P 0
L 28.00000496 45.65400826 28.50800496 45.90800826 0 P 0
L 28.00000496 59.54600994 28.50800496 59.29200994 0 P 0
L 28.00000496 59.64760994 28.30480496 59.49520994 0 P 0
L 28.00000496 59.95240994 28.30480496 60.10480994 0 P 0
L 28.00000496 60.05400994 28.50800496 60.30800994 0 P 0
L 28.00000496 61.94601022 28.50800496 61.69201022 0 P 0
L 28.00000496 62.04761022 28.30480496 61.89521022 0 P 0
L 28.00000496 62.35241022 28.30480496 62.50481022 0 P 0
L 28.00000496 62.45401022 28.50800496 62.70801022 0 P 0
L 28.0920063 2.89200336 28.3460063 3.40000336 0 P 0
L 28.0920063 2.89200336 28.6000063 3.14600336 0 P 0
L 28.0920063 3.90800336 28.3460063 3.40000336 0 P 0
L 28.0920063 3.90800336 28.6000063 3.65400336 0 P 0
L 28.0920063 5.29200364 28.3460063 5.80000364 0 P 0
L 28.0920063 5.29200364 28.6000063 5.54600364 0 P 0
L 28.0920063 6.30800364 28.3460063 5.80000364 0 P 0
L 28.0920063 6.30800364 28.6000063 6.05400364 0 P 0
L 28.0920063 12.49200448 28.3460063 13.00000448 0 P 0
L 28.0920063 12.49200448 28.6000063 12.74600448 0 P 0
L 28.0920063 13.50800448 28.3460063 13.00000448 0 P 0
L 28.0920063 13.50800448 28.6000063 13.25400448 0 P 0
L 28.0920063 14.89200476 28.3460063 15.40000476 0 P 0
L 28.0920063 14.89200476 28.6000063 15.14600476 0 P 0
L 28.0920063 15.90800476 28.3460063 15.40000476 0 P 0
L 28.0920063 15.90800476 28.6000063 15.65400476 0 P 0
L 28.0920063 17.29200504 28.3460063 17.80000504 0 P 0
L 28.0920063 17.29200504 28.6000063 17.54600504 0 P 0
L 28.0920063 18.30800504 28.3460063 17.80000504 0 P 0
L 28.0920063 18.30800504 28.6000063 18.05400504 0 P 0
L 28.0920063 41.29200784 28.3460063 41.80000784 0 P 0
L 28.0920063 41.29200784 28.6000063 41.54600784 0 P 0
L 28.0920063 42.30800784 28.3460063 41.80000784 0 P 0
L 28.0920063 42.30800784 28.6000063 42.05400784 0 P 0
L 28.0920063 43.69200812 28.3460063 44.20000812 0 P 0
L 28.0920063 43.69200812 28.6000063 43.94600812 0 P 0
L 28.0920063 44.70800812 28.3460063 44.20000812 0 P 0
L 28.0920063 44.70800812 28.6000063 44.45400812 0 P 0
L 28.0920063 53.29200924 28.3460063 53.80000924 0 P 0
L 28.0920063 53.29200924 28.6000063 53.54600924 0 P 0
L 28.0920063 54.30800924 28.3460063 53.80000924 0 P 0
L 28.0920063 54.30800924 28.6000063 54.05400924 0 P 0
L 28.0920063 58.0920098 28.3460063 58.6000098 0 P 0
L 28.0920063 58.0920098 28.6000063 58.3460098 0 P 0
L 28.0920063 59.1080098 28.3460063 58.6000098 0 P 0
L 28.0920063 59.1080098 28.6000063 58.8540098 0 P 0
L 28.0920063 60.49201008 28.3460063 61.00001008 0 P 0
L 28.0920063 60.49201008 28.6000063 60.74601008 0 P 0
L 28.0920063 61.50801008 28.3460063 61.00001008 0 P 0
L 28.0920063 61.50801008 28.6000063 61.25401008 0 P 0
L 28.0920063 62.89201036 28.3460063 63.40001036 0 P 0
L 28.0920063 62.89201036 28.6000063 63.14601036 0 P 0
L 28.0920063 63.90801036 28.3460063 63.40001036 0 P 0
L 28.0920063 63.90801036 28.6000063 63.65401036 0 P 0
L 28.1250009 7.50700048 28.6330009 8.52300048 0 P 0
L 28.1250009 7.71020048 28.4298009 8.31980048 0 P 0
L 28.15240496 2.20000322 28.30480496 1.89520322 0 P 0
L 28.15240496 2.20000322 28.30480496 2.50480322 0 P 0
L 28.15240496 16.6000049 28.30480496 16.2952049 0 P 0
L 28.15240496 16.6000049 28.30480496 16.9048049 0 P 0
L 28.15240496 21.40000546 28.30480496 21.09520546 0 P 0
L 28.15240496 21.40000546 28.30480496 21.70480546 0 P 0
L 28.15240496 45.40000826 28.30480496 45.09520826 0 P 0
L 28.15240496 45.40000826 28.30480496 45.70480826 0 P 0
L 28.15240496 59.80000994 28.30480496 59.49520994 0 P 0
L 28.15240496 59.80000994 28.30480496 60.10480994 0 P 0
L 28.15240496 62.20001022 28.30480496 61.89521022 0 P 0
L 28.15240496 62.20001022 28.30480496 62.50481022 0 P 0
L 28.25400496 2.20000322 28.50800496 1.69200322 0 P 0
L 28.25400496 2.20000322 28.50800496 2.70800322 0 P 0
L 28.25400496 16.6000049 28.50800496 16.0920049 0 P 0
L 28.25400496 16.6000049 28.50800496 17.1080049 0 P 0
L 28.25400496 21.40000546 28.50800496 20.89200546 0 P 0
L 28.25400496 21.40000546 28.50800496 21.90800546 0 P 0
L 28.25400496 45.40000826 28.50800496 44.89200826 0 P 0
L 28.25400496 45.40000826 28.50800496 45.90800826 0 P 0
L 28.25400496 59.80000994 28.50800496 59.29200994 0 P 0
L 28.25400496 59.80000994 28.50800496 60.30800994 0 P 0
L 28.25400496 62.20001022 28.50800496 61.69201022 0 P 0
L 28.25400496 62.20001022 28.50800496 62.70801022 0 P 0
L 28.27466024 18.82066086 28.78266024 18.56666086 0 P 0
L 28.27466024 19.32866086 28.78266024 19.58266086 0 P 0
L 28.2952063 3.09520336 28.4476063 3.40000336 0 P 0
L 28.2952063 3.09520336 28.6000063 3.24760336 0 P 0
L 28.2952063 3.70480336 28.4476063 3.40000336 0 P 0
L 28.2952063 3.70480336 28.6000063 3.55240336 0 P 0
L 28.2952063 5.49520364 28.4476063 5.80000364 0 P 0
L 28.2952063 5.49520364 28.6000063 5.64760364 0 P 0
L 28.2952063 6.10480364 28.4476063 5.80000364 0 P 0
L 28.2952063 6.10480364 28.6000063 5.95240364 0 P 0
L 28.2952063 12.69520448 28.4476063 13.00000448 0 P 0
L 28.2952063 12.69520448 28.6000063 12.84760448 0 P 0
L 28.2952063 13.30480448 28.4476063 13.00000448 0 P 0
L 28.2952063 13.30480448 28.6000063 13.15240448 0 P 0
L 28.2952063 15.09520476 28.4476063 15.40000476 0 P 0
L 28.2952063 15.09520476 28.6000063 15.24760476 0 P 0
L 28.2952063 15.70480476 28.4476063 15.40000476 0 P 0
L 28.2952063 15.70480476 28.6000063 15.55240476 0 P 0
L 28.2952063 17.49520504 28.4476063 17.80000504 0 P 0
L 28.2952063 17.49520504 28.6000063 17.64760504 0 P 0
L 28.2952063 18.10480504 28.4476063 17.80000504 0 P 0
L 28.2952063 18.10480504 28.6000063 17.95240504 0 P 0
L 28.2952063 41.49520784 28.4476063 41.80000784 0 P 0
L 28.2952063 41.49520784 28.6000063 41.64760784 0 P 0
L 28.2952063 42.10480784 28.4476063 41.80000784 0 P 0
L 28.2952063 42.10480784 28.6000063 41.95240784 0 P 0
L 28.2952063 43.89520812 28.4476063 44.20000812 0 P 0
L 28.2952063 43.89520812 28.6000063 44.04760812 0 P 0
L 28.2952063 44.50480812 28.4476063 44.20000812 0 P 0
L 28.2952063 44.50480812 28.6000063 44.35240812 0 P 0
L 28.2952063 53.49520924 28.4476063 53.80000924 0 P 0
L 28.2952063 53.49520924 28.6000063 53.64760924 0 P 0
L 28.2952063 54.10480924 28.4476063 53.80000924 0 P 0
L 28.2952063 54.10480924 28.6000063 53.95240924 0 P 0
L 28.2952063 58.2952098 28.4476063 58.6000098 0 P 0
L 28.2952063 58.2952098 28.6000063 58.4476098 0 P 0
L 28.2952063 58.9048098 28.4476063 58.6000098 0 P 0
L 28.2952063 58.9048098 28.6000063 58.7524098 0 P 0
L 28.2952063 60.69521008 28.4476063 61.00001008 0 P 0
L 28.2952063 60.69521008 28.6000063 60.84761008 0 P 0
L 28.2952063 61.30481008 28.4476063 61.00001008 0 P 0
L 28.2952063 61.30481008 28.6000063 61.15241008 0 P 0
L 28.2952063 63.09521036 28.4476063 63.40001036 0 P 0
L 28.2952063 63.09521036 28.6000063 63.24761036 0 P 0
L 28.2952063 63.70481036 28.4476063 63.40001036 0 P 0
L 28.2952063 63.70481036 28.6000063 63.55241036 0 P 0
L 28.52866024 19.07466086 28.78266024 18.56666086 0 P 0
L 28.52866024 19.07466086 28.78266024 19.58266086 0 P 0
L 28.6000063 3.14600336 29.1080063 2.89200336 0 P 0
L 28.6000063 3.24760336 28.9048063 3.09520336 0 P 0
L 28.6000063 3.55240336 28.9048063 3.70480336 0 P 0
L 28.6000063 3.65400336 29.1080063 3.90800336 0 P 0
L 28.6000063 5.54600364 29.1080063 5.29200364 0 P 0
L 28.6000063 5.64760364 28.9048063 5.49520364 0 P 0
L 28.6000063 5.95240364 28.9048063 6.10480364 0 P 0
L 28.6000063 6.05400364 29.1080063 6.30800364 0 P 0
L 28.6000063 12.74600448 29.1080063 12.49200448 0 P 0
L 28.6000063 12.84760448 28.9048063 12.69520448 0 P 0
L 28.6000063 13.15240448 28.9048063 13.30480448 0 P 0
L 28.6000063 13.25400448 29.1080063 13.50800448 0 P 0
L 28.6000063 15.14600476 29.1080063 14.89200476 0 P 0
L 28.6000063 15.24760476 28.9048063 15.09520476 0 P 0
L 28.6000063 15.55240476 28.9048063 15.70480476 0 P 0
L 28.6000063 15.65400476 29.1080063 15.90800476 0 P 0
L 28.6000063 17.54600504 29.1080063 17.29200504 0 P 0
L 28.6000063 17.64760504 28.9048063 17.49520504 0 P 0
L 28.6000063 17.95240504 28.9048063 18.10480504 0 P 0
L 28.6000063 18.05400504 29.1080063 18.30800504 0 P 0
L 28.6000063 41.54600784 29.1080063 41.29200784 0 P 0
L 28.6000063 41.64760784 28.9048063 41.49520784 0 P 0
L 28.6000063 41.95240784 28.9048063 42.10480784 0 P 0
L 28.6000063 42.05400784 29.1080063 42.30800784 0 P 0
L 28.6000063 43.94600812 29.1080063 43.69200812 0 P 0
L 28.6000063 44.04760812 28.9048063 43.89520812 0 P 0
L 28.6000063 44.35240812 28.9048063 44.50480812 0 P 0
L 28.6000063 44.45400812 29.1080063 44.70800812 0 P 0
L 28.6000063 53.54600924 29.1080063 53.29200924 0 P 0
L 28.6000063 53.64760924 28.9048063 53.49520924 0 P 0
L 28.6000063 53.95240924 28.9048063 54.10480924 0 P 0
L 28.6000063 54.05400924 29.1080063 54.30800924 0 P 0
L 28.6000063 58.3460098 29.1080063 58.0920098 0 P 0
L 28.6000063 58.4476098 28.9048063 58.2952098 0 P 0
L 28.6000063 58.7524098 28.9048063 58.9048098 0 P 0
L 28.6000063 58.8540098 29.1080063 59.1080098 0 P 0
L 28.6000063 60.74601008 29.1080063 60.49201008 0 P 0
L 28.6000063 60.84761008 28.9048063 60.69521008 0 P 0
L 28.6000063 61.15241008 28.9048063 61.30481008 0 P 0
L 28.6000063 61.25401008 29.1080063 61.50801008 0 P 0
L 28.6000063 63.14601036 29.1080063 62.89201036 0 P 0
L 28.6000063 63.24761036 28.9048063 63.09521036 0 P 0
L 28.6000063 63.55241036 28.9048063 63.70481036 0 P 0
L 28.6000063 63.65401036 29.1080063 63.90801036 0 P 0
L 28.6920051 1.69200322 28.9460051 2.20000322 0 P 0
L 28.6920051 1.69200322 29.2000051 1.94600322 0 P 0
L 28.6920051 2.70800322 28.9460051 2.20000322 0 P 0
L 28.6920051 2.70800322 29.2000051 2.45400322 0 P 0
L 28.6920051 4.0920035 28.9460051 4.6000035 0 P 0
L 28.6920051 4.0920035 29.2000051 4.3460035 0 P 0
L 28.6920051 5.1080035 28.9460051 4.6000035 0 P 0
L 28.6920051 5.1080035 29.2000051 4.8540035 0 P 0
L 28.6920051 13.69200462 28.9460051 14.20000462 0 P 0
L 28.6920051 13.69200462 29.2000051 13.94600462 0 P 0
L 28.6920051 14.70800462 28.9460051 14.20000462 0 P 0
L 28.6920051 14.70800462 29.2000051 14.45400462 0 P 0
L 28.6920051 16.0920049 28.9460051 16.6000049 0 P 0
L 28.6920051 16.0920049 29.2000051 16.3460049 0 P 0
L 28.6920051 17.1080049 28.9460051 16.6000049 0 P 0
L 28.6920051 17.1080049 29.2000051 16.8540049 0 P 0
L 28.6920051 20.89200546 28.9460051 21.40000546 0 P 0
L 28.6920051 20.89200546 29.2000051 21.14600546 0 P 0
L 28.6920051 21.90800546 28.9460051 21.40000546 0 P 0
L 28.6920051 21.90800546 29.2000051 21.65400546 0 P 0
L 28.6920051 44.89200826 28.9460051 45.40000826 0 P 0
L 28.6920051 44.89200826 29.2000051 45.14600826 0 P 0
L 28.6920051 45.90800826 28.9460051 45.40000826 0 P 0
L 28.6920051 45.90800826 29.2000051 45.65400826 0 P 0
L 28.6920051 49.69200882 28.9460051 50.20000882 0 P 0
L 28.6920051 49.69200882 29.2000051 49.94600882 0 P 0
L 28.6920051 50.70800882 28.9460051 50.20000882 0 P 0
L 28.6920051 50.70800882 29.2000051 50.45400882 0 P 0
L 28.6920051 54.49200938 28.9460051 55.00000938 0 P 0
L 28.6920051 54.49200938 29.2000051 54.74600938 0 P 0
L 28.6920051 55.50800938 28.9460051 55.00000938 0 P 0
L 28.6920051 55.50800938 29.2000051 55.25400938 0 P 0
L 28.6920051 59.29200994 28.9460051 59.80000994 0 P 0
L 28.6920051 59.29200994 29.2000051 59.54600994 0 P 0
L 28.6920051 60.30800994 28.9460051 59.80000994 0 P 0
L 28.6920051 60.30800994 29.2000051 60.05400994 0 P 0
L 28.6920051 61.69201022 28.9460051 62.20001022 0 P 0
L 28.6920051 61.69201022 29.2000051 61.94601022 0 P 0
L 28.6920051 62.70801022 28.9460051 62.20001022 0 P 0
L 28.6920051 62.70801022 29.2000051 62.45401022 0 P 0
L 28.7524063 3.40000336 28.9048063 3.09520336 0 P 0
L 28.7524063 3.40000336 28.9048063 3.70480336 0 P 0
L 28.7524063 5.80000364 28.9048063 5.49520364 0 P 0
L 28.7524063 5.80000364 28.9048063 6.10480364 0 P 0
L 28.7524063 13.00000448 28.9048063 12.69520448 0 P 0
L 28.7524063 13.00000448 28.9048063 13.30480448 0 P 0
L 28.7524063 15.40000476 28.9048063 15.09520476 0 P 0
L 28.7524063 15.40000476 28.9048063 15.70480476 0 P 0
L 28.7524063 17.80000504 28.9048063 17.49520504 0 P 0
L 28.7524063 17.80000504 28.9048063 18.10480504 0 P 0
L 28.7524063 41.80000784 28.9048063 41.49520784 0 P 0
L 28.7524063 41.80000784 28.9048063 42.10480784 0 P 0
L 28.7524063 44.20000812 28.9048063 43.89520812 0 P 0
L 28.7524063 44.20000812 28.9048063 44.50480812 0 P 0
L 28.7524063 53.80000924 28.9048063 53.49520924 0 P 0
L 28.7524063 53.80000924 28.9048063 54.10480924 0 P 0
L 28.7524063 58.6000098 28.9048063 58.2952098 0 P 0
L 28.7524063 58.6000098 28.9048063 58.9048098 0 P 0
L 28.7524063 61.00001008 28.9048063 60.69521008 0 P 0
L 28.7524063 61.00001008 28.9048063 61.30481008 0 P 0
L 28.7524063 63.40001036 28.9048063 63.09521036 0 P 0
L 28.7524063 63.40001036 28.9048063 63.70481036 0 P 0
L 28.8540063 3.40000336 29.1080063 2.89200336 0 P 0
L 28.8540063 3.40000336 29.1080063 3.90800336 0 P 0
L 28.8540063 5.80000364 29.1080063 5.29200364 0 P 0
L 28.8540063 5.80000364 29.1080063 6.30800364 0 P 0
L 28.8540063 13.00000448 29.1080063 12.49200448 0 P 0
L 28.8540063 13.00000448 29.1080063 13.50800448 0 P 0
L 28.8540063 15.40000476 29.1080063 14.89200476 0 P 0
L 28.8540063 15.40000476 29.1080063 15.90800476 0 P 0
L 28.8540063 17.80000504 29.1080063 17.29200504 0 P 0
L 28.8540063 17.80000504 29.1080063 18.30800504 0 P 0
L 28.8540063 41.80000784 29.1080063 41.29200784 0 P 0
L 28.8540063 41.80000784 29.1080063 42.30800784 0 P 0
L 28.8540063 44.20000812 29.1080063 43.69200812 0 P 0
L 28.8540063 44.20000812 29.1080063 44.70800812 0 P 0
L 28.8540063 53.80000924 29.1080063 53.29200924 0 P 0
L 28.8540063 53.80000924 29.1080063 54.30800924 0 P 0
L 28.8540063 58.6000098 29.1080063 58.0920098 0 P 0
L 28.8540063 58.6000098 29.1080063 59.1080098 0 P 0
L 28.8540063 61.00001008 29.1080063 60.49201008 0 P 0
L 28.8540063 61.00001008 29.1080063 61.50801008 0 P 0
L 28.8540063 63.40001036 29.1080063 62.89201036 0 P 0
L 28.8540063 63.40001036 29.1080063 63.90801036 0 P 0
L 28.8952051 1.89520322 29.0476051 2.20000322 0 P 0
L 28.8952051 1.89520322 29.2000051 2.04760322 0 P 0
L 28.8952051 2.50480322 29.0476051 2.20000322 0 P 0
L 28.8952051 2.50480322 29.2000051 2.35240322 0 P 0
L 28.8952051 4.2952035 29.0476051 4.6000035 0 P 0
L 28.8952051 4.2952035 29.2000051 4.4476035 0 P 0
L 28.8952051 4.9048035 29.0476051 4.6000035 0 P 0
L 28.8952051 4.9048035 29.2000051 4.7524035 0 P 0
L 28.8952051 13.89520462 29.0476051 14.20000462 0 P 0
L 28.8952051 13.89520462 29.2000051 14.04760462 0 P 0
L 28.8952051 14.50480462 29.0476051 14.20000462 0 P 0
L 28.8952051 14.50480462 29.2000051 14.35240462 0 P 0
L 28.8952051 16.2952049 29.0476051 16.6000049 0 P 0
L 28.8952051 16.2952049 29.2000051 16.4476049 0 P 0
L 28.8952051 16.9048049 29.0476051 16.6000049 0 P 0
L 28.8952051 16.9048049 29.2000051 16.7524049 0 P 0
L 28.8952051 21.09520546 29.0476051 21.40000546 0 P 0
L 28.8952051 21.09520546 29.2000051 21.24760546 0 P 0
L 28.8952051 21.70480546 29.0476051 21.40000546 0 P 0
L 28.8952051 21.70480546 29.2000051 21.55240546 0 P 0
L 28.8952051 45.09520826 29.0476051 45.40000826 0 P 0
L 28.8952051 45.09520826 29.2000051 45.24760826 0 P 0
L 28.8952051 45.70480826 29.0476051 45.40000826 0 P 0
L 28.8952051 45.70480826 29.2000051 45.55240826 0 P 0
L 28.8952051 49.89520882 29.0476051 50.20000882 0 P 0
L 28.8952051 49.89520882 29.2000051 50.04760882 0 P 0
L 28.8952051 50.50480882 29.0476051 50.20000882 0 P 0
L 28.8952051 50.50480882 29.2000051 50.35240882 0 P 0
L 28.8952051 54.69520938 29.0476051 55.00000938 0 P 0
L 28.8952051 54.69520938 29.2000051 54.84760938 0 P 0
L 28.8952051 55.30480938 29.0476051 55.00000938 0 P 0
L 28.8952051 55.30480938 29.2000051 55.15240938 0 P 0
L 28.8952051 59.49520994 29.0476051 59.80000994 0 P 0
L 28.8952051 59.49520994 29.2000051 59.64760994 0 P 0
L 28.8952051 60.10480994 29.0476051 59.80000994 0 P 0
L 28.8952051 60.10480994 29.2000051 59.95240994 0 P 0
L 28.8952051 61.89521022 29.0476051 62.20001022 0 P 0
L 28.8952051 61.89521022 29.2000051 62.04761022 0 P 0
L 28.8952051 62.50481022 29.0476051 62.20001022 0 P 0
L 28.8952051 62.50481022 29.2000051 62.35241022 0 P 0
L 29.2000051 1.94600322 29.7080051 1.69200322 0 P 0
L 29.2000051 2.04760322 29.5048051 1.89520322 0 P 0
L 29.2000051 2.35240322 29.5048051 2.50480322 0 P 0
L 29.2000051 2.45400322 29.7080051 2.70800322 0 P 0
L 29.2000051 4.3460035 29.7080051 4.0920035 0 P 0
L 29.2000051 4.4476035 29.5048051 4.2952035 0 P 0
L 29.2000051 4.7524035 29.5048051 4.9048035 0 P 0
L 29.2000051 4.8540035 29.7080051 5.1080035 0 P 0
L 29.2000051 13.94600462 29.7080051 13.69200462 0 P 0
L 29.2000051 14.04760462 29.5048051 13.89520462 0 P 0
L 29.2000051 14.35240462 29.5048051 14.50480462 0 P 0
L 29.2000051 14.45400462 29.7080051 14.70800462 0 P 0
L 29.2000051 16.3460049 29.7080051 16.0920049 0 P 0
L 29.2000051 16.4476049 29.5048051 16.2952049 0 P 0
L 29.2000051 16.7524049 29.5048051 16.9048049 0 P 0
L 29.2000051 16.8540049 29.7080051 17.1080049 0 P 0
L 29.2000051 21.14600546 29.7080051 20.89200546 0 P 0
L 29.2000051 21.24760546 29.5048051 21.09520546 0 P 0
L 29.2000051 21.55240546 29.5048051 21.70480546 0 P 0
L 29.2000051 21.65400546 29.7080051 21.90800546 0 P 0
L 29.2000051 45.14600826 29.7080051 44.89200826 0 P 0
L 29.2000051 45.24760826 29.5048051 45.09520826 0 P 0
L 29.2000051 45.55240826 29.5048051 45.70480826 0 P 0
L 29.2000051 45.65400826 29.7080051 45.90800826 0 P 0
L 29.2000051 49.94600882 29.7080051 49.69200882 0 P 0
L 29.2000051 50.04760882 29.5048051 49.89520882 0 P 0
L 29.2000051 50.35240882 29.5048051 50.50480882 0 P 0
L 29.2000051 50.45400882 29.7080051 50.70800882 0 P 0
L 29.2000051 54.74600938 29.7080051 54.49200938 0 P 0
L 29.2000051 54.84760938 29.5048051 54.69520938 0 P 0
L 29.2000051 55.15240938 29.5048051 55.30480938 0 P 0
L 29.2000051 55.25400938 29.7080051 55.50800938 0 P 0
L 29.2000051 59.54600994 29.7080051 59.29200994 0 P 0
L 29.2000051 59.64760994 29.5048051 59.49520994 0 P 0
L 29.2000051 59.95240994 29.5048051 60.10480994 0 P 0
L 29.2000051 60.05400994 29.7080051 60.30800994 0 P 0
L 29.2000051 61.94601022 29.7080051 61.69201022 0 P 0
L 29.2000051 62.04761022 29.5048051 61.89521022 0 P 0
L 29.2000051 62.35241022 29.5048051 62.50481022 0 P 0
L 29.2000051 62.45401022 29.7080051 62.70801022 0 P 0
L 29.29200644 2.89200336 29.54600644 3.40000336 0 P 0
L 29.29200644 2.89200336 29.80000644 3.14600336 0 P 0
L 29.29200644 3.90800336 29.54600644 3.40000336 0 P 0
L 29.29200644 3.90800336 29.80000644 3.65400336 0 P 0
L 29.29200644 5.29200364 29.54600644 5.80000364 0 P 0
L 29.29200644 5.29200364 29.80000644 5.54600364 0 P 0
L 29.29200644 6.30800364 29.54600644 5.80000364 0 P 0
L 29.29200644 6.30800364 29.80000644 6.05400364 0 P 0
L 29.29200644 12.49200448 29.54600644 13.00000448 0 P 0
L 29.29200644 12.49200448 29.80000644 12.74600448 0 P 0
L 29.29200644 13.50800448 29.54600644 13.00000448 0 P 0
L 29.29200644 13.50800448 29.80000644 13.25400448 0 P 0
L 29.29200644 14.89200476 29.54600644 15.40000476 0 P 0
L 29.29200644 14.89200476 29.80000644 15.14600476 0 P 0
L 29.29200644 15.90800476 29.54600644 15.40000476 0 P 0
L 29.29200644 15.90800476 29.80000644 15.65400476 0 P 0
L 29.29200644 17.29200504 29.54600644 17.80000504 0 P 0
L 29.29200644 17.29200504 29.80000644 17.54600504 0 P 0
L 29.29200644 18.30800504 29.54600644 17.80000504 0 P 0
L 29.29200644 18.30800504 29.80000644 18.05400504 0 P 0
L 29.29200644 19.69200532 29.54600644 20.20000532 0 P 0
L 29.29200644 19.69200532 29.80000644 19.94600532 0 P 0
L 29.29200644 20.70800532 29.54600644 20.20000532 0 P 0
L 29.29200644 20.70800532 29.80000644 20.45400532 0 P 0
L 29.29200644 53.29200924 29.54600644 53.80000924 0 P 0
L 29.29200644 53.29200924 29.80000644 53.54600924 0 P 0
L 29.29200644 54.30800924 29.54600644 53.80000924 0 P 0
L 29.29200644 54.30800924 29.80000644 54.05400924 0 P 0
L 29.29200644 58.0920098 29.54600644 58.6000098 0 P 0
L 29.29200644 58.0920098 29.80000644 58.3460098 0 P 0
L 29.29200644 59.1080098 29.54600644 58.6000098 0 P 0
L 29.29200644 59.1080098 29.80000644 58.8540098 0 P 0
L 29.29200644 60.49201008 29.54600644 61.00001008 0 P 0
L 29.29200644 60.49201008 29.80000644 60.74601008 0 P 0
L 29.29200644 61.50801008 29.54600644 61.00001008 0 P 0
L 29.29200644 61.50801008 29.80000644 61.25401008 0 P 0
L 29.29200644 62.89201036 29.54600644 63.40001036 0 P 0
L 29.29200644 62.89201036 29.80000644 63.14601036 0 P 0
L 29.29200644 63.90801036 29.54600644 63.40001036 0 P 0
L 29.29200644 63.90801036 29.80000644 63.65401036 0 P 0
L 29.3524051 2.20000322 29.5048051 1.89520322 0 P 0
L 29.3524051 2.20000322 29.5048051 2.50480322 0 P 0
L 29.3524051 4.6000035 29.5048051 4.2952035 0 P 0
L 29.3524051 4.6000035 29.5048051 4.9048035 0 P 0
L 29.3524051 14.20000462 29.5048051 13.89520462 0 P 0
L 29.3524051 14.20000462 29.5048051 14.50480462 0 P 0
L 29.3524051 16.6000049 29.5048051 16.2952049 0 P 0
L 29.3524051 16.6000049 29.5048051 16.9048049 0 P 0
L 29.3524051 21.40000546 29.5048051 21.09520546 0 P 0
L 29.3524051 21.40000546 29.5048051 21.70480546 0 P 0
L 29.3524051 45.40000826 29.5048051 45.09520826 0 P 0
L 29.3524051 45.40000826 29.5048051 45.70480826 0 P 0
L 29.3524051 50.20000882 29.5048051 49.89520882 0 P 0
L 29.3524051 50.20000882 29.5048051 50.50480882 0 P 0
L 29.3524051 55.00000938 29.5048051 54.69520938 0 P 0
L 29.3524051 55.00000938 29.5048051 55.30480938 0 P 0
L 29.3524051 59.80000994 29.5048051 59.49520994 0 P 0
L 29.3524051 59.80000994 29.5048051 60.10480994 0 P 0
L 29.3524051 62.20001022 29.5048051 61.89521022 0 P 0
L 29.3524051 62.20001022 29.5048051 62.50481022 0 P 0
L 29.4540051 2.20000322 29.7080051 1.69200322 0 P 0
L 29.4540051 2.20000322 29.7080051 2.70800322 0 P 0
L 29.4540051 4.6000035 29.7080051 4.0920035 0 P 0
L 29.4540051 4.6000035 29.7080051 5.1080035 0 P 0
L 29.4540051 14.20000462 29.7080051 13.69200462 0 P 0
L 29.4540051 14.20000462 29.7080051 14.70800462 0 P 0
L 29.4540051 16.6000049 29.7080051 16.0920049 0 P 0
L 29.4540051 16.6000049 29.7080051 17.1080049 0 P 0
L 29.4540051 21.40000546 29.7080051 20.89200546 0 P 0
L 29.4540051 21.40000546 29.7080051 21.90800546 0 P 0
L 29.4540051 45.40000826 29.7080051 44.89200826 0 P 0
L 29.4540051 45.40000826 29.7080051 45.90800826 0 P 0
L 29.4540051 50.20000882 29.7080051 49.69200882 0 P 0
L 29.4540051 50.20000882 29.7080051 50.70800882 0 P 0
L 29.4540051 55.00000938 29.7080051 54.49200938 0 P 0
L 29.4540051 55.00000938 29.7080051 55.50800938 0 P 0
L 29.4540051 59.80000994 29.7080051 59.29200994 0 P 0
L 29.4540051 59.80000994 29.7080051 60.30800994 0 P 0
L 29.4540051 62.20001022 29.7080051 61.69201022 0 P 0
L 29.4540051 62.20001022 29.7080051 62.70801022 0 P 0
L 29.49520644 3.09520336 29.64760644 3.40000336 0 P 0
L 29.49520644 3.09520336 29.80000644 3.24760336 0 P 0
L 29.49520644 3.70480336 29.64760644 3.40000336 0 P 0
L 29.49520644 3.70480336 29.80000644 3.55240336 0 P 0
L 29.49520644 5.49520364 29.64760644 5.80000364 0 P 0
L 29.49520644 5.49520364 29.80000644 5.64760364 0 P 0
L 29.49520644 6.10480364 29.64760644 5.80000364 0 P 0
L 29.49520644 6.10480364 29.80000644 5.95240364 0 P 0
L 29.49520644 12.69520448 29.64760644 13.00000448 0 P 0
L 29.49520644 12.69520448 29.80000644 12.84760448 0 P 0
L 29.49520644 13.30480448 29.64760644 13.00000448 0 P 0
L 29.49520644 13.30480448 29.80000644 13.15240448 0 P 0
L 29.49520644 15.09520476 29.64760644 15.40000476 0 P 0
L 29.49520644 15.09520476 29.80000644 15.24760476 0 P 0
L 29.49520644 15.70480476 29.64760644 15.40000476 0 P 0
L 29.49520644 15.70480476 29.80000644 15.55240476 0 P 0
L 29.49520644 17.49520504 29.64760644 17.80000504 0 P 0
L 29.49520644 17.49520504 29.80000644 17.64760504 0 P 0
L 29.49520644 18.10480504 29.64760644 17.80000504 0 P 0
L 29.49520644 18.10480504 29.80000644 17.95240504 0 P 0
L 29.49520644 19.89520532 29.64760644 20.20000532 0 P 0
L 29.49520644 19.89520532 29.80000644 20.04760532 0 P 0
L 29.49520644 20.50480532 29.64760644 20.20000532 0 P 0
L 29.49520644 20.50480532 29.80000644 20.35240532 0 P 0
L 29.49520644 53.49520924 29.64760644 53.80000924 0 P 0
L 29.49520644 53.49520924 29.80000644 53.64760924 0 P 0
L 29.49520644 54.10480924 29.64760644 53.80000924 0 P 0
L 29.49520644 54.10480924 29.80000644 53.95240924 0 P 0
L 29.49520644 58.2952098 29.64760644 58.6000098 0 P 0
L 29.49520644 58.2952098 29.80000644 58.4476098 0 P 0
L 29.49520644 58.9048098 29.64760644 58.6000098 0 P 0
L 29.49520644 58.9048098 29.80000644 58.7524098 0 P 0
L 29.49520644 60.69521008 29.64760644 61.00001008 0 P 0
L 29.49520644 60.69521008 29.80000644 60.84761008 0 P 0
L 29.49520644 61.30481008 29.64760644 61.00001008 0 P 0
L 29.49520644 61.30481008 29.80000644 61.15241008 0 P 0
L 29.49520644 63.09521036 29.64760644 63.40001036 0 P 0
L 29.49520644 63.09521036 29.80000644 63.24761036 0 P 0
L 29.49520644 63.70481036 29.64760644 63.40001036 0 P 0
L 29.49520644 63.70481036 29.80000644 63.55241036 0 P 0
L 29.80000644 3.14600336 30.30800644 2.89200336 0 P 0
L 29.80000644 3.24760336 30.10480644 3.09520336 0 P 0
L 29.80000644 3.55240336 30.10480644 3.70480336 0 P 0
L 29.80000644 3.65400336 30.30800644 3.90800336 0 P 0
L 29.80000644 5.54600364 30.30800644 5.29200364 0 P 0
L 29.80000644 5.64760364 30.10480644 5.49520364 0 P 0
L 29.80000644 5.95240364 30.10480644 6.10480364 0 P 0
L 29.80000644 6.05400364 30.30800644 6.30800364 0 P 0
L 29.80000644 12.74600448 30.30800644 12.49200448 0 P 0
L 29.80000644 12.84760448 30.10480644 12.69520448 0 P 0
L 29.80000644 13.15240448 30.10480644 13.30480448 0 P 0
L 29.80000644 13.25400448 30.30800644 13.50800448 0 P 0
L 29.80000644 15.14600476 30.30800644 14.89200476 0 P 0
L 29.80000644 15.24760476 30.10480644 15.09520476 0 P 0
L 29.80000644 15.55240476 30.10480644 15.70480476 0 P 0
L 29.80000644 15.65400476 30.30800644 15.90800476 0 P 0
L 29.80000644 17.54600504 30.30800644 17.29200504 0 P 0
L 29.80000644 17.64760504 30.10480644 17.49520504 0 P 0
L 29.80000644 17.95240504 30.10480644 18.10480504 0 P 0
L 29.80000644 18.05400504 30.30800644 18.30800504 0 P 0
L 29.80000644 19.94600532 30.30800644 19.69200532 0 P 0
L 29.80000644 20.04760532 30.10480644 19.89520532 0 P 0
L 29.80000644 20.35240532 30.10480644 20.50480532 0 P 0
L 29.80000644 20.45400532 30.30800644 20.70800532 0 P 0
L 29.80000644 53.54600924 30.30800644 53.29200924 0 P 0
L 29.80000644 53.64760924 30.10480644 53.49520924 0 P 0
L 29.80000644 53.95240924 30.10480644 54.10480924 0 P 0
L 29.80000644 54.05400924 30.30800644 54.30800924 0 P 0
L 29.80000644 58.3460098 30.30800644 58.0920098 0 P 0
L 29.80000644 58.4476098 30.10480644 58.2952098 0 P 0
L 29.80000644 58.7524098 30.10480644 58.9048098 0 P 0
L 29.80000644 58.8540098 30.30800644 59.1080098 0 P 0
L 29.80000644 60.74601008 30.30800644 60.49201008 0 P 0
L 29.80000644 60.84761008 30.10480644 60.69521008 0 P 0
L 29.80000644 61.15241008 30.10480644 61.30481008 0 P 0
L 29.80000644 61.25401008 30.30800644 61.50801008 0 P 0
L 29.80000644 63.14601036 30.30800644 62.89201036 0 P 0
L 29.80000644 63.24761036 30.10480644 63.09521036 0 P 0
L 29.80000644 63.55241036 30.10480644 63.70481036 0 P 0
L 29.80000644 63.65401036 30.30800644 63.90801036 0 P 0
L 29.89200524 1.69200322 30.14600524 2.20000322 0 P 0
L 29.89200524 1.69200322 30.40000524 1.94600322 0 P 0
L 29.89200524 2.70800322 30.14600524 2.20000322 0 P 0
L 29.89200524 2.70800322 30.40000524 2.45400322 0 P 0
L 29.89200524 4.0920035 30.14600524 4.6000035 0 P 0
L 29.89200524 4.0920035 30.40000524 4.3460035 0 P 0
L 29.89200524 5.1080035 30.14600524 4.6000035 0 P 0
L 29.89200524 5.1080035 30.40000524 4.8540035 0 P 0
L 29.89200524 6.49200378 30.14600524 7.00000378 0 P 0
L 29.89200524 6.49200378 30.40000524 6.74600378 0 P 0
L 29.89200524 7.50800378 30.14600524 7.00000378 0 P 0
L 29.89200524 7.50800378 30.40000524 7.25400378 0 P 0
L 29.89200524 8.89200406 30.14600524 9.40000406 0 P 0
L 29.89200524 8.89200406 30.40000524 9.14600406 0 P 0
L 29.89200524 9.90800406 30.14600524 9.40000406 0 P 0
L 29.89200524 9.90800406 30.40000524 9.65400406 0 P 0
L 29.89200524 13.69200462 30.14600524 14.20000462 0 P 0
L 29.89200524 13.69200462 30.40000524 13.94600462 0 P 0
L 29.89200524 14.70800462 30.14600524 14.20000462 0 P 0
L 29.89200524 14.70800462 30.40000524 14.45400462 0 P 0
L 29.89200524 16.0920049 30.14600524 16.6000049 0 P 0
L 29.89200524 16.0920049 30.40000524 16.3460049 0 P 0
L 29.89200524 17.1080049 30.14600524 16.6000049 0 P 0
L 29.89200524 17.1080049 30.40000524 16.8540049 0 P 0
L 29.89200524 18.49200518 30.14600524 19.00000518 0 P 0
L 29.89200524 18.49200518 30.40000524 18.74600518 0 P 0
L 29.89200524 19.50800518 30.14600524 19.00000518 0 P 0
L 29.89200524 19.50800518 30.40000524 19.25400518 0 P 0
L 29.89200524 20.89200546 30.14600524 21.40000546 0 P 0
L 29.89200524 20.89200546 30.40000524 21.14600546 0 P 0
L 29.89200524 21.90800546 30.14600524 21.40000546 0 P 0
L 29.89200524 21.90800546 30.40000524 21.65400546 0 P 0
L 29.89200524 23.29200574 30.14600524 23.80000574 0 P 0
L 29.89200524 23.29200574 30.40000524 23.54600574 0 P 0
L 29.89200524 24.30800574 30.14600524 23.80000574 0 P 0
L 29.89200524 24.30800574 30.40000524 24.05400574 0 P 0
L 29.89200524 49.69200882 30.14600524 50.20000882 0 P 0
L 29.89200524 49.69200882 30.40000524 49.94600882 0 P 0
L 29.89200524 50.70800882 30.14600524 50.20000882 0 P 0
L 29.89200524 50.70800882 30.40000524 50.45400882 0 P 0
L 29.89200524 54.49200938 30.14600524 55.00000938 0 P 0
L 29.89200524 54.49200938 30.40000524 54.74600938 0 P 0
L 29.89200524 55.50800938 30.14600524 55.00000938 0 P 0
L 29.89200524 55.50800938 30.40000524 55.25400938 0 P 0
L 29.89200524 59.29200994 30.14600524 59.80000994 0 P 0
L 29.89200524 59.29200994 30.40000524 59.54600994 0 P 0
L 29.89200524 60.30800994 30.14600524 59.80000994 0 P 0
L 29.89200524 60.30800994 30.40000524 60.05400994 0 P 0
L 29.89200524 61.69201022 30.14600524 62.20001022 0 P 0
L 29.89200524 61.69201022 30.40000524 61.94601022 0 P 0
L 29.89200524 62.70801022 30.14600524 62.20001022 0 P 0
L 29.89200524 62.70801022 30.40000524 62.45401022 0 P 0
L 29.95240644 3.40000336 30.10480644 3.09520336 0 P 0
L 29.95240644 3.40000336 30.10480644 3.70480336 0 P 0
L 29.95240644 5.80000364 30.10480644 5.49520364 0 P 0
L 29.95240644 5.80000364 30.10480644 6.10480364 0 P 0
L 29.95240644 13.00000448 30.10480644 12.69520448 0 P 0
L 29.95240644 13.00000448 30.10480644 13.30480448 0 P 0
L 29.95240644 15.40000476 30.10480644 15.09520476 0 P 0
L 29.95240644 15.40000476 30.10480644 15.70480476 0 P 0
L 29.95240644 17.80000504 30.10480644 17.49520504 0 P 0
L 29.95240644 17.80000504 30.10480644 18.10480504 0 P 0
L 29.95240644 20.20000532 30.10480644 19.89520532 0 P 0
L 29.95240644 20.20000532 30.10480644 20.50480532 0 P 0
L 29.95240644 53.80000924 30.10480644 53.49520924 0 P 0
L 29.95240644 53.80000924 30.10480644 54.10480924 0 P 0
L 29.95240644 58.6000098 30.10480644 58.2952098 0 P 0
L 29.95240644 58.6000098 30.10480644 58.9048098 0 P 0
L 29.95240644 61.00001008 30.10480644 60.69521008 0 P 0
L 29.95240644 61.00001008 30.10480644 61.30481008 0 P 0
L 29.95240644 63.40001036 30.10480644 63.09521036 0 P 0
L 29.95240644 63.40001036 30.10480644 63.70481036 0 P 0
L 30.05400644 3.40000336 30.30800644 2.89200336 0 P 0
L 30.05400644 3.40000336 30.30800644 3.90800336 0 P 0
L 30.05400644 5.80000364 30.30800644 5.29200364 0 P 0
L 30.05400644 5.80000364 30.30800644 6.30800364 0 P 0
L 30.05400644 13.00000448 30.30800644 12.49200448 0 P 0
L 30.05400644 13.00000448 30.30800644 13.50800448 0 P 0
L 30.05400644 15.40000476 30.30800644 14.89200476 0 P 0
L 30.05400644 15.40000476 30.30800644 15.90800476 0 P 0
L 30.05400644 17.80000504 30.30800644 17.29200504 0 P 0
L 30.05400644 17.80000504 30.30800644 18.30800504 0 P 0
L 30.05400644 20.20000532 30.30800644 19.69200532 0 P 0
L 30.05400644 20.20000532 30.30800644 20.70800532 0 P 0
L 30.05400644 53.80000924 30.30800644 53.29200924 0 P 0
L 30.05400644 53.80000924 30.30800644 54.30800924 0 P 0
L 30.05400644 58.6000098 30.30800644 58.0920098 0 P 0
L 30.05400644 58.6000098 30.30800644 59.1080098 0 P 0
L 30.05400644 61.00001008 30.30800644 60.49201008 0 P 0
L 30.05400644 61.00001008 30.30800644 61.50801008 0 P 0
L 30.05400644 63.40001036 30.30800644 62.89201036 0 P 0
L 30.05400644 63.40001036 30.30800644 63.90801036 0 P 0
L 30.09520524 1.89520322 30.24760524 2.20000322 0 P 0
L 30.09520524 1.89520322 30.40000524 2.04760322 0 P 0
L 30.09520524 2.50480322 30.24760524 2.20000322 0 P 0
L 30.09520524 2.50480322 30.40000524 2.35240322 0 P 0
L 30.09520524 4.2952035 30.24760524 4.6000035 0 P 0
L 30.09520524 4.2952035 30.40000524 4.4476035 0 P 0
L 30.09520524 4.9048035 30.24760524 4.6000035 0 P 0
L 30.09520524 4.9048035 30.40000524 4.7524035 0 P 0
L 30.09520524 6.69520378 30.24760524 7.00000378 0 P 0
L 30.09520524 6.69520378 30.40000524 6.84760378 0 P 0
L 30.09520524 7.30480378 30.24760524 7.00000378 0 P 0
L 30.09520524 7.30480378 30.40000524 7.15240378 0 P 0
L 30.09520524 9.09520406 30.24760524 9.40000406 0 P 0
L 30.09520524 9.09520406 30.40000524 9.24760406 0 P 0
L 30.09520524 9.70480406 30.24760524 9.40000406 0 P 0
L 30.09520524 9.70480406 30.40000524 9.55240406 0 P 0
L 30.09520524 13.89520462 30.24760524 14.20000462 0 P 0
L 30.09520524 13.89520462 30.40000524 14.04760462 0 P 0
L 30.09520524 14.50480462 30.24760524 14.20000462 0 P 0
L 30.09520524 14.50480462 30.40000524 14.35240462 0 P 0
L 30.09520524 16.2952049 30.24760524 16.6000049 0 P 0
L 30.09520524 16.2952049 30.40000524 16.4476049 0 P 0
L 30.09520524 16.9048049 30.24760524 16.6000049 0 P 0
L 30.09520524 16.9048049 30.40000524 16.7524049 0 P 0
L 30.09520524 18.69520518 30.24760524 19.00000518 0 P 0
L 30.09520524 18.69520518 30.40000524 18.84760518 0 P 0
L 30.09520524 19.30480518 30.24760524 19.00000518 0 P 0
L 30.09520524 19.30480518 30.40000524 19.15240518 0 P 0
L 30.09520524 21.09520546 30.24760524 21.40000546 0 P 0
L 30.09520524 21.09520546 30.40000524 21.24760546 0 P 0
L 30.09520524 21.70480546 30.24760524 21.40000546 0 P 0
L 30.09520524 21.70480546 30.40000524 21.55240546 0 P 0
L 30.09520524 23.49520574 30.24760524 23.80000574 0 P 0
L 30.09520524 23.49520574 30.40000524 23.64760574 0 P 0
L 30.09520524 24.10480574 30.24760524 23.80000574 0 P 0
L 30.09520524 24.10480574 30.40000524 23.95240574 0 P 0
L 30.09520524 49.89520882 30.24760524 50.20000882 0 P 0
L 30.09520524 49.89520882 30.40000524 50.04760882 0 P 0
L 30.09520524 50.50480882 30.24760524 50.20000882 0 P 0
L 30.09520524 50.50480882 30.40000524 50.35240882 0 P 0
L 30.09520524 54.69520938 30.24760524 55.00000938 0 P 0
L 30.09520524 54.69520938 30.40000524 54.84760938 0 P 0
L 30.09520524 55.30480938 30.24760524 55.00000938 0 P 0
L 30.09520524 55.30480938 30.40000524 55.15240938 0 P 0
L 30.09520524 59.49520994 30.24760524 59.80000994 0 P 0
L 30.09520524 59.49520994 30.40000524 59.64760994 0 P 0
L 30.09520524 60.10480994 30.24760524 59.80000994 0 P 0
L 30.09520524 60.10480994 30.40000524 59.95240994 0 P 0
L 30.09520524 61.89521022 30.24760524 62.20001022 0 P 0
L 30.09520524 61.89521022 30.40000524 62.04761022 0 P 0
L 30.09520524 62.50481022 30.24760524 62.20001022 0 P 0
L 30.09520524 62.50481022 30.40000524 62.35241022 0 P 0
L 30.40000524 1.94600322 30.90800524 1.69200322 0 P 0
L 30.40000524 2.04760322 30.70480524 1.89520322 0 P 0
L 30.40000524 2.35240322 30.70480524 2.50480322 0 P 0
L 30.40000524 2.45400322 30.90800524 2.70800322 0 P 0
L 30.40000524 4.3460035 30.90800524 4.0920035 0 P 0
L 30.40000524 4.4476035 30.70480524 4.2952035 0 P 0
L 30.40000524 4.7524035 30.70480524 4.9048035 0 P 0
L 30.40000524 4.8540035 30.90800524 5.1080035 0 P 0
L 30.40000524 6.74600378 30.90800524 6.49200378 0 P 0
L 30.40000524 6.84760378 30.70480524 6.69520378 0 P 0
L 30.40000524 7.15240378 30.70480524 7.30480378 0 P 0
L 30.40000524 7.25400378 30.90800524 7.50800378 0 P 0
L 30.40000524 9.14600406 30.90800524 8.89200406 0 P 0
L 30.40000524 9.24760406 30.70480524 9.09520406 0 P 0
L 30.40000524 9.55240406 30.70480524 9.70480406 0 P 0
L 30.40000524 9.65400406 30.90800524 9.90800406 0 P 0
L 30.40000524 13.94600462 30.90800524 13.69200462 0 P 0
L 30.40000524 14.04760462 30.70480524 13.89520462 0 P 0
L 30.40000524 14.35240462 30.70480524 14.50480462 0 P 0
L 30.40000524 14.45400462 30.90800524 14.70800462 0 P 0
L 30.40000524 16.3460049 30.90800524 16.0920049 0 P 0
L 30.40000524 16.4476049 30.70480524 16.2952049 0 P 0
L 30.40000524 16.7524049 30.70480524 16.9048049 0 P 0
L 30.40000524 16.8540049 30.90800524 17.1080049 0 P 0
L 30.40000524 18.74600518 30.90800524 18.49200518 0 P 0
L 30.40000524 18.84760518 30.70480524 18.69520518 0 P 0
L 30.40000524 19.15240518 30.70480524 19.30480518 0 P 0
L 30.40000524 19.25400518 30.90800524 19.50800518 0 P 0
L 30.40000524 21.14600546 30.90800524 20.89200546 0 P 0
L 30.40000524 21.24760546 30.70480524 21.09520546 0 P 0
L 30.40000524 21.55240546 30.70480524 21.70480546 0 P 0
L 30.40000524 21.65400546 30.90800524 21.90800546 0 P 0
L 30.40000524 23.54600574 30.90800524 23.29200574 0 P 0
L 30.40000524 23.64760574 30.70480524 23.49520574 0 P 0
L 30.40000524 23.95240574 30.70480524 24.10480574 0 P 0
L 30.40000524 24.05400574 30.90800524 24.30800574 0 P 0
L 30.40000524 49.94600882 30.90800524 49.69200882 0 P 0
L 30.40000524 50.04760882 30.70480524 49.89520882 0 P 0
L 30.40000524 50.35240882 30.70480524 50.50480882 0 P 0
L 30.40000524 50.45400882 30.90800524 50.70800882 0 P 0
L 30.40000524 54.74600938 30.90800524 54.49200938 0 P 0
L 30.40000524 54.84760938 30.70480524 54.69520938 0 P 0
L 30.40000524 55.15240938 30.70480524 55.30480938 0 P 0
L 30.40000524 55.25400938 30.90800524 55.50800938 0 P 0
L 30.40000524 59.54600994 30.90800524 59.29200994 0 P 0
L 30.40000524 59.64760994 30.70480524 59.49520994 0 P 0
L 30.40000524 59.95240994 30.70480524 60.10480994 0 P 0
L 30.40000524 60.05400994 30.90800524 60.30800994 0 P 0
L 30.40000524 61.94601022 30.90800524 61.69201022 0 P 0
L 30.40000524 62.04761022 30.70480524 61.89521022 0 P 0
L 30.40000524 62.35241022 30.70480524 62.50481022 0 P 0
L 30.40000524 62.45401022 30.90800524 62.70801022 0 P 0
L 30.49200658 2.89200336 30.74600658 3.40000336 0 P 0
L 30.49200658 2.89200336 31.00000658 3.14600336 0 P 0
L 30.49200658 3.90800336 30.74600658 3.40000336 0 P 0
L 30.49200658 3.90800336 31.00000658 3.65400336 0 P 0
L 30.49200658 5.29200364 30.74600658 5.80000364 0 P 0
L 30.49200658 5.29200364 31.00000658 5.54600364 0 P 0
L 30.49200658 6.30800364 30.74600658 5.80000364 0 P 0
L 30.49200658 6.30800364 31.00000658 6.05400364 0 P 0
L 30.49200658 7.69200392 30.74600658 8.20000392 0 P 0
L 30.49200658 7.69200392 31.00000658 7.94600392 0 P 0
L 30.49200658 8.70800392 30.74600658 8.20000392 0 P 0
L 30.49200658 8.70800392 31.00000658 8.45400392 0 P 0
L 30.49200658 12.49200448 30.74600658 13.00000448 0 P 0
L 30.49200658 12.49200448 31.00000658 12.74600448 0 P 0
L 30.49200658 13.50800448 30.74600658 13.00000448 0 P 0
L 30.49200658 13.50800448 31.00000658 13.25400448 0 P 0
L 30.49200658 14.89200476 30.74600658 15.40000476 0 P 0
L 30.49200658 14.89200476 31.00000658 15.14600476 0 P 0
L 30.49200658 15.90800476 30.74600658 15.40000476 0 P 0
L 30.49200658 15.90800476 31.00000658 15.65400476 0 P 0
L 30.49200658 17.29200504 30.74600658 17.80000504 0 P 0
L 30.49200658 17.29200504 31.00000658 17.54600504 0 P 0
L 30.49200658 18.30800504 30.74600658 17.80000504 0 P 0
L 30.49200658 18.30800504 31.00000658 18.05400504 0 P 0
L 30.49200658 19.69200532 30.74600658 20.20000532 0 P 0
L 30.49200658 19.69200532 31.00000658 19.94600532 0 P 0
L 30.49200658 20.70800532 30.74600658 20.20000532 0 P 0
L 30.49200658 20.70800532 31.00000658 20.45400532 0 P 0
L 30.49200658 24.49200588 30.74600658 25.00000588 0 P 0
L 30.49200658 24.49200588 31.00000658 24.74600588 0 P 0
L 30.49200658 25.50800588 30.74600658 25.00000588 0 P 0
L 30.49200658 25.50800588 31.00000658 25.25400588 0 P 0
L 30.49200658 50.89200896 30.74600658 51.40000896 0 P 0
L 30.49200658 50.89200896 31.00000658 51.14600896 0 P 0
L 30.49200658 51.90800896 30.74600658 51.40000896 0 P 0
L 30.49200658 51.90800896 31.00000658 51.65400896 0 P 0
L 30.49200658 53.29200924 30.74600658 53.80000924 0 P 0
L 30.49200658 53.29200924 31.00000658 53.54600924 0 P 0
L 30.49200658 54.30800924 30.74600658 53.80000924 0 P 0
L 30.49200658 54.30800924 31.00000658 54.05400924 0 P 0
L 30.49200658 55.69200952 30.74600658 56.20000952 0 P 0
L 30.49200658 55.69200952 31.00000658 55.94600952 0 P 0
L 30.49200658 56.70800952 30.74600658 56.20000952 0 P 0
L 30.49200658 56.70800952 31.00000658 56.45400952 0 P 0
L 30.49200658 58.0920098 30.74600658 58.6000098 0 P 0
L 30.49200658 58.0920098 31.00000658 58.3460098 0 P 0
L 30.49200658 59.1080098 30.74600658 58.6000098 0 P 0
L 30.49200658 59.1080098 31.00000658 58.8540098 0 P 0
L 30.49200658 60.49201008 30.74600658 61.00001008 0 P 0
L 30.49200658 60.49201008 31.00000658 60.74601008 0 P 0
L 30.49200658 61.50801008 30.74600658 61.00001008 0 P 0
L 30.49200658 61.50801008 31.00000658 61.25401008 0 P 0
L 30.49200658 62.89201036 30.74600658 63.40001036 0 P 0
L 30.49200658 62.89201036 31.00000658 63.14601036 0 P 0
L 30.49200658 63.90801036 30.74600658 63.40001036 0 P 0
L 30.49200658 63.90801036 31.00000658 63.65401036 0 P 0
L 30.55240524 2.20000322 30.70480524 1.89520322 0 P 0
L 30.55240524 2.20000322 30.70480524 2.50480322 0 P 0
L 30.55240524 4.6000035 30.70480524 4.2952035 0 P 0
L 30.55240524 4.6000035 30.70480524 4.9048035 0 P 0
L 30.55240524 7.00000378 30.70480524 6.69520378 0 P 0
L 30.55240524 7.00000378 30.70480524 7.30480378 0 P 0
L 30.55240524 9.40000406 30.70480524 9.09520406 0 P 0
L 30.55240524 9.40000406 30.70480524 9.70480406 0 P 0
L 30.55240524 14.20000462 30.70480524 13.89520462 0 P 0
L 30.55240524 14.20000462 30.70480524 14.50480462 0 P 0
L 30.55240524 16.6000049 30.70480524 16.2952049 0 P 0
L 30.55240524 16.6000049 30.70480524 16.9048049 0 P 0
L 30.55240524 19.00000518 30.70480524 18.69520518 0 P 0
L 30.55240524 19.00000518 30.70480524 19.30480518 0 P 0
L 30.55240524 21.40000546 30.70480524 21.09520546 0 P 0
L 30.55240524 21.40000546 30.70480524 21.70480546 0 P 0
L 30.55240524 23.80000574 30.70480524 23.49520574 0 P 0
L 30.55240524 23.80000574 30.70480524 24.10480574 0 P 0
L 30.55240524 50.20000882 30.70480524 49.89520882 0 P 0
L 30.55240524 50.20000882 30.70480524 50.50480882 0 P 0
L 30.55240524 55.00000938 30.70480524 54.69520938 0 P 0
L 30.55240524 55.00000938 30.70480524 55.30480938 0 P 0
L 30.55240524 59.80000994 30.70480524 59.49520994 0 P 0
L 30.55240524 59.80000994 30.70480524 60.10480994 0 P 0
L 30.55240524 62.20001022 30.70480524 61.89521022 0 P 0
L 30.55240524 62.20001022 30.70480524 62.50481022 0 P 0
L 30.59999976 47.41159682 30.811597 47.19999958 0 P 0
L 30.59999976 48.25799086 30.59999976 47.41159682 0 P 0
L 30.59999976 48.79999892 31.23479402 48.79999892 0 P 0
L 30.59999976 49.43479318 31.23479402 49.43479318 0 P 0
L 30.59999976 50.06958744 30.59999976 48.79999892 0 P 0
L 30.65400524 2.20000322 30.90800524 1.69200322 0 P 0
L 30.65400524 2.20000322 30.90800524 2.70800322 0 P 0
L 30.65400524 4.6000035 30.90800524 4.0920035 0 P 0
L 30.65400524 4.6000035 30.90800524 5.1080035 0 P 0
L 30.65400524 7.00000378 30.90800524 6.49200378 0 P 0
L 30.65400524 7.00000378 30.90800524 7.50800378 0 P 0
L 30.65400524 9.40000406 30.90800524 8.89200406 0 P 0
L 30.65400524 9.40000406 30.90800524 9.90800406 0 P 0
L 30.65400524 14.20000462 30.90800524 13.69200462 0 P 0
L 30.65400524 14.20000462 30.90800524 14.70800462 0 P 0
L 30.65400524 16.6000049 30.90800524 16.0920049 0 P 0
L 30.65400524 16.6000049 30.90800524 17.1080049 0 P 0
L 30.65400524 19.00000518 30.90800524 18.49200518 0 P 0
L 30.65400524 19.00000518 30.90800524 19.50800518 0 P 0
L 30.65400524 21.40000546 30.90800524 20.89200546 0 P 0
L 30.65400524 21.40000546 30.90800524 21.90800546 0 P 0
L 30.65400524 23.80000574 30.90800524 23.29200574 0 P 0
L 30.65400524 23.80000574 30.90800524 24.30800574 0 P 0
L 30.65400524 50.20000882 30.90800524 49.69200882 0 P 0
L 30.65400524 50.20000882 30.90800524 50.70800882 0 P 0
L 30.65400524 55.00000938 30.90800524 54.49200938 0 P 0
L 30.65400524 55.00000938 30.90800524 55.50800938 0 P 0
L 30.65400524 59.80000994 30.90800524 59.29200994 0 P 0
L 30.65400524 59.80000994 30.90800524 60.30800994 0 P 0
L 30.65400524 62.20001022 30.90800524 61.69201022 0 P 0
L 30.65400524 62.20001022 30.90800524 62.70801022 0 P 0
L 30.69520658 3.09520336 30.84760658 3.40000336 0 P 0
L 30.69520658 3.09520336 31.00000658 3.24760336 0 P 0
L 30.69520658 3.70480336 30.84760658 3.40000336 0 P 0
L 30.69520658 3.70480336 31.00000658 3.55240336 0 P 0
L 30.69520658 5.49520364 30.84760658 5.80000364 0 P 0
L 30.69520658 5.49520364 31.00000658 5.64760364 0 P 0
L 30.69520658 6.10480364 30.84760658 5.80000364 0 P 0
L 30.69520658 6.10480364 31.00000658 5.95240364 0 P 0
L 30.69520658 7.89520392 30.84760658 8.20000392 0 P 0
L 30.69520658 7.89520392 31.00000658 8.04760392 0 P 0
L 30.69520658 8.50480392 30.84760658 8.20000392 0 P 0
L 30.69520658 8.50480392 31.00000658 8.35240392 0 P 0
L 30.69520658 12.69520448 30.84760658 13.00000448 0 P 0
L 30.69520658 12.69520448 31.00000658 12.84760448 0 P 0
L 30.69520658 13.30480448 30.84760658 13.00000448 0 P 0
L 30.69520658 13.30480448 31.00000658 13.15240448 0 P 0
L 30.69520658 15.09520476 30.84760658 15.40000476 0 P 0
L 30.69520658 15.09520476 31.00000658 15.24760476 0 P 0
L 30.69520658 15.70480476 30.84760658 15.40000476 0 P 0
L 30.69520658 15.70480476 31.00000658 15.55240476 0 P 0
L 30.69520658 17.49520504 30.84760658 17.80000504 0 P 0
L 30.69520658 17.49520504 31.00000658 17.64760504 0 P 0
L 30.69520658 18.10480504 30.84760658 17.80000504 0 P 0
L 30.69520658 18.10480504 31.00000658 17.95240504 0 P 0
L 30.69520658 19.89520532 30.84760658 20.20000532 0 P 0
L 30.69520658 19.89520532 31.00000658 20.04760532 0 P 0
L 30.69520658 20.50480532 30.84760658 20.20000532 0 P 0
L 30.69520658 20.50480532 31.00000658 20.35240532 0 P 0
L 30.69520658 24.69520588 30.84760658 25.00000588 0 P 0
L 30.69520658 24.69520588 31.00000658 24.84760588 0 P 0
L 30.69520658 25.30480588 30.84760658 25.00000588 0 P 0
L 30.69520658 25.30480588 31.00000658 25.15240588 0 P 0
L 30.69520658 51.09520896 30.84760658 51.40000896 0 P 0
L 30.69520658 51.09520896 31.00000658 51.24760896 0 P 0
L 30.69520658 51.70480896 30.84760658 51.40000896 0 P 0
L 30.69520658 51.70480896 31.00000658 51.55240896 0 P 0
L 30.69520658 53.49520924 30.84760658 53.80000924 0 P 0
L 30.69520658 53.49520924 31.00000658 53.64760924 0 P 0
L 30.69520658 54.10480924 30.84760658 53.80000924 0 P 0
L 30.69520658 54.10480924 31.00000658 53.95240924 0 P 0
L 30.69520658 55.89520952 30.84760658 56.20000952 0 P 0
L 30.69520658 55.89520952 31.00000658 56.04760952 0 P 0
L 30.69520658 56.50480952 30.84760658 56.20000952 0 P 0
L 30.69520658 56.50480952 31.00000658 56.35240952 0 P 0
L 30.69520658 58.2952098 30.84760658 58.6000098 0 P 0
L 30.69520658 58.2952098 31.00000658 58.4476098 0 P 0
L 30.69520658 58.9048098 30.84760658 58.6000098 0 P 0
L 30.69520658 58.9048098 31.00000658 58.7524098 0 P 0
L 30.69520658 60.69521008 30.84760658 61.00001008 0 P 0
L 30.69520658 60.69521008 31.00000658 60.84761008 0 P 0
L 30.69520658 61.30481008 30.84760658 61.00001008 0 P 0
L 30.69520658 61.30481008 31.00000658 61.15241008 0 P 0
L 30.69520658 63.09521036 30.84760658 63.40001036 0 P 0
L 30.69520658 63.09521036 31.00000658 63.24761036 0 P 0
L 30.69520658 63.70481036 30.84760658 63.40001036 0 P 0
L 30.69520658 63.70481036 31.00000658 63.55241036 0 P 0
L 30.811597 47.19999958 31.23479402 47.19999958 0 P 0
L 30.811597 48.4695881 30.59999976 48.25799086 0 P 0
L 31.00000658 3.14600336 31.50800658 2.89200336 0 P 0
L 31.00000658 3.24760336 31.30480658 3.09520336 0 P 0
L 31.00000658 3.55240336 31.30480658 3.70480336 0 P 0
L 31.00000658 3.65400336 31.50800658 3.90800336 0 P 0
L 31.00000658 5.54600364 31.50800658 5.29200364 0 P 0
L 31.00000658 5.64760364 31.30480658 5.49520364 0 P 0
L 31.00000658 5.95240364 31.30480658 6.10480364 0 P 0
L 31.00000658 6.05400364 31.50800658 6.30800364 0 P 0
L 31.00000658 7.94600392 31.50800658 7.69200392 0 P 0
L 31.00000658 8.04760392 31.30480658 7.89520392 0 P 0
L 31.00000658 8.35240392 31.30480658 8.50480392 0 P 0
L 31.00000658 8.45400392 31.50800658 8.70800392 0 P 0
L 31.00000658 12.74600448 31.50800658 12.49200448 0 P 0
L 31.00000658 12.84760448 31.30480658 12.69520448 0 P 0
L 31.00000658 13.15240448 31.30480658 13.30480448 0 P 0
L 31.00000658 13.25400448 31.50800658 13.50800448 0 P 0
L 31.00000658 15.14600476 31.50800658 14.89200476 0 P 0
L 31.00000658 15.24760476 31.30480658 15.09520476 0 P 0
L 31.00000658 15.55240476 31.30480658 15.70480476 0 P 0
L 31.00000658 15.65400476 31.50800658 15.90800476 0 P 0
L 31.00000658 17.54600504 31.50800658 17.29200504 0 P 0
L 31.00000658 17.64760504 31.30480658 17.49520504 0 P 0
L 31.00000658 17.95240504 31.30480658 18.10480504 0 P 0
L 31.00000658 18.05400504 31.50800658 18.30800504 0 P 0
L 31.00000658 19.94600532 31.50800658 19.69200532 0 P 0
L 31.00000658 20.04760532 31.30480658 19.89520532 0 P 0
L 31.00000658 20.35240532 31.30480658 20.50480532 0 P 0
L 31.00000658 20.45400532 31.50800658 20.70800532 0 P 0
L 31.00000658 24.74600588 31.50800658 24.49200588 0 P 0
L 31.00000658 24.84760588 31.30480658 24.69520588 0 P 0
L 31.00000658 25.15240588 31.30480658 25.30480588 0 P 0
L 31.00000658 25.25400588 31.50800658 25.50800588 0 P 0
L 31.00000658 51.14600896 31.50800658 50.89200896 0 P 0
L 31.00000658 51.24760896 31.30480658 51.09520896 0 P 0
L 31.00000658 51.55240896 31.30480658 51.70480896 0 P 0
L 31.00000658 51.65400896 31.50800658 51.90800896 0 P 0
L 31.00000658 53.54600924 31.50800658 53.29200924 0 P 0
L 31.00000658 53.64760924 31.30480658 53.49520924 0 P 0
L 31.00000658 53.95240924 31.30480658 54.10480924 0 P 0
L 31.00000658 54.05400924 31.50800658 54.30800924 0 P 0
L 31.00000658 55.94600952 31.50800658 55.69200952 0 P 0
L 31.00000658 56.04760952 31.30480658 55.89520952 0 P 0
L 31.00000658 56.35240952 31.30480658 56.50480952 0 P 0
L 31.00000658 56.45400952 31.50800658 56.70800952 0 P 0
L 31.00000658 58.3460098 31.50800658 58.0920098 0 P 0
L 31.00000658 58.4476098 31.30480658 58.2952098 0 P 0
L 31.00000658 58.7524098 31.30480658 58.9048098 0 P 0
L 31.00000658 58.8540098 31.50800658 59.1080098 0 P 0
L 31.00000658 60.74601008 31.50800658 60.49201008 0 P 0
L 31.00000658 60.84761008 31.30480658 60.69521008 0 P 0
L 31.00000658 61.15241008 31.30480658 61.30481008 0 P 0
L 31.00000658 61.25401008 31.50800658 61.50801008 0 P 0
L 31.00000658 63.14601036 31.50800658 62.89201036 0 P 0
L 31.00000658 63.24761036 31.30480658 63.09521036 0 P 0
L 31.00000658 63.55241036 31.30480658 63.70481036 0 P 0
L 31.00000658 63.65401036 31.50800658 63.90801036 0 P 0
L 31.09200538 1.69200322 31.34600538 2.20000322 0 P 0
L 31.09200538 1.69200322 31.60000538 1.94600322 0 P 0
L 31.09200538 2.70800322 31.34600538 2.20000322 0 P 0
L 31.09200538 2.70800322 31.60000538 2.45400322 0 P 0
L 31.09200538 6.49200378 31.34600538 7.00000378 0 P 0
L 31.09200538 6.49200378 31.60000538 6.74600378 0 P 0
L 31.09200538 7.50800378 31.34600538 7.00000378 0 P 0
L 31.09200538 7.50800378 31.60000538 7.25400378 0 P 0
L 31.09200538 8.89200406 31.34600538 9.40000406 0 P 0
L 31.09200538 8.89200406 31.60000538 9.14600406 0 P 0
L 31.09200538 9.90800406 31.34600538 9.40000406 0 P 0
L 31.09200538 9.90800406 31.60000538 9.65400406 0 P 0
L 31.09200538 13.69200462 31.34600538 14.20000462 0 P 0
L 31.09200538 13.69200462 31.60000538 13.94600462 0 P 0
L 31.09200538 14.70800462 31.34600538 14.20000462 0 P 0
L 31.09200538 14.70800462 31.60000538 14.45400462 0 P 0
L 31.09200538 16.0920049 31.34600538 16.6000049 0 P 0
L 31.09200538 16.0920049 31.60000538 16.3460049 0 P 0
L 31.09200538 17.1080049 31.34600538 16.6000049 0 P 0
L 31.09200538 17.1080049 31.60000538 16.8540049 0 P 0
L 31.09200538 18.49200518 31.34600538 19.00000518 0 P 0
L 31.09200538 18.49200518 31.60000538 18.74600518 0 P 0
L 31.09200538 19.50800518 31.34600538 19.00000518 0 P 0
L 31.09200538 19.50800518 31.60000538 19.25400518 0 P 0
L 31.09200538 23.29200574 31.34600538 23.80000574 0 P 0
L 31.09200538 23.29200574 31.60000538 23.54600574 0 P 0
L 31.09200538 24.30800574 31.34600538 23.80000574 0 P 0
L 31.09200538 24.30800574 31.60000538 24.05400574 0 P 0
L 31.09200538 49.69200882 31.34600538 50.20000882 0 P 0
L 31.09200538 49.69200882 31.60000538 49.94600882 0 P 0
L 31.09200538 50.70800882 31.34600538 50.20000882 0 P 0
L 31.09200538 50.70800882 31.60000538 50.45400882 0 P 0
L 31.09200538 52.0920091 31.34600538 52.6000091 0 P 0
L 31.09200538 52.0920091 31.60000538 52.3460091 0 P 0
L 31.09200538 53.1080091 31.34600538 52.6000091 0 P 0
L 31.09200538 53.1080091 31.60000538 52.8540091 0 P 0
L 31.09200538 54.49200938 31.34600538 55.00000938 0 P 0
L 31.09200538 54.49200938 31.60000538 54.74600938 0 P 0
L 31.09200538 55.50800938 31.34600538 55.00000938 0 P 0
L 31.09200538 55.50800938 31.60000538 55.25400938 0 P 0
L 31.09200538 56.89200966 31.34600538 57.40000966 0 P 0
L 31.09200538 56.89200966 31.60000538 57.14600966 0 P 0
L 31.09200538 57.90800966 31.34600538 57.40000966 0 P 0
L 31.09200538 57.90800966 31.60000538 57.65400966 0 P 0
L 31.09200538 59.29200994 31.34600538 59.80000994 0 P 0
L 31.09200538 59.29200994 31.60000538 59.54600994 0 P 0
L 31.09200538 60.30800994 31.34600538 59.80000994 0 P 0
L 31.09200538 60.30800994 31.60000538 60.05400994 0 P 0
L 31.15240658 3.40000336 31.30480658 3.09520336 0 P 0
L 31.15240658 3.40000336 31.30480658 3.70480336 0 P 0
L 31.15240658 5.80000364 31.30480658 5.49520364 0 P 0
L 31.15240658 5.80000364 31.30480658 6.10480364 0 P 0
L 31.15240658 8.20000392 31.30480658 7.89520392 0 P 0
L 31.15240658 8.20000392 31.30480658 8.50480392 0 P 0
L 31.15240658 13.00000448 31.30480658 12.69520448 0 P 0
L 31.15240658 13.00000448 31.30480658 13.30480448 0 P 0
L 31.15240658 15.40000476 31.30480658 15.09520476 0 P 0
L 31.15240658 15.40000476 31.30480658 15.70480476 0 P 0
L 31.15240658 17.80000504 31.30480658 17.49520504 0 P 0
L 31.15240658 17.80000504 31.30480658 18.10480504 0 P 0
L 31.15240658 20.20000532 31.30480658 19.89520532 0 P 0
L 31.15240658 20.20000532 31.30480658 20.50480532 0 P 0
L 31.15240658 25.00000588 31.30480658 24.69520588 0 P 0
L 31.15240658 25.00000588 31.30480658 25.30480588 0 P 0
L 31.15240658 51.40000896 31.30480658 51.09520896 0 P 0
L 31.15240658 51.40000896 31.30480658 51.70480896 0 P 0
L 31.15240658 53.80000924 31.30480658 53.49520924 0 P 0
L 31.15240658 53.80000924 31.30480658 54.10480924 0 P 0
L 31.15240658 56.20000952 31.30480658 55.89520952 0 P 0
L 31.15240658 56.20000952 31.30480658 56.50480952 0 P 0
L 31.15240658 58.6000098 31.30480658 58.2952098 0 P 0
L 31.15240658 58.6000098 31.30480658 58.9048098 0 P 0
L 31.15240658 61.00001008 31.30480658 60.69521008 0 P 0
L 31.15240658 61.00001008 31.30480658 61.30481008 0 P 0
L 31.15240658 63.40001036 31.30480658 63.09521036 0 P 0
L 31.15240658 63.40001036 31.30480658 63.70481036 0 P 0
L 31.21734168 22.0173423 31.47134168 22.5253423 0 P 0
L 31.21734168 22.0173423 31.72534168 22.2713423 0 P 0
L 31.21734168 23.0333423 31.47134168 22.5253423 0 P 0
L 31.21734168 23.0333423 31.72534168 22.7793423 0 P 0
L 31.23479402 47.19999958 31.4463938 47.41159682 0 P 0
L 31.23479402 48.4695881 30.811597 48.4695881 0 P 0
L 31.23479402 48.79999892 31.4463938 49.01159616 0 P 0
L 31.23479402 49.43479318 30.59999976 49.43479318 0 P 0
L 31.23479402 49.43479318 31.4463938 49.64639296 0 P 0
L 31.23479402 50.06958744 30.59999976 50.06958744 0 P 0
L 31.25400658 3.40000336 31.50800658 2.89200336 0 P 0
L 31.25400658 3.40000336 31.50800658 3.90800336 0 P 0
L 31.25400658 5.80000364 31.50800658 5.29200364 0 P 0
L 31.25400658 5.80000364 31.50800658 6.30800364 0 P 0
L 31.25400658 8.20000392 31.50800658 7.69200392 0 P 0
L 31.25400658 8.20000392 31.50800658 8.70800392 0 P 0
L 31.25400658 13.00000448 31.50800658 12.49200448 0 P 0
L 31.25400658 13.00000448 31.50800658 13.50800448 0 P 0
L 31.25400658 15.40000476 31.50800658 14.89200476 0 P 0
L 31.25400658 15.40000476 31.50800658 15.90800476 0 P 0
L 31.25400658 17.80000504 31.50800658 17.29200504 0 P 0
L 31.25400658 17.80000504 31.50800658 18.30800504 0 P 0
L 31.25400658 20.20000532 31.50800658 19.69200532 0 P 0
L 31.25400658 20.20000532 31.50800658 20.70800532 0 P 0
L 31.25400658 25.00000588 31.50800658 24.49200588 0 P 0
L 31.25400658 25.00000588 31.50800658 25.50800588 0 P 0
L 31.25400658 51.40000896 31.50800658 50.89200896 0 P 0
L 31.25400658 51.40000896 31.50800658 51.90800896 0 P 0
L 31.25400658 53.80000924 31.50800658 53.29200924 0 P 0
L 31.25400658 53.80000924 31.50800658 54.30800924 0 P 0
L 31.25400658 56.20000952 31.50800658 55.69200952 0 P 0
L 31.25400658 56.20000952 31.50800658 56.70800952 0 P 0
L 31.25400658 58.6000098 31.50800658 58.0920098 0 P 0
L 31.25400658 58.6000098 31.50800658 59.1080098 0 P 0
L 31.25400658 61.00001008 31.50800658 60.49201008 0 P 0
L 31.25400658 61.00001008 31.50800658 61.50801008 0 P 0
L 31.25400658 63.40001036 31.50800658 62.89201036 0 P 0
L 31.25400658 63.40001036 31.50800658 63.90801036 0 P 0
L 31.29520538 1.89520322 31.44760538 2.20000322 0 P 0
L 31.29520538 1.89520322 31.60000538 2.04760322 0 P 0
L 31.29520538 2.50480322 31.44760538 2.20000322 0 P 0
L 31.29520538 2.50480322 31.60000538 2.35240322 0 P 0
L 31.29520538 6.69520378 31.44760538 7.00000378 0 P 0
L 31.29520538 6.69520378 31.60000538 6.84760378 0 P 0
L 31.29520538 7.30480378 31.44760538 7.00000378 0 P 0
L 31.29520538 7.30480378 31.60000538 7.15240378 0 P 0
L 31.29520538 9.09520406 31.44760538 9.40000406 0 P 0
L 31.29520538 9.09520406 31.60000538 9.24760406 0 P 0
L 31.29520538 9.70480406 31.44760538 9.40000406 0 P 0
L 31.29520538 9.70480406 31.60000538 9.55240406 0 P 0
L 31.29520538 13.89520462 31.44760538 14.20000462 0 P 0
L 31.29520538 13.89520462 31.60000538 14.04760462 0 P 0
L 31.29520538 14.50480462 31.44760538 14.20000462 0 P 0
L 31.29520538 14.50480462 31.60000538 14.35240462 0 P 0
L 31.29520538 16.2952049 31.44760538 16.6000049 0 P 0
L 31.29520538 16.2952049 31.60000538 16.4476049 0 P 0
L 31.29520538 16.9048049 31.44760538 16.6000049 0 P 0
L 31.29520538 16.9048049 31.60000538 16.7524049 0 P 0
L 31.29520538 18.69520518 31.44760538 19.00000518 0 P 0
L 31.29520538 18.69520518 31.60000538 18.84760518 0 P 0
L 31.29520538 19.30480518 31.44760538 19.00000518 0 P 0
L 31.29520538 19.30480518 31.60000538 19.15240518 0 P 0
L 31.29520538 23.49520574 31.44760538 23.80000574 0 P 0
L 31.29520538 23.49520574 31.60000538 23.64760574 0 P 0
L 31.29520538 24.10480574 31.44760538 23.80000574 0 P 0
L 31.29520538 24.10480574 31.60000538 23.95240574 0 P 0
L 31.29520538 49.89520882 31.44760538 50.20000882 0 P 0
L 31.29520538 49.89520882 31.60000538 50.04760882 0 P 0
L 31.29520538 50.50480882 31.44760538 50.20000882 0 P 0
L 31.29520538 50.50480882 31.60000538 50.35240882 0 P 0
L 31.29520538 52.2952091 31.44760538 52.6000091 0 P 0
L 31.29520538 52.2952091 31.60000538 52.4476091 0 P 0
L 31.29520538 52.9048091 31.44760538 52.6000091 0 P 0
L 31.29520538 52.9048091 31.60000538 52.7524091 0 P 0
L 31.29520538 54.69520938 31.44760538 55.00000938 0 P 0
L 31.29520538 54.69520938 31.60000538 54.84760938 0 P 0
L 31.29520538 55.30480938 31.44760538 55.00000938 0 P 0
L 31.29520538 55.30480938 31.60000538 55.15240938 0 P 0
L 31.29520538 57.09520966 31.44760538 57.40000966 0 P 0
L 31.29520538 57.09520966 31.60000538 57.24760966 0 P 0
L 31.29520538 57.70480966 31.44760538 57.40000966 0 P 0
L 31.29520538 57.70480966 31.60000538 57.55240966 0 P 0
L 31.29520538 59.49520994 31.44760538 59.80000994 0 P 0
L 31.29520538 59.49520994 31.60000538 59.64760994 0 P 0
L 31.29520538 60.10480994 31.44760538 59.80000994 0 P 0
L 31.29520538 60.10480994 31.60000538 59.95240994 0 P 0
L 31.4463938 48.25799086 31.23479402 48.4695881 0 P 0
L 31.4463938 49.01159616 31.4463938 49.22319594 0 P 0
L 31.4463938 49.22319594 31.23479402 49.43479318 0 P 0
L 31.4463938 49.64639296 31.4463938 49.8579902 0 P 0
L 31.4463938 49.8579902 31.23479402 50.06958744 0 P 0
L 31.60000538 1.94600322 32.10800538 1.69200322 0 P 0
L 31.60000538 2.04760322 31.90480538 1.89520322 0 P 0
L 31.60000538 2.35240322 31.90480538 2.50480322 0 P 0
L 31.60000538 2.45400322 32.10800538 2.70800322 0 P 0
L 31.60000538 6.74600378 32.10800538 6.49200378 0 P 0
L 31.60000538 6.84760378 31.90480538 6.69520378 0 P 0
L 31.60000538 7.15240378 31.90480538 7.30480378 0 P 0
L 31.60000538 7.25400378 32.10800538 7.50800378 0 P 0
L 31.60000538 9.14600406 32.10800538 8.89200406 0 P 0
L 31.60000538 9.24760406 31.90480538 9.09520406 0 P 0
L 31.60000538 9.55240406 31.90480538 9.70480406 0 P 0
L 31.60000538 9.65400406 32.10800538 9.90800406 0 P 0
L 31.60000538 13.94600462 32.10800538 13.69200462 0 P 0
L 31.60000538 14.04760462 31.90480538 13.89520462 0 P 0
L 31.60000538 14.35240462 31.90480538 14.50480462 0 P 0
L 31.60000538 14.45400462 32.10800538 14.70800462 0 P 0
L 31.60000538 16.3460049 32.10800538 16.0920049 0 P 0
L 31.60000538 16.4476049 31.90480538 16.2952049 0 P 0
L 31.60000538 16.7524049 31.90480538 16.9048049 0 P 0
L 31.60000538 16.8540049 32.10800538 17.1080049 0 P 0
L 31.60000538 18.74600518 32.10800538 18.49200518 0 P 0
L 31.60000538 18.84760518 31.90480538 18.69520518 0 P 0
L 31.60000538 19.15240518 31.90480538 19.30480518 0 P 0
L 31.60000538 19.25400518 32.10800538 19.50800518 0 P 0
L 31.60000538 23.54600574 32.10800538 23.29200574 0 P 0
L 31.60000538 23.64760574 31.90480538 23.49520574 0 P 0
L 31.60000538 23.95240574 31.90480538 24.10480574 0 P 0
L 31.60000538 24.05400574 32.10800538 24.30800574 0 P 0
L 31.60000538 49.94600882 32.10800538 49.69200882 0 P 0
L 31.60000538 50.04760882 31.90480538 49.89520882 0 P 0
L 31.60000538 50.35240882 31.90480538 50.50480882 0 P 0
L 31.60000538 50.45400882 32.10800538 50.70800882 0 P 0
L 31.60000538 52.3460091 32.10800538 52.0920091 0 P 0
L 31.60000538 52.4476091 31.90480538 52.2952091 0 P 0
L 31.60000538 52.7524091 31.90480538 52.9048091 0 P 0
L 31.60000538 52.8540091 32.10800538 53.1080091 0 P 0
L 31.60000538 54.74600938 32.10800538 54.49200938 0 P 0
L 31.60000538 54.84760938 31.90480538 54.69520938 0 P 0
L 31.60000538 55.15240938 31.90480538 55.30480938 0 P 0
L 31.60000538 55.25400938 32.10800538 55.50800938 0 P 0
L 31.60000538 57.14600966 32.10800538 56.89200966 0 P 0
L 31.60000538 57.24760966 31.90480538 57.09520966 0 P 0
L 31.60000538 57.55240966 31.90480538 57.70480966 0 P 0
L 31.60000538 57.65400966 32.10800538 57.90800966 0 P 0
L 31.60000538 59.54600994 32.10800538 59.29200994 0 P 0
L 31.60000538 59.64760994 31.90480538 59.49520994 0 P 0
L 31.60000538 59.95240994 31.90480538 60.10480994 0 P 0
L 31.60000538 60.05400994 32.10800538 60.30800994 0 P 0
L 31.68000014 39.88999896 31.68000014 40.736393 0 P 0
L 31.68000014 40.736393 32.10319716 41.15958748 0 P 0
L 31.69200672 7.69200392 31.94600672 8.20000392 0 P 0
L 31.69200672 7.69200392 32.20000672 7.94600392 0 P 0
L 31.69200672 8.70800392 31.94600672 8.20000392 0 P 0
L 31.69200672 8.70800392 32.20000672 8.45400392 0 P 0
L 31.69200672 12.49200448 31.94600672 13.00000448 0 P 0
L 31.69200672 12.49200448 32.20000672 12.74600448 0 P 0
L 31.69200672 13.50800448 31.94600672 13.00000448 0 P 0
L 31.69200672 13.50800448 32.20000672 13.25400448 0 P 0
L 31.69200672 14.89200476 31.94600672 15.40000476 0 P 0
L 31.69200672 14.89200476 32.20000672 15.14600476 0 P 0
L 31.69200672 15.90800476 31.94600672 15.40000476 0 P 0
L 31.69200672 15.90800476 32.20000672 15.65400476 0 P 0
L 31.69200672 17.29200504 31.94600672 17.80000504 0 P 0
L 31.69200672 17.29200504 32.20000672 17.54600504 0 P 0
L 31.69200672 18.30800504 31.94600672 17.80000504 0 P 0
L 31.69200672 18.30800504 32.20000672 18.05400504 0 P 0
L 31.69200672 19.69200532 31.94600672 20.20000532 0 P 0
L 31.69200672 19.69200532 32.20000672 19.94600532 0 P 0
L 31.69200672 20.70800532 31.94600672 20.20000532 0 P 0
L 31.69200672 20.70800532 32.20000672 20.45400532 0 P 0
L 31.69200672 24.49200588 31.94600672 25.00000588 0 P 0
L 31.69200672 24.49200588 32.20000672 24.74600588 0 P 0
L 31.69200672 25.50800588 31.94600672 25.00000588 0 P 0
L 31.69200672 25.50800588 32.20000672 25.25400588 0 P 0
L 31.69200672 53.29200924 31.94600672 53.80000924 0 P 0
L 31.69200672 53.29200924 32.20000672 53.54600924 0 P 0
L 31.69200672 54.30800924 31.94600672 53.80000924 0 P 0
L 31.69200672 54.30800924 32.20000672 54.05400924 0 P 0
L 31.69200672 55.69200952 31.94600672 56.20000952 0 P 0
L 31.69200672 55.69200952 32.20000672 55.94600952 0 P 0
L 31.69200672 56.70800952 31.94600672 56.20000952 0 P 0
L 31.69200672 56.70800952 32.20000672 56.45400952 0 P 0
L 31.72534168 22.2713423 32.23334168 22.0173423 0 P 0
L 31.72534168 22.7793423 32.23334168 23.0333423 0 P 0
L 31.75240538 2.20000322 31.90480538 1.89520322 0 P 0
L 31.75240538 2.20000322 31.90480538 2.50480322 0 P 0
L 31.75240538 7.00000378 31.90480538 6.69520378 0 P 0
L 31.75240538 7.00000378 31.90480538 7.30480378 0 P 0
L 31.75240538 9.40000406 31.90480538 9.09520406 0 P 0
L 31.75240538 9.40000406 31.90480538 9.70480406 0 P 0
L 31.75240538 14.20000462 31.90480538 13.89520462 0 P 0
L 31.75240538 14.20000462 31.90480538 14.50480462 0 P 0
L 31.75240538 16.6000049 31.90480538 16.2952049 0 P 0
L 31.75240538 16.6000049 31.90480538 16.9048049 0 P 0
L 31.75240538 19.00000518 31.90480538 18.69520518 0 P 0
L 31.75240538 19.00000518 31.90480538 19.30480518 0 P 0
L 31.75240538 23.80000574 31.90480538 23.49520574 0 P 0
L 31.75240538 23.80000574 31.90480538 24.10480574 0 P 0
L 31.75240538 50.20000882 31.90480538 49.89520882 0 P 0
L 31.75240538 50.20000882 31.90480538 50.50480882 0 P 0
L 31.75240538 52.6000091 31.90480538 52.2952091 0 P 0
L 31.75240538 52.6000091 31.90480538 52.9048091 0 P 0
L 31.75240538 55.00000938 31.90480538 54.69520938 0 P 0
L 31.75240538 55.00000938 31.90480538 55.30480938 0 P 0
L 31.75240538 57.40000966 31.90480538 57.09520966 0 P 0
L 31.75240538 57.40000966 31.90480538 57.70480966 0 P 0
L 31.75240538 59.80000994 31.90480538 59.49520994 0 P 0
L 31.75240538 59.80000994 31.90480538 60.10480994 0 P 0
L 31.85400538 2.20000322 32.10800538 1.69200322 0 P 0
L 31.85400538 2.20000322 32.10800538 2.70800322 0 P 0
L 31.85400538 7.00000378 32.10800538 6.49200378 0 P 0
L 31.85400538 7.00000378 32.10800538 7.50800378 0 P 0
L 31.85400538 9.40000406 32.10800538 8.89200406 0 P 0
L 31.85400538 9.40000406 32.10800538 9.90800406 0 P 0
L 31.85400538 14.20000462 32.10800538 13.69200462 0 P 0
L 31.85400538 14.20000462 32.10800538 14.70800462 0 P 0
L 31.85400538 16.6000049 32.10800538 16.0920049 0 P 0
L 31.85400538 16.6000049 32.10800538 17.1080049 0 P 0
L 31.85400538 19.00000518 32.10800538 18.49200518 0 P 0
L 31.85400538 19.00000518 32.10800538 19.50800518 0 P 0
L 31.85400538 23.80000574 32.10800538 23.29200574 0 P 0
L 31.85400538 23.80000574 32.10800538 24.30800574 0 P 0
L 31.85400538 50.20000882 32.10800538 49.69200882 0 P 0
L 31.85400538 50.20000882 32.10800538 50.70800882 0 P 0
L 31.85400538 52.6000091 32.10800538 52.0920091 0 P 0
L 31.85400538 52.6000091 32.10800538 53.1080091 0 P 0
L 31.85400538 55.00000938 32.10800538 54.49200938 0 P 0
L 31.85400538 55.00000938 32.10800538 55.50800938 0 P 0
L 31.85400538 57.40000966 32.10800538 56.89200966 0 P 0
L 31.85400538 57.40000966 32.10800538 57.90800966 0 P 0
L 31.85400538 59.80000994 32.10800538 59.29200994 0 P 0
L 31.85400538 59.80000994 32.10800538 60.30800994 0 P 0
L 31.89520672 7.89520392 32.04760672 8.20000392 0 P 0
L 31.89520672 7.89520392 32.20000672 8.04760392 0 P 0
L 31.89520672 8.50480392 32.04760672 8.20000392 0 P 0
L 31.89520672 8.50480392 32.20000672 8.35240392 0 P 0
L 31.89520672 12.69520448 32.04760672 13.00000448 0 P 0
L 31.89520672 12.69520448 32.20000672 12.84760448 0 P 0
L 31.89520672 13.30480448 32.04760672 13.00000448 0 P 0
L 31.89520672 13.30480448 32.20000672 13.15240448 0 P 0
L 31.89520672 15.09520476 32.04760672 15.40000476 0 P 0
L 31.89520672 15.09520476 32.20000672 15.24760476 0 P 0
L 31.89520672 15.70480476 32.04760672 15.40000476 0 P 0
L 31.89520672 15.70480476 32.20000672 15.55240476 0 P 0
L 31.89520672 17.49520504 32.04760672 17.80000504 0 P 0
L 31.89520672 17.49520504 32.20000672 17.64760504 0 P 0
L 31.89520672 18.10480504 32.04760672 17.80000504 0 P 0
L 31.89520672 18.10480504 32.20000672 17.95240504 0 P 0
L 31.89520672 19.89520532 32.04760672 20.20000532 0 P 0
L 31.89520672 19.89520532 32.20000672 20.04760532 0 P 0
L 31.89520672 20.50480532 32.04760672 20.20000532 0 P 0
L 31.89520672 20.50480532 32.20000672 20.35240532 0 P 0
L 31.89520672 24.69520588 32.04760672 25.00000588 0 P 0
L 31.89520672 24.69520588 32.20000672 24.84760588 0 P 0
L 31.89520672 25.30480588 32.04760672 25.00000588 0 P 0
L 31.89520672 25.30480588 32.20000672 25.15240588 0 P 0
L 31.89520672 53.49520924 32.04760672 53.80000924 0 P 0
L 31.89520672 53.49520924 32.20000672 53.64760924 0 P 0
L 31.89520672 54.10480924 32.04760672 53.80000924 0 P 0
L 31.89520672 54.10480924 32.20000672 53.95240924 0 P 0
L 31.89520672 55.89520952 32.04760672 56.20000952 0 P 0
L 31.89520672 55.89520952 32.20000672 56.04760952 0 P 0
L 31.89520672 56.50480952 32.04760672 56.20000952 0 P 0
L 31.89520672 56.50480952 32.20000672 56.35240952 0 P 0
L 31.97934168 22.5253423 32.23334168 22.0173423 0 P 0
L 31.97934168 22.5253423 32.23334168 23.0333423 0 P 0
L 32.10319716 41.15958748 32.52639418 40.736393 0 P 0
L 32.20000672 7.94600392 32.70800672 7.69200392 0 P 0
L 32.20000672 8.04760392 32.50480672 7.89520392 0 P 0
L 32.20000672 8.35240392 32.50480672 8.50480392 0 P 0
L 32.20000672 8.45400392 32.70800672 8.70800392 0 P 0
L 32.20000672 12.74600448 32.70800672 12.49200448 0 P 0
L 32.20000672 12.84760448 32.50480672 12.69520448 0 P 0
L 32.20000672 13.15240448 32.50480672 13.30480448 0 P 0
L 32.20000672 13.25400448 32.70800672 13.50800448 0 P 0
L 32.20000672 15.14600476 32.70800672 14.89200476 0 P 0
L 32.20000672 15.24760476 32.50480672 15.09520476 0 P 0
L 32.20000672 15.55240476 32.50480672 15.70480476 0 P 0
L 32.20000672 15.65400476 32.70800672 15.90800476 0 P 0
L 32.20000672 17.54600504 32.70800672 17.29200504 0 P 0
L 32.20000672 17.64760504 32.50480672 17.49520504 0 P 0
L 32.20000672 17.95240504 32.50480672 18.10480504 0 P 0
L 32.20000672 18.05400504 32.70800672 18.30800504 0 P 0
L 32.20000672 19.94600532 32.70800672 19.69200532 0 P 0
L 32.20000672 20.04760532 32.50480672 19.89520532 0 P 0
L 32.20000672 20.35240532 32.50480672 20.50480532 0 P 0
L 32.20000672 20.45400532 32.70800672 20.70800532 0 P 0
L 32.20000672 24.74600588 32.70800672 24.49200588 0 P 0
L 32.20000672 24.84760588 32.50480672 24.69520588 0 P 0
L 32.20000672 25.15240588 32.50480672 25.30480588 0 P 0
L 32.20000672 25.25400588 32.70800672 25.50800588 0 P 0
L 32.20000672 53.54600924 32.70800672 53.29200924 0 P 0
L 32.20000672 53.64760924 32.50480672 53.49520924 0 P 0
L 32.20000672 53.95240924 32.50480672 54.10480924 0 P 0
L 32.20000672 54.05400924 32.70800672 54.30800924 0 P 0
L 32.20000672 55.94600952 32.70800672 55.69200952 0 P 0
L 32.20000672 56.04760952 32.50480672 55.89520952 0 P 0
L 32.20000672 56.35240952 32.50480672 56.50480952 0 P 0
L 32.20000672 56.45400952 32.70800672 56.70800952 0 P 0
L 32.29200552 1.69200322 32.54600552 2.20000322 0 P 0
L 32.29200552 1.69200322 32.80000552 1.94600322 0 P 0
L 32.29200552 2.70800322 32.54600552 2.20000322 0 P 0
L 32.29200552 2.70800322 32.80000552 2.45400322 0 P 0
L 32.29200552 6.49200378 32.54600552 7.00000378 0 P 0
L 32.29200552 6.49200378 32.80000552 6.74600378 0 P 0
L 32.29200552 7.50800378 32.54600552 7.00000378 0 P 0
L 32.29200552 7.50800378 32.80000552 7.25400378 0 P 0
L 32.29200552 8.89200406 32.54600552 9.40000406 0 P 0
L 32.29200552 8.89200406 32.80000552 9.14600406 0 P 0
L 32.29200552 9.90800406 32.54600552 9.40000406 0 P 0
L 32.29200552 9.90800406 32.80000552 9.65400406 0 P 0
L 32.29200552 13.69200462 32.54600552 14.20000462 0 P 0
L 32.29200552 13.69200462 32.80000552 13.94600462 0 P 0
L 32.29200552 14.70800462 32.54600552 14.20000462 0 P 0
L 32.29200552 14.70800462 32.80000552 14.45400462 0 P 0
L 32.29200552 16.0920049 32.54600552 16.6000049 0 P 0
L 32.29200552 16.0920049 32.80000552 16.3460049 0 P 0
L 32.29200552 17.1080049 32.54600552 16.6000049 0 P 0
L 32.29200552 17.1080049 32.80000552 16.8540049 0 P 0
L 32.29200552 18.49200518 32.54600552 19.00000518 0 P 0
L 32.29200552 18.49200518 32.80000552 18.74600518 0 P 0
L 32.29200552 19.50800518 32.54600552 19.00000518 0 P 0
L 32.29200552 19.50800518 32.80000552 19.25400518 0 P 0
L 32.29200552 20.89200546 32.54600552 21.40000546 0 P 0
L 32.29200552 20.89200546 32.80000552 21.14600546 0 P 0
L 32.29200552 21.90800546 32.54600552 21.40000546 0 P 0
L 32.29200552 21.90800546 32.80000552 21.65400546 0 P 0
L 32.29200552 23.29200574 32.54600552 23.80000574 0 P 0
L 32.29200552 23.29200574 32.80000552 23.54600574 0 P 0
L 32.29200552 24.30800574 32.54600552 23.80000574 0 P 0
L 32.29200552 24.30800574 32.80000552 24.05400574 0 P 0
L 32.29200552 52.0920091 32.54600552 52.6000091 0 P 0
L 32.29200552 52.0920091 32.80000552 52.3460091 0 P 0
L 32.29200552 53.1080091 32.54600552 52.6000091 0 P 0
L 32.29200552 53.1080091 32.80000552 52.8540091 0 P 0
L 32.29200552 54.49200938 32.54600552 55.00000938 0 P 0
L 32.29200552 54.49200938 32.80000552 54.74600938 0 P 0
L 32.29200552 55.50800938 32.54600552 55.00000938 0 P 0
L 32.29200552 55.50800938 32.80000552 55.25400938 0 P 0
L 32.35200032 4.34599842 32.60600032 4.34599842 0 P 0
L 32.35200032 4.34599842 32.60600032 4.59999842 0 P 0
L 32.35200032 4.85399842 32.60600032 4.59999842 0 P 0
L 32.35200032 4.85399842 32.60600032 4.85399842 0 P 0
L 32.35240672 8.20000392 32.50480672 7.89520392 0 P 0
L 32.35240672 8.20000392 32.50480672 8.50480392 0 P 0
L 32.35240672 13.00000448 32.50480672 12.69520448 0 P 0
L 32.35240672 13.00000448 32.50480672 13.30480448 0 P 0
L 32.35240672 15.40000476 32.50480672 15.09520476 0 P 0
L 32.35240672 15.40000476 32.50480672 15.70480476 0 P 0
L 32.35240672 17.80000504 32.50480672 17.49520504 0 P 0
L 32.35240672 17.80000504 32.50480672 18.10480504 0 P 0
L 32.35240672 20.20000532 32.50480672 19.89520532 0 P 0
L 32.35240672 20.20000532 32.50480672 20.50480532 0 P 0
L 32.35240672 25.00000588 32.50480672 24.69520588 0 P 0
L 32.35240672 25.00000588 32.50480672 25.30480588 0 P 0
L 32.35240672 53.80000924 32.50480672 53.49520924 0 P 0
L 32.35240672 53.80000924 32.50480672 54.10480924 0 P 0
L 32.35240672 56.20000952 32.50480672 55.89520952 0 P 0
L 32.35240672 56.20000952 32.50480672 56.50480952 0 P 0
L 32.45400672 8.20000392 32.70800672 7.69200392 0 P 0
L 32.45400672 8.20000392 32.70800672 8.70800392 0 P 0
L 32.45400672 13.00000448 32.70800672 12.49200448 0 P 0
L 32.45400672 13.00000448 32.70800672 13.50800448 0 P 0
L 32.45400672 15.40000476 32.70800672 14.89200476 0 P 0
L 32.45400672 15.40000476 32.70800672 15.90800476 0 P 0
L 32.45400672 17.80000504 32.70800672 17.29200504 0 P 0
L 32.45400672 17.80000504 32.70800672 18.30800504 0 P 0
L 32.45400672 20.20000532 32.70800672 19.69200532 0 P 0
L 32.45400672 20.20000532 32.70800672 20.70800532 0 P 0
L 32.45400672 25.00000588 32.70800672 24.49200588 0 P 0
L 32.45400672 25.00000588 32.70800672 25.50800588 0 P 0
L 32.45400672 53.80000924 32.70800672 53.29200924 0 P 0
L 32.45400672 53.80000924 32.70800672 54.30800924 0 P 0
L 32.45400672 56.20000952 32.70800672 55.69200952 0 P 0
L 32.45400672 56.20000952 32.70800672 56.70800952 0 P 0
L 32.4919975 51.50800214 32.9999975 50.49200214 0 P 0
L 32.4919975 51.50800214 33.5079975 51.50800214 0 P 0
L 32.49520552 1.89520322 32.64760552 2.20000322 0 P 0
L 32.49520552 1.89520322 32.80000552 2.04760322 0 P 0
L 32.49520552 2.50480322 32.64760552 2.20000322 0 P 0
L 32.49520552 2.50480322 32.80000552 2.35240322 0 P 0
L 32.49520552 6.69520378 32.64760552 7.00000378 0 P 0
L 32.49520552 6.69520378 32.80000552 6.84760378 0 P 0
L 32.49520552 7.30480378 32.64760552 7.00000378 0 P 0
L 32.49520552 7.30480378 32.80000552 7.15240378 0 P 0
L 32.49520552 9.09520406 32.64760552 9.40000406 0 P 0
L 32.49520552 9.09520406 32.80000552 9.24760406 0 P 0
L 32.49520552 9.70480406 32.64760552 9.40000406 0 P 0
L 32.49520552 9.70480406 32.80000552 9.55240406 0 P 0
L 32.49520552 13.89520462 32.64760552 14.20000462 0 P 0
L 32.49520552 13.89520462 32.80000552 14.04760462 0 P 0
L 32.49520552 14.50480462 32.64760552 14.20000462 0 P 0
L 32.49520552 14.50480462 32.80000552 14.35240462 0 P 0
L 32.49520552 16.2952049 32.64760552 16.6000049 0 P 0
L 32.49520552 16.2952049 32.80000552 16.4476049 0 P 0
L 32.49520552 16.9048049 32.64760552 16.6000049 0 P 0
L 32.49520552 16.9048049 32.80000552 16.7524049 0 P 0
L 32.49520552 18.69520518 32.64760552 19.00000518 0 P 0
L 32.49520552 18.69520518 32.80000552 18.84760518 0 P 0
L 32.49520552 19.30480518 32.64760552 19.00000518 0 P 0
L 32.49520552 19.30480518 32.80000552 19.15240518 0 P 0
L 32.49520552 21.09520546 32.64760552 21.40000546 0 P 0
L 32.49520552 21.09520546 32.80000552 21.24760546 0 P 0
L 32.49520552 21.70480546 32.64760552 21.40000546 0 P 0
L 32.49520552 21.70480546 32.80000552 21.55240546 0 P 0
L 32.49520552 23.49520574 32.64760552 23.80000574 0 P 0
L 32.49520552 23.49520574 32.80000552 23.64760574 0 P 0
L 32.49520552 24.10480574 32.64760552 23.80000574 0 P 0
L 32.49520552 24.10480574 32.80000552 23.95240574 0 P 0
L 32.49520552 52.2952091 32.64760552 52.6000091 0 P 0
L 32.49520552 52.2952091 32.80000552 52.4476091 0 P 0
L 32.49520552 52.9048091 32.64760552 52.6000091 0 P 0
L 32.49520552 52.9048091 32.80000552 52.7524091 0 P 0
L 32.49520552 54.69520938 32.64760552 55.00000938 0 P 0
L 32.49520552 54.69520938 32.80000552 54.84760938 0 P 0
L 32.49520552 55.30480938 32.64760552 55.00000938 0 P 0
L 32.49520552 55.30480938 32.80000552 55.15240938 0 P 0
L 32.52639418 39.88999896 32.52639418 40.52479322 0 P 0
L 32.52639418 40.52479322 31.68000014 40.52479322 0 P 0
L 32.52639418 40.736393 32.52639418 39.88999896 0 P 0
L 32.60600032 4.34599842 32.86000032 4.09199842 0 P 0
L 32.60600032 4.85399842 32.86000032 5.10799842 0 P 0
L 32.80000552 1.94600322 33.30800552 1.69200322 0 P 0
L 32.80000552 2.04760322 33.10480552 1.89520322 0 P 0
L 32.80000552 2.35240322 33.10480552 2.50480322 0 P 0
L 32.80000552 2.45400322 33.30800552 2.70800322 0 P 0
L 32.80000552 6.74600378 33.30800552 6.49200378 0 P 0
L 32.80000552 6.84760378 33.10480552 6.69520378 0 P 0
L 32.80000552 7.15240378 33.10480552 7.30480378 0 P 0
L 32.80000552 7.25400378 33.30800552 7.50800378 0 P 0
L 32.80000552 9.14600406 33.30800552 8.89200406 0 P 0
L 32.80000552 9.24760406 33.10480552 9.09520406 0 P 0
L 32.80000552 9.55240406 33.10480552 9.70480406 0 P 0
L 32.80000552 9.65400406 33.30800552 9.90800406 0 P 0
L 32.80000552 13.94600462 33.30800552 13.69200462 0 P 0
L 32.80000552 14.04760462 33.10480552 13.89520462 0 P 0
L 32.80000552 14.35240462 33.10480552 14.50480462 0 P 0
L 32.80000552 14.45400462 33.30800552 14.70800462 0 P 0
L 32.80000552 16.3460049 33.30800552 16.0920049 0 P 0
L 32.80000552 16.4476049 33.10480552 16.2952049 0 P 0
L 32.80000552 16.7524049 33.10480552 16.9048049 0 P 0
L 32.80000552 16.8540049 33.30800552 17.1080049 0 P 0
L 32.80000552 18.74600518 33.30800552 18.49200518 0 P 0
L 32.80000552 18.84760518 33.10480552 18.69520518 0 P 0
L 32.80000552 19.15240518 33.10480552 19.30480518 0 P 0
L 32.80000552 19.25400518 33.30800552 19.50800518 0 P 0
L 32.80000552 21.14600546 33.30800552 20.89200546 0 P 0
L 32.80000552 21.24760546 33.10480552 21.09520546 0 P 0
L 32.80000552 21.55240546 33.10480552 21.70480546 0 P 0
L 32.80000552 21.65400546 33.30800552 21.90800546 0 P 0
L 32.80000552 23.54600574 33.30800552 23.29200574 0 P 0
L 32.80000552 23.64760574 33.10480552 23.49520574 0 P 0
L 32.80000552 23.95240574 33.10480552 24.10480574 0 P 0
L 32.80000552 24.05400574 33.30800552 24.30800574 0 P 0
L 32.80000552 52.3460091 33.30800552 52.0920091 0 P 0
L 32.80000552 52.4476091 33.10480552 52.2952091 0 P 0
L 32.80000552 52.7524091 33.10480552 52.9048091 0 P 0
L 32.80000552 52.8540091 33.30800552 53.1080091 0 P 0
L 32.80000552 54.74600938 33.30800552 54.49200938 0 P 0
L 32.80000552 54.84760938 33.10480552 54.69520938 0 P 0
L 32.80000552 55.15240938 33.10480552 55.30480938 0 P 0
L 32.80000552 55.25400938 33.30800552 55.50800938 0 P 0
L 32.86000032 4.09199842 33.11400032 4.34599842 0 P 0
L 32.86000032 5.10799842 33.11400032 4.85399842 0 P 0
L 32.89200686 7.69200392 33.14600686 8.20000392 0 P 0
L 32.89200686 7.69200392 33.40000686 7.94600392 0 P 0
L 32.89200686 8.70800392 33.14600686 8.20000392 0 P 0
L 32.89200686 8.70800392 33.40000686 8.45400392 0 P 0
L 32.89200686 12.49200448 33.14600686 13.00000448 0 P 0
L 32.89200686 12.49200448 33.40000686 12.74600448 0 P 0
L 32.89200686 13.50800448 33.14600686 13.00000448 0 P 0
L 32.89200686 13.50800448 33.40000686 13.25400448 0 P 0
L 32.89200686 14.89200476 33.14600686 15.40000476 0 P 0
L 32.89200686 14.89200476 33.40000686 15.14600476 0 P 0
L 32.89200686 15.90800476 33.14600686 15.40000476 0 P 0
L 32.89200686 15.90800476 33.40000686 15.65400476 0 P 0
L 32.89200686 17.29200504 33.14600686 17.80000504 0 P 0
L 32.89200686 17.29200504 33.40000686 17.54600504 0 P 0
L 32.89200686 18.30800504 33.14600686 17.80000504 0 P 0
L 32.89200686 18.30800504 33.40000686 18.05400504 0 P 0
L 32.89200686 19.69200532 33.14600686 20.20000532 0 P 0
L 32.89200686 19.69200532 33.40000686 19.94600532 0 P 0
L 32.89200686 20.70800532 33.14600686 20.20000532 0 P 0
L 32.89200686 20.70800532 33.40000686 20.45400532 0 P 0
L 32.89200686 22.0920056 33.14600686 22.6000056 0 P 0
L 32.89200686 22.0920056 33.40000686 22.3460056 0 P 0
L 32.89200686 23.1080056 33.14600686 22.6000056 0 P 0
L 32.89200686 23.1080056 33.40000686 22.8540056 0 P 0
L 32.89200686 24.49200588 33.14600686 25.00000588 0 P 0
L 32.89200686 24.49200588 33.40000686 24.74600588 0 P 0
L 32.89200686 25.50800588 33.14600686 25.00000588 0 P 0
L 32.89200686 25.50800588 33.40000686 25.25400588 0 P 0
L 32.89200686 53.29200924 33.14600686 53.80000924 0 P 0
L 32.89200686 53.29200924 33.40000686 53.54600924 0 P 0
L 32.89200686 54.30800924 33.14600686 53.80000924 0 P 0
L 32.89200686 54.30800924 33.40000686 54.05400924 0 P 0
L 32.89200686 55.69200952 33.14600686 56.20000952 0 P 0
L 32.89200686 55.69200952 33.40000686 55.94600952 0 P 0
L 32.89200686 56.70800952 33.14600686 56.20000952 0 P 0
L 32.89200686 56.70800952 33.40000686 56.45400952 0 P 0
L 32.90000024 46.70000058 32.90000024 47.54639462 0 P 0
L 32.90000024 47.54639462 33.32319726 47.9695891 0 P 0
L 32.95240552 2.20000322 33.10480552 1.89520322 0 P 0
L 32.95240552 2.20000322 33.10480552 2.50480322 0 P 0
L 32.95240552 7.00000378 33.10480552 6.69520378 0 P 0
L 32.95240552 7.00000378 33.10480552 7.30480378 0 P 0
L 32.95240552 9.40000406 33.10480552 9.09520406 0 P 0
L 32.95240552 9.40000406 33.10480552 9.70480406 0 P 0
L 32.95240552 14.20000462 33.10480552 13.89520462 0 P 0
L 32.95240552 14.20000462 33.10480552 14.50480462 0 P 0
L 32.95240552 16.6000049 33.10480552 16.2952049 0 P 0
L 32.95240552 16.6000049 33.10480552 16.9048049 0 P 0
L 32.95240552 19.00000518 33.10480552 18.69520518 0 P 0
L 32.95240552 19.00000518 33.10480552 19.30480518 0 P 0
L 32.95240552 21.40000546 33.10480552 21.09520546 0 P 0
L 32.95240552 21.40000546 33.10480552 21.70480546 0 P 0
L 32.95240552 23.80000574 33.10480552 23.49520574 0 P 0
L 32.95240552 23.80000574 33.10480552 24.10480574 0 P 0
L 32.95240552 52.6000091 33.10480552 52.2952091 0 P 0
L 32.95240552 52.6000091 33.10480552 52.9048091 0 P 0
L 32.95240552 55.00000938 33.10480552 54.69520938 0 P 0
L 32.95240552 55.00000938 33.10480552 55.30480938 0 P 0
L 32.9999975 50.49200214 33.5079975 51.50800214 0 P 0
L 33.05400552 2.20000322 33.30800552 1.69200322 0 P 0
L 33.05400552 2.20000322 33.30800552 2.70800322 0 P 0
L 33.05400552 7.00000378 33.30800552 6.49200378 0 P 0
L 33.05400552 7.00000378 33.30800552 7.50800378 0 P 0
L 33.05400552 9.40000406 33.30800552 8.89200406 0 P 0
L 33.05400552 9.40000406 33.30800552 9.90800406 0 P 0
L 33.05400552 14.20000462 33.30800552 13.69200462 0 P 0
L 33.05400552 14.20000462 33.30800552 14.70800462 0 P 0
L 33.05400552 16.6000049 33.30800552 16.0920049 0 P 0
L 33.05400552 16.6000049 33.30800552 17.1080049 0 P 0
L 33.05400552 19.00000518 33.30800552 18.49200518 0 P 0
L 33.05400552 19.00000518 33.30800552 19.50800518 0 P 0
L 33.05400552 21.40000546 33.30800552 20.89200546 0 P 0
L 33.05400552 21.40000546 33.30800552 21.90800546 0 P 0
L 33.05400552 23.80000574 33.30800552 23.29200574 0 P 0
L 33.05400552 23.80000574 33.30800552 24.30800574 0 P 0
L 33.05400552 52.6000091 33.30800552 52.0920091 0 P 0
L 33.05400552 52.6000091 33.30800552 53.1080091 0 P 0
L 33.05400552 55.00000938 33.30800552 54.49200938 0 P 0
L 33.05400552 55.00000938 33.30800552 55.50800938 0 P 0
L 33.09520686 7.89520392 33.24760686 8.20000392 0 P 0
L 33.09520686 7.89520392 33.40000686 8.04760392 0 P 0
L 33.09520686 8.50480392 33.24760686 8.20000392 0 P 0
L 33.09520686 8.50480392 33.40000686 8.35240392 0 P 0
L 33.09520686 12.69520448 33.24760686 13.00000448 0 P 0
L 33.09520686 12.69520448 33.40000686 12.84760448 0 P 0
L 33.09520686 13.30480448 33.24760686 13.00000448 0 P 0
L 33.09520686 13.30480448 33.40000686 13.15240448 0 P 0
L 33.09520686 15.09520476 33.24760686 15.40000476 0 P 0
L 33.09520686 15.09520476 33.40000686 15.24760476 0 P 0
L 33.09520686 15.70480476 33.24760686 15.40000476 0 P 0
L 33.09520686 15.70480476 33.40000686 15.55240476 0 P 0
L 33.09520686 17.49520504 33.24760686 17.80000504 0 P 0
L 33.09520686 17.49520504 33.40000686 17.64760504 0 P 0
L 33.09520686 18.10480504 33.24760686 17.80000504 0 P 0
L 33.09520686 18.10480504 33.40000686 17.95240504 0 P 0
L 33.09520686 19.89520532 33.24760686 20.20000532 0 P 0
L 33.09520686 19.89520532 33.40000686 20.04760532 0 P 0
L 33.09520686 20.50480532 33.24760686 20.20000532 0 P 0
L 33.09520686 20.50480532 33.40000686 20.35240532 0 P 0
L 33.09520686 22.2952056 33.24760686 22.6000056 0 P 0
L 33.09520686 22.2952056 33.40000686 22.4476056 0 P 0
L 33.09520686 22.9048056 33.24760686 22.6000056 0 P 0
L 33.09520686 22.9048056 33.40000686 22.7524056 0 P 0
L 33.09520686 24.69520588 33.24760686 25.00000588 0 P 0
L 33.09520686 24.69520588 33.40000686 24.84760588 0 P 0
L 33.09520686 25.30480588 33.24760686 25.00000588 0 P 0
L 33.09520686 25.30480588 33.40000686 25.15240588 0 P 0
L 33.09520686 53.49520924 33.24760686 53.80000924 0 P 0
L 33.09520686 53.49520924 33.40000686 53.64760924 0 P 0
L 33.09520686 54.10480924 33.24760686 53.80000924 0 P 0
L 33.09520686 54.10480924 33.40000686 53.95240924 0 P 0
L 33.09520686 55.89520952 33.24760686 56.20000952 0 P 0
L 33.09520686 55.89520952 33.40000686 56.04760952 0 P 0
L 33.09520686 56.50480952 33.24760686 56.20000952 0 P 0
L 33.09520686 56.50480952 33.40000686 56.35240952 0 P 0
L 33.11400032 4.34599842 33.36800032 4.34599842 0 P 0
L 33.11400032 4.59999842 33.36800032 4.34599842 0 P 0
L 33.11400032 4.59999842 33.36800032 4.85399842 0 P 0
L 33.11400032 4.85399842 33.36800032 4.85399842 0 P 0
L 33.32319726 47.9695891 33.74639428 47.54639462 0 P 0
L 33.40000686 7.94600392 33.90800686 7.69200392 0 P 0
L 33.40000686 8.04760392 33.70480686 7.89520392 0 P 0
L 33.40000686 8.35240392 33.70480686 8.50480392 0 P 0
L 33.40000686 8.45400392 33.90800686 8.70800392 0 P 0
L 33.40000686 12.74600448 33.90800686 12.49200448 0 P 0
L 33.40000686 12.84760448 33.70480686 12.69520448 0 P 0
L 33.40000686 13.15240448 33.70480686 13.30480448 0 P 0
L 33.40000686 13.25400448 33.90800686 13.50800448 0 P 0
L 33.40000686 15.14600476 33.90800686 14.89200476 0 P 0
L 33.40000686 15.24760476 33.70480686 15.09520476 0 P 0
L 33.40000686 15.55240476 33.70480686 15.70480476 0 P 0
L 33.40000686 15.65400476 33.90800686 15.90800476 0 P 0
L 33.40000686 17.54600504 33.90800686 17.29200504 0 P 0
L 33.40000686 17.64760504 33.70480686 17.49520504 0 P 0
L 33.40000686 17.95240504 33.70480686 18.10480504 0 P 0
L 33.40000686 18.05400504 33.90800686 18.30800504 0 P 0
L 33.40000686 19.94600532 33.90800686 19.69200532 0 P 0
L 33.40000686 20.04760532 33.70480686 19.89520532 0 P 0
L 33.40000686 20.35240532 33.70480686 20.50480532 0 P 0
L 33.40000686 20.45400532 33.90800686 20.70800532 0 P 0
L 33.40000686 22.3460056 33.90800686 22.0920056 0 P 0
L 33.40000686 22.4476056 33.70480686 22.2952056 0 P 0
L 33.40000686 22.7524056 33.70480686 22.9048056 0 P 0
L 33.40000686 22.8540056 33.90800686 23.1080056 0 P 0
L 33.40000686 24.74600588 33.90800686 24.49200588 0 P 0
L 33.40000686 24.84760588 33.70480686 24.69520588 0 P 0
L 33.40000686 25.15240588 33.70480686 25.30480588 0 P 0
L 33.40000686 25.25400588 33.90800686 25.50800588 0 P 0
L 33.40000686 53.54600924 33.90800686 53.29200924 0 P 0
L 33.40000686 53.64760924 33.70480686 53.49520924 0 P 0
L 33.40000686 53.95240924 33.70480686 54.10480924 0 P 0
L 33.40000686 54.05400924 33.90800686 54.30800924 0 P 0
L 33.40000686 55.94600952 33.90800686 55.69200952 0 P 0
L 33.40000686 56.04760952 33.70480686 55.89520952 0 P 0
L 33.40000686 56.35240952 33.70480686 56.50480952 0 P 0
L 33.40000686 56.45400952 33.90800686 56.70800952 0 P 0
L 33.49200566 1.69200322 33.74600566 2.20000322 0 P 0
L 33.49200566 1.69200322 34.00000566 1.94600322 0 P 0
L 33.49200566 2.70800322 33.74600566 2.20000322 0 P 0
L 33.49200566 2.70800322 34.00000566 2.45400322 0 P 0
L 33.49200566 6.49200378 33.74600566 7.00000378 0 P 0
L 33.49200566 6.49200378 34.00000566 6.74600378 0 P 0
L 33.49200566 7.50800378 33.74600566 7.00000378 0 P 0
L 33.49200566 7.50800378 34.00000566 7.25400378 0 P 0
L 33.49200566 13.69200462 33.74600566 14.20000462 0 P 0
L 33.49200566 13.69200462 34.00000566 13.94600462 0 P 0
L 33.49200566 14.70800462 33.74600566 14.20000462 0 P 0
L 33.49200566 14.70800462 34.00000566 14.45400462 0 P 0
L 33.49200566 16.0920049 33.74600566 16.6000049 0 P 0
L 33.49200566 16.0920049 34.00000566 16.3460049 0 P 0
L 33.49200566 17.1080049 33.74600566 16.6000049 0 P 0
L 33.49200566 17.1080049 34.00000566 16.8540049 0 P 0
L 33.49200566 18.49200518 33.74600566 19.00000518 0 P 0
L 33.49200566 18.49200518 34.00000566 18.74600518 0 P 0
L 33.49200566 19.50800518 33.74600566 19.00000518 0 P 0
L 33.49200566 19.50800518 34.00000566 19.25400518 0 P 0
L 33.49200566 20.89200546 33.74600566 21.40000546 0 P 0
L 33.49200566 20.89200546 34.00000566 21.14600546 0 P 0
L 33.49200566 21.90800546 33.74600566 21.40000546 0 P 0
L 33.49200566 21.90800546 34.00000566 21.65400546 0 P 0
L 33.49200566 23.29200574 33.74600566 23.80000574 0 P 0
L 33.49200566 23.29200574 34.00000566 23.54600574 0 P 0
L 33.49200566 24.30800574 33.74600566 23.80000574 0 P 0
L 33.49200566 24.30800574 34.00000566 24.05400574 0 P 0
L 33.49200566 52.0920091 33.74600566 52.6000091 0 P 0
L 33.49200566 52.0920091 34.00000566 52.3460091 0 P 0
L 33.49200566 53.1080091 33.74600566 52.6000091 0 P 0
L 33.49200566 53.1080091 34.00000566 52.8540091 0 P 0
L 33.49200566 54.49200938 33.74600566 55.00000938 0 P 0
L 33.49200566 54.49200938 34.00000566 54.74600938 0 P 0
L 33.49200566 55.50800938 33.74600566 55.00000938 0 P 0
L 33.49200566 55.50800938 34.00000566 55.25400938 0 P 0
L 33.49200566 56.89200966 33.74600566 57.40000966 0 P 0
L 33.49200566 56.89200966 34.00000566 57.14600966 0 P 0
L 33.49200566 57.90800966 33.74600566 57.40000966 0 P 0
L 33.49200566 57.90800966 34.00000566 57.65400966 0 P 0
L 33.49200566 59.29200994 33.74600566 59.80000994 0 P 0
L 33.49200566 59.29200994 34.00000566 59.54600994 0 P 0
L 33.49200566 60.30800994 33.74600566 59.80000994 0 P 0
L 33.49200566 60.30800994 34.00000566 60.05400994 0 P 0
L 33.55240686 8.20000392 33.70480686 7.89520392 0 P 0
L 33.55240686 8.20000392 33.70480686 8.50480392 0 P 0
L 33.55240686 13.00000448 33.70480686 12.69520448 0 P 0
L 33.55240686 13.00000448 33.70480686 13.30480448 0 P 0
L 33.55240686 15.40000476 33.70480686 15.09520476 0 P 0
L 33.55240686 15.40000476 33.70480686 15.70480476 0 P 0
L 33.55240686 17.80000504 33.70480686 17.49520504 0 P 0
L 33.55240686 17.80000504 33.70480686 18.10480504 0 P 0
L 33.55240686 20.20000532 33.70480686 19.89520532 0 P 0
L 33.55240686 20.20000532 33.70480686 20.50480532 0 P 0
L 33.55240686 22.6000056 33.70480686 22.2952056 0 P 0
L 33.55240686 22.6000056 33.70480686 22.9048056 0 P 0
L 33.55240686 25.00000588 33.70480686 24.69520588 0 P 0
L 33.55240686 25.00000588 33.70480686 25.30480588 0 P 0
L 33.55240686 53.80000924 33.70480686 53.49520924 0 P 0
L 33.55240686 53.80000924 33.70480686 54.10480924 0 P 0
L 33.55240686 56.20000952 33.70480686 55.89520952 0 P 0
L 33.55240686 56.20000952 33.70480686 56.50480952 0 P 0
L 33.65400686 8.20000392 33.90800686 7.69200392 0 P 0
L 33.65400686 8.20000392 33.90800686 8.70800392 0 P 0
L 33.65400686 13.00000448 33.90800686 12.49200448 0 P 0
L 33.65400686 13.00000448 33.90800686 13.50800448 0 P 0
L 33.65400686 15.40000476 33.90800686 14.89200476 0 P 0
L 33.65400686 15.40000476 33.90800686 15.90800476 0 P 0
L 33.65400686 17.80000504 33.90800686 17.29200504 0 P 0
L 33.65400686 17.80000504 33.90800686 18.30800504 0 P 0
L 33.65400686 20.20000532 33.90800686 19.69200532 0 P 0
L 33.65400686 20.20000532 33.90800686 20.70800532 0 P 0
L 33.65400686 22.6000056 33.90800686 22.0920056 0 P 0
L 33.65400686 22.6000056 33.90800686 23.1080056 0 P 0
L 33.65400686 25.00000588 33.90800686 24.49200588 0 P 0
L 33.65400686 25.00000588 33.90800686 25.50800588 0 P 0
L 33.65400686 53.80000924 33.90800686 53.29200924 0 P 0
L 33.65400686 53.80000924 33.90800686 54.30800924 0 P 0
L 33.65400686 56.20000952 33.90800686 55.69200952 0 P 0
L 33.65400686 56.20000952 33.90800686 56.70800952 0 P 0
L 33.69520566 1.89520322 33.84760566 2.20000322 0 P 0
L 33.69520566 1.89520322 34.00000566 2.04760322 0 P 0
L 33.69520566 2.50480322 33.84760566 2.20000322 0 P 0
L 33.69520566 2.50480322 34.00000566 2.35240322 0 P 0
L 33.69520566 6.69520378 33.84760566 7.00000378 0 P 0
L 33.69520566 6.69520378 34.00000566 6.84760378 0 P 0
L 33.69520566 7.30480378 33.84760566 7.00000378 0 P 0
L 33.69520566 7.30480378 34.00000566 7.15240378 0 P 0
L 33.69520566 13.89520462 33.84760566 14.20000462 0 P 0
L 33.69520566 13.89520462 34.00000566 14.04760462 0 P 0
L 33.69520566 14.50480462 33.84760566 14.20000462 0 P 0
L 33.69520566 14.50480462 34.00000566 14.35240462 0 P 0
L 33.69520566 16.2952049 33.84760566 16.6000049 0 P 0
L 33.69520566 16.2952049 34.00000566 16.4476049 0 P 0
L 33.69520566 16.9048049 33.84760566 16.6000049 0 P 0
L 33.69520566 16.9048049 34.00000566 16.7524049 0 P 0
L 33.69520566 18.69520518 33.84760566 19.00000518 0 P 0
L 33.69520566 18.69520518 34.00000566 18.84760518 0 P 0
L 33.69520566 19.30480518 33.84760566 19.00000518 0 P 0
L 33.69520566 19.30480518 34.00000566 19.15240518 0 P 0
L 33.69520566 21.09520546 33.84760566 21.40000546 0 P 0
L 33.69520566 21.09520546 34.00000566 21.24760546 0 P 0
L 33.69520566 21.70480546 33.84760566 21.40000546 0 P 0
L 33.69520566 21.70480546 34.00000566 21.55240546 0 P 0
L 33.69520566 23.49520574 33.84760566 23.80000574 0 P 0
L 33.69520566 23.49520574 34.00000566 23.64760574 0 P 0
L 33.69520566 24.10480574 33.84760566 23.80000574 0 P 0
L 33.69520566 24.10480574 34.00000566 23.95240574 0 P 0
L 33.69520566 52.2952091 33.84760566 52.6000091 0 P 0
L 33.69520566 52.2952091 34.00000566 52.4476091 0 P 0
L 33.69520566 52.9048091 33.84760566 52.6000091 0 P 0
L 33.69520566 52.9048091 34.00000566 52.7524091 0 P 0
L 33.69520566 54.69520938 33.84760566 55.00000938 0 P 0
L 33.69520566 54.69520938 34.00000566 54.84760938 0 P 0
L 33.69520566 55.30480938 33.84760566 55.00000938 0 P 0
L 33.69520566 55.30480938 34.00000566 55.15240938 0 P 0
L 33.69520566 57.09520966 33.84760566 57.40000966 0 P 0
L 33.69520566 57.09520966 34.00000566 57.24760966 0 P 0
L 33.69520566 57.70480966 33.84760566 57.40000966 0 P 0
L 33.69520566 57.70480966 34.00000566 57.55240966 0 P 0
L 33.69520566 59.49520994 33.84760566 59.80000994 0 P 0
L 33.69520566 59.49520994 34.00000566 59.64760994 0 P 0
L 33.69520566 60.10480994 33.84760566 59.80000994 0 P 0
L 33.69520566 60.10480994 34.00000566 59.95240994 0 P 0
L 33.74639428 46.70000058 33.74639428 47.33479484 0 P 0
L 33.74639428 47.33479484 32.90000024 47.33479484 0 P 0
L 33.74639428 47.54639462 33.74639428 46.70000058 0 P 0
L 34.00000566 1.94600322 34.50800566 1.69200322 0 P 0
L 34.00000566 2.04760322 34.30480566 1.89520322 0 P 0
L 34.00000566 2.35240322 34.30480566 2.50480322 0 P 0
L 34.00000566 2.45400322 34.50800566 2.70800322 0 P 0
L 34.00000566 6.74600378 34.50800566 6.49200378 0 P 0
L 34.00000566 6.84760378 34.30480566 6.69520378 0 P 0
L 34.00000566 7.15240378 34.30480566 7.30480378 0 P 0
L 34.00000566 7.25400378 34.50800566 7.50800378 0 P 0
L 34.00000566 13.94600462 34.50800566 13.69200462 0 P 0
L 34.00000566 14.04760462 34.30480566 13.89520462 0 P 0
L 34.00000566 14.35240462 34.30480566 14.50480462 0 P 0
L 34.00000566 14.45400462 34.50800566 14.70800462 0 P 0
L 34.00000566 16.3460049 34.50800566 16.0920049 0 P 0
L 34.00000566 16.4476049 34.30480566 16.2952049 0 P 0
L 34.00000566 16.7524049 34.30480566 16.9048049 0 P 0
L 34.00000566 16.8540049 34.50800566 17.1080049 0 P 0
L 34.00000566 18.74600518 34.50800566 18.49200518 0 P 0
L 34.00000566 18.84760518 34.30480566 18.69520518 0 P 0
L 34.00000566 19.15240518 34.30480566 19.30480518 0 P 0
L 34.00000566 19.25400518 34.50800566 19.50800518 0 P 0
L 34.00000566 21.14600546 34.50800566 20.89200546 0 P 0
L 34.00000566 21.24760546 34.30480566 21.09520546 0 P 0
L 34.00000566 21.55240546 34.30480566 21.70480546 0 P 0
L 34.00000566 21.65400546 34.50800566 21.90800546 0 P 0
L 34.00000566 23.54600574 34.50800566 23.29200574 0 P 0
L 34.00000566 23.64760574 34.30480566 23.49520574 0 P 0
L 34.00000566 23.95240574 34.30480566 24.10480574 0 P 0
L 34.00000566 24.05400574 34.50800566 24.30800574 0 P 0
L 34.00000566 52.3460091 34.50800566 52.0920091 0 P 0
L 34.00000566 52.4476091 34.30480566 52.2952091 0 P 0
L 34.00000566 52.7524091 34.30480566 52.9048091 0 P 0
L 34.00000566 52.8540091 34.50800566 53.1080091 0 P 0
L 34.00000566 54.74600938 34.50800566 54.49200938 0 P 0
L 34.00000566 54.84760938 34.30480566 54.69520938 0 P 0
L 34.00000566 55.15240938 34.30480566 55.30480938 0 P 0
L 34.00000566 55.25400938 34.50800566 55.50800938 0 P 0
L 34.00000566 57.14600966 34.50800566 56.89200966 0 P 0
L 34.00000566 57.24760966 34.30480566 57.09520966 0 P 0
L 34.00000566 57.55240966 34.30480566 57.70480966 0 P 0
L 34.00000566 57.65400966 34.50800566 57.90800966 0 P 0
L 34.00000566 59.54600994 34.50800566 59.29200994 0 P 0
L 34.00000566 59.64760994 34.30480566 59.49520994 0 P 0
L 34.00000566 59.95240994 34.30480566 60.10480994 0 P 0
L 34.00000566 60.05400994 34.50800566 60.30800994 0 P 0
L 34.092007 12.49200448 34.346007 13.00000448 0 P 0
L 34.092007 12.49200448 34.600007 12.74600448 0 P 0
L 34.092007 13.50800448 34.346007 13.00000448 0 P 0
L 34.092007 13.50800448 34.600007 13.25400448 0 P 0
L 34.092007 14.89200476 34.346007 15.40000476 0 P 0
L 34.092007 14.89200476 34.600007 15.14600476 0 P 0
L 34.092007 15.90800476 34.346007 15.40000476 0 P 0
L 34.092007 15.90800476 34.600007 15.65400476 0 P 0
L 34.092007 17.29200504 34.346007 17.80000504 0 P 0
L 34.092007 17.29200504 34.600007 17.54600504 0 P 0
L 34.092007 18.30800504 34.346007 17.80000504 0 P 0
L 34.092007 18.30800504 34.600007 18.05400504 0 P 0
L 34.092007 19.69200532 34.346007 20.20000532 0 P 0
L 34.092007 19.69200532 34.600007 19.94600532 0 P 0
L 34.092007 20.70800532 34.346007 20.20000532 0 P 0
L 34.092007 20.70800532 34.600007 20.45400532 0 P 0
L 34.092007 22.0920056 34.346007 22.6000056 0 P 0
L 34.092007 22.0920056 34.600007 22.3460056 0 P 0
L 34.092007 23.1080056 34.346007 22.6000056 0 P 0
L 34.092007 23.1080056 34.600007 22.8540056 0 P 0
L 34.092007 24.49200588 34.346007 25.00000588 0 P 0
L 34.092007 24.49200588 34.600007 24.74600588 0 P 0
L 34.092007 25.50800588 34.346007 25.00000588 0 P 0
L 34.092007 25.50800588 34.600007 25.25400588 0 P 0
L 34.092007 50.89200896 34.346007 51.40000896 0 P 0
L 34.092007 50.89200896 34.600007 51.14600896 0 P 0
L 34.092007 51.90800896 34.346007 51.40000896 0 P 0
L 34.092007 51.90800896 34.600007 51.65400896 0 P 0
L 34.092007 53.29200924 34.346007 53.80000924 0 P 0
L 34.092007 53.29200924 34.600007 53.54600924 0 P 0
L 34.092007 54.30800924 34.346007 53.80000924 0 P 0
L 34.092007 54.30800924 34.600007 54.05400924 0 P 0
L 34.092007 55.69200952 34.346007 56.20000952 0 P 0
L 34.092007 55.69200952 34.600007 55.94600952 0 P 0
L 34.092007 56.70800952 34.346007 56.20000952 0 P 0
L 34.092007 56.70800952 34.600007 56.45400952 0 P 0
L 34.092007 58.0920098 34.346007 58.6000098 0 P 0
L 34.092007 58.0920098 34.600007 58.3460098 0 P 0
L 34.092007 59.1080098 34.346007 58.6000098 0 P 0
L 34.092007 59.1080098 34.600007 58.8540098 0 P 0
L 34.15240566 2.20000322 34.30480566 1.89520322 0 P 0
L 34.15240566 2.20000322 34.30480566 2.50480322 0 P 0
L 34.15240566 7.00000378 34.30480566 6.69520378 0 P 0
L 34.15240566 7.00000378 34.30480566 7.30480378 0 P 0
L 34.15240566 14.20000462 34.30480566 13.89520462 0 P 0
L 34.15240566 14.20000462 34.30480566 14.50480462 0 P 0
L 34.15240566 16.6000049 34.30480566 16.2952049 0 P 0
L 34.15240566 16.6000049 34.30480566 16.9048049 0 P 0
L 34.15240566 19.00000518 34.30480566 18.69520518 0 P 0
L 34.15240566 19.00000518 34.30480566 19.30480518 0 P 0
L 34.15240566 21.40000546 34.30480566 21.09520546 0 P 0
L 34.15240566 21.40000546 34.30480566 21.70480546 0 P 0
L 34.15240566 23.80000574 34.30480566 23.49520574 0 P 0
L 34.15240566 23.80000574 34.30480566 24.10480574 0 P 0
L 34.15240566 52.6000091 34.30480566 52.2952091 0 P 0
L 34.15240566 52.6000091 34.30480566 52.9048091 0 P 0
L 34.15240566 55.00000938 34.30480566 54.69520938 0 P 0
L 34.15240566 55.00000938 34.30480566 55.30480938 0 P 0
L 34.15240566 57.40000966 34.30480566 57.09520966 0 P 0
L 34.15240566 57.40000966 34.30480566 57.70480966 0 P 0
L 34.15240566 59.80000994 34.30480566 59.49520994 0 P 0
L 34.15240566 59.80000994 34.30480566 60.10480994 0 P 0
L 34.25400566 2.20000322 34.50800566 1.69200322 0 P 0
L 34.25400566 2.20000322 34.50800566 2.70800322 0 P 0
L 34.25400566 7.00000378 34.50800566 6.49200378 0 P 0
L 34.25400566 7.00000378 34.50800566 7.50800378 0 P 0
L 34.25400566 14.20000462 34.50800566 13.69200462 0 P 0
L 34.25400566 14.20000462 34.50800566 14.70800462 0 P 0
L 34.25400566 16.6000049 34.50800566 16.0920049 0 P 0
L 34.25400566 16.6000049 34.50800566 17.1080049 0 P 0
L 34.25400566 19.00000518 34.50800566 18.49200518 0 P 0
L 34.25400566 19.00000518 34.50800566 19.50800518 0 P 0
L 34.25400566 21.40000546 34.50800566 20.89200546 0 P 0
L 34.25400566 21.40000546 34.50800566 21.90800546 0 P 0
L 34.25400566 23.80000574 34.50800566 23.29200574 0 P 0
L 34.25400566 23.80000574 34.50800566 24.30800574 0 P 0
L 34.25400566 52.6000091 34.50800566 52.0920091 0 P 0
L 34.25400566 52.6000091 34.50800566 53.1080091 0 P 0
L 34.25400566 55.00000938 34.50800566 54.49200938 0 P 0
L 34.25400566 55.00000938 34.50800566 55.50800938 0 P 0
L 34.25400566 57.40000966 34.50800566 56.89200966 0 P 0
L 34.25400566 57.40000966 34.50800566 57.90800966 0 P 0
L 34.25400566 59.80000994 34.50800566 59.29200994 0 P 0
L 34.25400566 59.80000994 34.50800566 60.30800994 0 P 0
L 34.295207 12.69520448 34.447607 13.00000448 0 P 0
L 34.295207 12.69520448 34.600007 12.84760448 0 P 0
L 34.295207 13.30480448 34.447607 13.00000448 0 P 0
L 34.295207 13.30480448 34.600007 13.15240448 0 P 0
L 34.295207 15.09520476 34.447607 15.40000476 0 P 0
L 34.295207 15.09520476 34.600007 15.24760476 0 P 0
L 34.295207 15.70480476 34.447607 15.40000476 0 P 0
L 34.295207 15.70480476 34.600007 15.55240476 0 P 0
L 34.295207 17.49520504 34.447607 17.80000504 0 P 0
L 34.295207 17.49520504 34.600007 17.64760504 0 P 0
L 34.295207 18.10480504 34.447607 17.80000504 0 P 0
L 34.295207 18.10480504 34.600007 17.95240504 0 P 0
L 34.295207 19.89520532 34.447607 20.20000532 0 P 0
L 34.295207 19.89520532 34.600007 20.04760532 0 P 0
L 34.295207 20.50480532 34.447607 20.20000532 0 P 0
L 34.295207 20.50480532 34.600007 20.35240532 0 P 0
L 34.295207 22.2952056 34.447607 22.6000056 0 P 0
L 34.295207 22.2952056 34.600007 22.4476056 0 P 0
L 34.295207 22.9048056 34.447607 22.6000056 0 P 0
L 34.295207 22.9048056 34.600007 22.7524056 0 P 0
L 34.295207 24.69520588 34.447607 25.00000588 0 P 0
L 34.295207 24.69520588 34.600007 24.84760588 0 P 0
L 34.295207 25.30480588 34.447607 25.00000588 0 P 0
L 34.295207 25.30480588 34.600007 25.15240588 0 P 0
L 34.295207 51.09520896 34.447607 51.40000896 0 P 0
L 34.295207 51.09520896 34.600007 51.24760896 0 P 0
L 34.295207 51.70480896 34.447607 51.40000896 0 P 0
L 34.295207 51.70480896 34.600007 51.55240896 0 P 0
L 34.295207 53.49520924 34.447607 53.80000924 0 P 0
L 34.295207 53.49520924 34.600007 53.64760924 0 P 0
L 34.295207 54.10480924 34.447607 53.80000924 0 P 0
L 34.295207 54.10480924 34.600007 53.95240924 0 P 0
L 34.295207 55.89520952 34.447607 56.20000952 0 P 0
L 34.295207 55.89520952 34.600007 56.04760952 0 P 0
L 34.295207 56.50480952 34.447607 56.20000952 0 P 0
L 34.295207 56.50480952 34.600007 56.35240952 0 P 0
L 34.295207 58.2952098 34.447607 58.6000098 0 P 0
L 34.295207 58.2952098 34.600007 58.4476098 0 P 0
L 34.295207 58.9048098 34.447607 58.6000098 0 P 0
L 34.295207 58.9048098 34.600007 58.7524098 0 P 0
L 34.600007 12.74600448 35.108007 12.49200448 0 P 0
L 34.600007 12.84760448 34.904807 12.69520448 0 P 0
L 34.600007 13.15240448 34.904807 13.30480448 0 P 0
L 34.600007 13.25400448 35.108007 13.50800448 0 P 0
L 34.600007 15.14600476 35.108007 14.89200476 0 P 0
L 34.600007 15.24760476 34.904807 15.09520476 0 P 0
L 34.600007 15.55240476 34.904807 15.70480476 0 P 0
L 34.600007 15.65400476 35.108007 15.90800476 0 P 0
L 34.600007 17.54600504 35.108007 17.29200504 0 P 0
L 34.600007 17.64760504 34.904807 17.49520504 0 P 0
L 34.600007 17.95240504 34.904807 18.10480504 0 P 0
L 34.600007 18.05400504 35.108007 18.30800504 0 P 0
L 34.600007 19.94600532 35.108007 19.69200532 0 P 0
L 34.600007 20.04760532 34.904807 19.89520532 0 P 0
L 34.600007 20.35240532 34.904807 20.50480532 0 P 0
L 34.600007 20.45400532 35.108007 20.70800532 0 P 0
L 34.600007 22.3460056 35.108007 22.0920056 0 P 0
L 34.600007 22.4476056 34.904807 22.2952056 0 P 0
L 34.600007 22.7524056 34.904807 22.9048056 0 P 0
L 34.600007 22.8540056 35.108007 23.1080056 0 P 0
L 34.600007 24.74600588 35.108007 24.49200588 0 P 0
L 34.600007 24.84760588 34.904807 24.69520588 0 P 0
L 34.600007 25.15240588 34.904807 25.30480588 0 P 0
L 34.600007 25.25400588 35.108007 25.50800588 0 P 0
L 34.600007 51.14600896 35.108007 50.89200896 0 P 0
L 34.600007 51.24760896 34.904807 51.09520896 0 P 0
L 34.600007 51.55240896 34.904807 51.70480896 0 P 0
L 34.600007 51.65400896 35.108007 51.90800896 0 P 0
L 34.600007 53.54600924 35.108007 53.29200924 0 P 0
L 34.600007 53.64760924 34.904807 53.49520924 0 P 0
L 34.600007 53.95240924 34.904807 54.10480924 0 P 0
L 34.600007 54.05400924 35.108007 54.30800924 0 P 0
L 34.600007 55.94600952 35.108007 55.69200952 0 P 0
L 34.600007 56.04760952 34.904807 55.89520952 0 P 0
L 34.600007 56.35240952 34.904807 56.50480952 0 P 0
L 34.600007 56.45400952 35.108007 56.70800952 0 P 0
L 34.600007 58.3460098 35.108007 58.0920098 0 P 0
L 34.600007 58.4476098 34.904807 58.2952098 0 P 0
L 34.600007 58.7524098 34.904807 58.9048098 0 P 0
L 34.600007 58.8540098 35.108007 59.1080098 0 P 0
L 34.62999932 39.95000138 34.62999932 40.79639542 0 P 0
L 34.62999932 40.79639542 35.05319634 41.2195899 0 P 0
L 34.6920058 1.69200322 34.9460058 2.20000322 0 P 0
L 34.6920058 1.69200322 35.2000058 1.94600322 0 P 0
L 34.6920058 2.70800322 34.9460058 2.20000322 0 P 0
L 34.6920058 2.70800322 35.2000058 2.45400322 0 P 0
L 34.6920058 13.69200462 34.9460058 14.20000462 0 P 0
L 34.6920058 13.69200462 35.2000058 13.94600462 0 P 0
L 34.6920058 14.70800462 34.9460058 14.20000462 0 P 0
L 34.6920058 14.70800462 35.2000058 14.45400462 0 P 0
L 34.6920058 16.0920049 34.9460058 16.6000049 0 P 0
L 34.6920058 16.0920049 35.2000058 16.3460049 0 P 0
L 34.6920058 17.1080049 34.9460058 16.6000049 0 P 0
L 34.6920058 17.1080049 35.2000058 16.8540049 0 P 0
L 34.6920058 18.49200518 34.9460058 19.00000518 0 P 0
L 34.6920058 18.49200518 35.2000058 18.74600518 0 P 0
L 34.6920058 19.50800518 34.9460058 19.00000518 0 P 0
L 34.6920058 19.50800518 35.2000058 19.25400518 0 P 0
L 34.6920058 20.89200546 34.9460058 21.40000546 0 P 0
L 34.6920058 20.89200546 35.2000058 21.14600546 0 P 0
L 34.6920058 21.90800546 34.9460058 21.40000546 0 P 0
L 34.6920058 21.90800546 35.2000058 21.65400546 0 P 0
L 34.6920058 23.29200574 34.9460058 23.80000574 0 P 0
L 34.6920058 23.29200574 35.2000058 23.54600574 0 P 0
L 34.6920058 24.30800574 34.9460058 23.80000574 0 P 0
L 34.6920058 24.30800574 35.2000058 24.05400574 0 P 0
L 34.6920058 49.69200882 34.9460058 50.20000882 0 P 0
L 34.6920058 49.69200882 35.2000058 49.94600882 0 P 0
L 34.6920058 50.70800882 34.9460058 50.20000882 0 P 0
L 34.6920058 50.70800882 35.2000058 50.45400882 0 P 0
L 34.6920058 52.0920091 34.9460058 52.6000091 0 P 0
L 34.6920058 52.0920091 35.2000058 52.3460091 0 P 0
L 34.6920058 53.1080091 34.9460058 52.6000091 0 P 0
L 34.6920058 53.1080091 35.2000058 52.8540091 0 P 0
L 34.6920058 54.49200938 34.9460058 55.00000938 0 P 0
L 34.6920058 54.49200938 35.2000058 54.74600938 0 P 0
L 34.6920058 55.50800938 34.9460058 55.00000938 0 P 0
L 34.6920058 55.50800938 35.2000058 55.25400938 0 P 0
L 34.6920058 56.89200966 34.9460058 57.40000966 0 P 0
L 34.6920058 56.89200966 35.2000058 57.14600966 0 P 0
L 34.6920058 57.90800966 34.9460058 57.40000966 0 P 0
L 34.6920058 57.90800966 35.2000058 57.65400966 0 P 0
L 34.6920058 59.29200994 34.9460058 59.80000994 0 P 0
L 34.6920058 59.29200994 35.2000058 59.54600994 0 P 0
L 34.6920058 60.30800994 34.9460058 59.80000994 0 P 0
L 34.6920058 60.30800994 35.2000058 60.05400994 0 P 0
L 34.6920058 61.69201022 34.9460058 62.20001022 0 P 0
L 34.6920058 61.69201022 35.2000058 61.94601022 0 P 0
L 34.6920058 62.70801022 34.9460058 62.20001022 0 P 0
L 34.6920058 62.70801022 35.2000058 62.45401022 0 P 0
L 34.752407 13.00000448 34.904807 12.69520448 0 P 0
L 34.752407 13.00000448 34.904807 13.30480448 0 P 0
L 34.752407 15.40000476 34.904807 15.09520476 0 P 0
L 34.752407 15.40000476 34.904807 15.70480476 0 P 0
L 34.752407 17.80000504 34.904807 17.49520504 0 P 0
L 34.752407 17.80000504 34.904807 18.10480504 0 P 0
L 34.752407 20.20000532 34.904807 19.89520532 0 P 0
L 34.752407 20.20000532 34.904807 20.50480532 0 P 0
L 34.752407 22.6000056 34.904807 22.2952056 0 P 0
L 34.752407 22.6000056 34.904807 22.9048056 0 P 0
L 34.752407 25.00000588 34.904807 24.69520588 0 P 0
L 34.752407 25.00000588 34.904807 25.30480588 0 P 0
L 34.752407 51.40000896 34.904807 51.09520896 0 P 0
L 34.752407 51.40000896 34.904807 51.70480896 0 P 0
L 34.752407 53.80000924 34.904807 53.49520924 0 P 0
L 34.752407 53.80000924 34.904807 54.10480924 0 P 0
L 34.752407 56.20000952 34.904807 55.89520952 0 P 0
L 34.752407 56.20000952 34.904807 56.50480952 0 P 0
L 34.752407 58.6000098 34.904807 58.2952098 0 P 0
L 34.752407 58.6000098 34.904807 58.9048098 0 P 0
L 34.854007 13.00000448 35.108007 12.49200448 0 P 0
L 34.854007 13.00000448 35.108007 13.50800448 0 P 0
L 34.854007 15.40000476 35.108007 14.89200476 0 P 0
L 34.854007 15.40000476 35.108007 15.90800476 0 P 0
L 34.854007 17.80000504 35.108007 17.29200504 0 P 0
L 34.854007 17.80000504 35.108007 18.30800504 0 P 0
L 34.854007 20.20000532 35.108007 19.69200532 0 P 0
L 34.854007 20.20000532 35.108007 20.70800532 0 P 0
L 34.854007 22.6000056 35.108007 22.0920056 0 P 0
L 34.854007 22.6000056 35.108007 23.1080056 0 P 0
L 34.854007 25.00000588 35.108007 24.49200588 0 P 0
L 34.854007 25.00000588 35.108007 25.50800588 0 P 0
L 34.854007 51.40000896 35.108007 50.89200896 0 P 0
L 34.854007 51.40000896 35.108007 51.90800896 0 P 0
L 34.854007 53.80000924 35.108007 53.29200924 0 P 0
L 34.854007 53.80000924 35.108007 54.30800924 0 P 0
L 34.854007 56.20000952 35.108007 55.69200952 0 P 0
L 34.854007 56.20000952 35.108007 56.70800952 0 P 0
L 34.854007 58.6000098 35.108007 58.0920098 0 P 0
L 34.854007 58.6000098 35.108007 59.1080098 0 P 0
L 34.89200032 4.34599842 35.14600032 4.34599842 0 P 0
L 34.89200032 4.34599842 35.14600032 4.59999842 0 P 0
L 34.89200032 4.85399842 35.14600032 4.59999842 0 P 0
L 34.89200032 4.85399842 35.14600032 4.85399842 0 P 0
L 34.8952058 1.89520322 35.0476058 2.20000322 0 P 0
L 34.8952058 1.89520322 35.2000058 2.04760322 0 P 0
L 34.8952058 2.50480322 35.0476058 2.20000322 0 P 0
L 34.8952058 2.50480322 35.2000058 2.35240322 0 P 0
L 34.8952058 13.89520462 35.0476058 14.20000462 0 P 0
L 34.8952058 13.89520462 35.2000058 14.04760462 0 P 0
L 34.8952058 14.50480462 35.0476058 14.20000462 0 P 0
L 34.8952058 14.50480462 35.2000058 14.35240462 0 P 0
L 34.8952058 16.2952049 35.0476058 16.6000049 0 P 0
L 34.8952058 16.2952049 35.2000058 16.4476049 0 P 0
L 34.8952058 16.9048049 35.0476058 16.6000049 0 P 0
L 34.8952058 16.9048049 35.2000058 16.7524049 0 P 0
L 34.8952058 18.69520518 35.0476058 19.00000518 0 P 0
L 34.8952058 18.69520518 35.2000058 18.84760518 0 P 0
L 34.8952058 19.30480518 35.0476058 19.00000518 0 P 0
L 34.8952058 19.30480518 35.2000058 19.15240518 0 P 0
L 34.8952058 21.09520546 35.0476058 21.40000546 0 P 0
L 34.8952058 21.09520546 35.2000058 21.24760546 0 P 0
L 34.8952058 21.70480546 35.0476058 21.40000546 0 P 0
L 34.8952058 21.70480546 35.2000058 21.55240546 0 P 0
L 34.8952058 23.49520574 35.0476058 23.80000574 0 P 0
L 34.8952058 23.49520574 35.2000058 23.64760574 0 P 0
L 34.8952058 24.10480574 35.0476058 23.80000574 0 P 0
L 34.8952058 24.10480574 35.2000058 23.95240574 0 P 0
L 34.8952058 49.89520882 35.0476058 50.20000882 0 P 0
L 34.8952058 49.89520882 35.2000058 50.04760882 0 P 0
L 34.8952058 50.50480882 35.0476058 50.20000882 0 P 0
L 34.8952058 50.50480882 35.2000058 50.35240882 0 P 0
L 34.8952058 52.2952091 35.0476058 52.6000091 0 P 0
L 34.8952058 52.2952091 35.2000058 52.4476091 0 P 0
L 34.8952058 52.9048091 35.0476058 52.6000091 0 P 0
L 34.8952058 52.9048091 35.2000058 52.7524091 0 P 0
L 34.8952058 54.69520938 35.0476058 55.00000938 0 P 0
L 34.8952058 54.69520938 35.2000058 54.84760938 0 P 0
L 34.8952058 55.30480938 35.0476058 55.00000938 0 P 0
L 34.8952058 55.30480938 35.2000058 55.15240938 0 P 0
L 34.8952058 57.09520966 35.0476058 57.40000966 0 P 0
L 34.8952058 57.09520966 35.2000058 57.24760966 0 P 0
L 34.8952058 57.70480966 35.0476058 57.40000966 0 P 0
L 34.8952058 57.70480966 35.2000058 57.55240966 0 P 0
L 34.8952058 59.49520994 35.0476058 59.80000994 0 P 0
L 34.8952058 59.49520994 35.2000058 59.64760994 0 P 0
L 34.8952058 60.10480994 35.0476058 59.80000994 0 P 0
L 34.8952058 60.10480994 35.2000058 59.95240994 0 P 0
L 34.8952058 61.89521022 35.0476058 62.20001022 0 P 0
L 34.8952058 61.89521022 35.2000058 62.04761022 0 P 0
L 34.8952058 62.50481022 35.0476058 62.20001022 0 P 0
L 34.8952058 62.50481022 35.2000058 62.35241022 0 P 0
L 35.05319634 41.2195899 35.47639336 40.79639542 0 P 0
L 35.14600032 4.34599842 35.40000032 4.09199842 0 P 0
L 35.14600032 4.85399842 35.40000032 5.10799842 0 P 0
L 35.2000058 1.94600322 35.7080058 1.69200322 0 P 0
L 35.2000058 2.04760322 35.5048058 1.89520322 0 P 0
L 35.2000058 2.35240322 35.5048058 2.50480322 0 P 0
L 35.2000058 2.45400322 35.7080058 2.70800322 0 P 0
L 35.2000058 13.94600462 35.7080058 13.69200462 0 P 0
L 35.2000058 14.04760462 35.5048058 13.89520462 0 P 0
L 35.2000058 14.35240462 35.5048058 14.50480462 0 P 0
L 35.2000058 14.45400462 35.7080058 14.70800462 0 P 0
L 35.2000058 16.3460049 35.7080058 16.0920049 0 P 0
L 35.2000058 16.4476049 35.5048058 16.2952049 0 P 0
L 35.2000058 16.7524049 35.5048058 16.9048049 0 P 0
L 35.2000058 16.8540049 35.7080058 17.1080049 0 P 0
L 35.2000058 18.74600518 35.7080058 18.49200518 0 P 0
L 35.2000058 18.84760518 35.5048058 18.69520518 0 P 0
L 35.2000058 19.15240518 35.5048058 19.30480518 0 P 0
L 35.2000058 19.25400518 35.7080058 19.50800518 0 P 0
L 35.2000058 21.14600546 35.7080058 20.89200546 0 P 0
L 35.2000058 21.24760546 35.5048058 21.09520546 0 P 0
L 35.2000058 21.55240546 35.5048058 21.70480546 0 P 0
L 35.2000058 21.65400546 35.7080058 21.90800546 0 P 0
L 35.2000058 23.54600574 35.7080058 23.29200574 0 P 0
L 35.2000058 23.64760574 35.5048058 23.49520574 0 P 0
L 35.2000058 23.95240574 35.5048058 24.10480574 0 P 0
L 35.2000058 24.05400574 35.7080058 24.30800574 0 P 0
L 35.2000058 49.94600882 35.7080058 49.69200882 0 P 0
L 35.2000058 50.04760882 35.5048058 49.89520882 0 P 0
L 35.2000058 50.35240882 35.5048058 50.50480882 0 P 0
L 35.2000058 50.45400882 35.7080058 50.70800882 0 P 0
L 35.2000058 52.3460091 35.7080058 52.0920091 0 P 0
L 35.2000058 52.4476091 35.5048058 52.2952091 0 P 0
L 35.2000058 52.7524091 35.5048058 52.9048091 0 P 0
L 35.2000058 52.8540091 35.7080058 53.1080091 0 P 0
L 35.2000058 54.74600938 35.7080058 54.49200938 0 P 0
L 35.2000058 54.84760938 35.5048058 54.69520938 0 P 0
L 35.2000058 55.15240938 35.5048058 55.30480938 0 P 0
L 35.2000058 55.25400938 35.7080058 55.50800938 0 P 0
L 35.2000058 57.14600966 35.7080058 56.89200966 0 P 0
L 35.2000058 57.24760966 35.5048058 57.09520966 0 P 0
L 35.2000058 57.55240966 35.5048058 57.70480966 0 P 0
L 35.2000058 57.65400966 35.7080058 57.90800966 0 P 0
L 35.2000058 59.54600994 35.7080058 59.29200994 0 P 0
L 35.2000058 59.64760994 35.5048058 59.49520994 0 P 0
L 35.2000058 59.95240994 35.5048058 60.10480994 0 P 0
L 35.2000058 60.05400994 35.7080058 60.30800994 0 P 0
L 35.2000058 61.94601022 35.7080058 61.69201022 0 P 0
L 35.2000058 62.04761022 35.5048058 61.89521022 0 P 0
L 35.2000058 62.35241022 35.5048058 62.50481022 0 P 0
L 35.2000058 62.45401022 35.7080058 62.70801022 0 P 0
L 35.29200714 12.49200448 35.54600714 13.00000448 0 P 0
L 35.29200714 12.49200448 35.80000714 12.74600448 0 P 0
L 35.29200714 13.50800448 35.54600714 13.00000448 0 P 0
L 35.29200714 13.50800448 35.80000714 13.25400448 0 P 0
L 35.29200714 14.89200476 35.54600714 15.40000476 0 P 0
L 35.29200714 14.89200476 35.80000714 15.14600476 0 P 0
L 35.29200714 15.90800476 35.54600714 15.40000476 0 P 0
L 35.29200714 15.90800476 35.80000714 15.65400476 0 P 0
L 35.29200714 17.29200504 35.54600714 17.80000504 0 P 0
L 35.29200714 17.29200504 35.80000714 17.54600504 0 P 0
L 35.29200714 18.30800504 35.54600714 17.80000504 0 P 0
L 35.29200714 18.30800504 35.80000714 18.05400504 0 P 0
L 35.29200714 19.69200532 35.54600714 20.20000532 0 P 0
L 35.29200714 19.69200532 35.80000714 19.94600532 0 P 0
L 35.29200714 20.70800532 35.54600714 20.20000532 0 P 0
L 35.29200714 20.70800532 35.80000714 20.45400532 0 P 0
L 35.29200714 22.0920056 35.54600714 22.6000056 0 P 0
L 35.29200714 22.0920056 35.80000714 22.3460056 0 P 0
L 35.29200714 23.1080056 35.54600714 22.6000056 0 P 0
L 35.29200714 23.1080056 35.80000714 22.8540056 0 P 0
L 35.29200714 50.89200896 35.54600714 51.40000896 0 P 0
L 35.29200714 50.89200896 35.80000714 51.14600896 0 P 0
L 35.29200714 51.90800896 35.54600714 51.40000896 0 P 0
L 35.29200714 51.90800896 35.80000714 51.65400896 0 P 0
L 35.29200714 53.29200924 35.54600714 53.80000924 0 P 0
L 35.29200714 53.29200924 35.80000714 53.54600924 0 P 0
L 35.29200714 54.30800924 35.54600714 53.80000924 0 P 0
L 35.29200714 54.30800924 35.80000714 54.05400924 0 P 0
L 35.29200714 60.49201008 35.54600714 61.00001008 0 P 0
L 35.29200714 60.49201008 35.80000714 60.74601008 0 P 0
L 35.29200714 61.50801008 35.54600714 61.00001008 0 P 0
L 35.29200714 61.50801008 35.80000714 61.25401008 0 P 0
L 35.29200714 62.89201036 35.54600714 63.40001036 0 P 0
L 35.29200714 62.89201036 35.80000714 63.14601036 0 P 0
L 35.29200714 63.90801036 35.54600714 63.40001036 0 P 0
L 35.29200714 63.90801036 35.80000714 63.65401036 0 P 0
L 35.3524058 2.20000322 35.5048058 1.89520322 0 P 0
L 35.3524058 2.20000322 35.5048058 2.50480322 0 P 0
L 35.3524058 14.20000462 35.5048058 13.89520462 0 P 0
L 35.3524058 14.20000462 35.5048058 14.50480462 0 P 0
L 35.3524058 16.6000049 35.5048058 16.2952049 0 P 0
L 35.3524058 16.6000049 35.5048058 16.9048049 0 P 0
L 35.3524058 19.00000518 35.5048058 18.69520518 0 P 0
L 35.3524058 19.00000518 35.5048058 19.30480518 0 P 0
L 35.3524058 21.40000546 35.5048058 21.09520546 0 P 0
L 35.3524058 21.40000546 35.5048058 21.70480546 0 P 0
L 35.3524058 23.80000574 35.5048058 23.49520574 0 P 0
L 35.3524058 23.80000574 35.5048058 24.10480574 0 P 0
L 35.3524058 50.20000882 35.5048058 49.89520882 0 P 0
L 35.3524058 50.20000882 35.5048058 50.50480882 0 P 0
L 35.3524058 52.6000091 35.5048058 52.2952091 0 P 0
L 35.3524058 52.6000091 35.5048058 52.9048091 0 P 0
L 35.3524058 55.00000938 35.5048058 54.69520938 0 P 0
L 35.3524058 55.00000938 35.5048058 55.30480938 0 P 0
L 35.3524058 57.40000966 35.5048058 57.09520966 0 P 0
L 35.3524058 57.40000966 35.5048058 57.70480966 0 P 0
L 35.3524058 59.80000994 35.5048058 59.49520994 0 P 0
L 35.3524058 59.80000994 35.5048058 60.10480994 0 P 0
L 35.3524058 62.20001022 35.5048058 61.89521022 0 P 0
L 35.3524058 62.20001022 35.5048058 62.50481022 0 P 0
L 35.40000032 4.09199842 35.65400032 4.34599842 0 P 0
L 35.40000032 5.10799842 35.65400032 4.85399842 0 P 0
L 35.40000032 11.20000046 36.03479458 11.20000046 0 P 0
L 35.40000032 11.83479472 36.03479458 11.83479472 0 P 0
L 35.40000032 12.46958898 35.40000032 11.20000046 0 P 0
L 35.4540058 2.20000322 35.7080058 1.69200322 0 P 0
L 35.4540058 2.20000322 35.7080058 2.70800322 0 P 0
L 35.4540058 14.20000462 35.7080058 13.69200462 0 P 0
L 35.4540058 14.20000462 35.7080058 14.70800462 0 P 0
L 35.4540058 16.6000049 35.7080058 16.0920049 0 P 0
L 35.4540058 16.6000049 35.7080058 17.1080049 0 P 0
L 35.4540058 19.00000518 35.7080058 18.49200518 0 P 0
L 35.4540058 19.00000518 35.7080058 19.50800518 0 P 0
L 35.4540058 21.40000546 35.7080058 20.89200546 0 P 0
L 35.4540058 21.40000546 35.7080058 21.90800546 0 P 0
L 35.4540058 23.80000574 35.7080058 23.29200574 0 P 0
L 35.4540058 23.80000574 35.7080058 24.30800574 0 P 0
L 35.4540058 50.20000882 35.7080058 49.69200882 0 P 0
L 35.4540058 50.20000882 35.7080058 50.70800882 0 P 0
L 35.4540058 52.6000091 35.7080058 52.0920091 0 P 0
L 35.4540058 52.6000091 35.7080058 53.1080091 0 P 0
L 35.4540058 55.00000938 35.7080058 54.49200938 0 P 0
L 35.4540058 55.00000938 35.7080058 55.50800938 0 P 0
L 35.4540058 57.40000966 35.7080058 56.89200966 0 P 0
L 35.4540058 57.40000966 35.7080058 57.90800966 0 P 0
L 35.4540058 59.80000994 35.7080058 59.29200994 0 P 0
L 35.4540058 59.80000994 35.7080058 60.30800994 0 P 0
L 35.4540058 62.20001022 35.7080058 61.69201022 0 P 0
L 35.4540058 62.20001022 35.7080058 62.70801022 0 P 0
L 35.47639336 39.95000138 35.47639336 40.58479564 0 P 0
L 35.47639336 40.58479564 34.62999932 40.58479564 0 P 0
L 35.47639336 40.79639542 35.47639336 39.95000138 0 P 0
L 35.49520714 12.69520448 35.64760714 13.00000448 0 P 0
L 35.49520714 12.69520448 35.80000714 12.84760448 0 P 0
L 35.49520714 13.30480448 35.64760714 13.00000448 0 P 0
L 35.49520714 13.30480448 35.80000714 13.15240448 0 P 0
L 35.49520714 15.09520476 35.64760714 15.40000476 0 P 0
L 35.49520714 15.09520476 35.80000714 15.24760476 0 P 0
L 35.49520714 15.70480476 35.64760714 15.40000476 0 P 0
L 35.49520714 15.70480476 35.80000714 15.55240476 0 P 0
L 35.49520714 17.49520504 35.64760714 17.80000504 0 P 0
L 35.49520714 17.49520504 35.80000714 17.64760504 0 P 0
L 35.49520714 18.10480504 35.64760714 17.80000504 0 P 0
L 35.49520714 18.10480504 35.80000714 17.95240504 0 P 0
L 35.49520714 19.89520532 35.64760714 20.20000532 0 P 0
L 35.49520714 19.89520532 35.80000714 20.04760532 0 P 0
L 35.49520714 20.50480532 35.64760714 20.20000532 0 P 0
L 35.49520714 20.50480532 35.80000714 20.35240532 0 P 0
L 35.49520714 22.2952056 35.64760714 22.6000056 0 P 0
L 35.49520714 22.2952056 35.80000714 22.4476056 0 P 0
L 35.49520714 22.9048056 35.64760714 22.6000056 0 P 0
L 35.49520714 22.9048056 35.80000714 22.7524056 0 P 0
L 35.49520714 51.09520896 35.64760714 51.40000896 0 P 0
L 35.49520714 51.09520896 35.80000714 51.24760896 0 P 0
L 35.49520714 51.70480896 35.64760714 51.40000896 0 P 0
L 35.49520714 51.70480896 35.80000714 51.55240896 0 P 0
L 35.49520714 53.49520924 35.64760714 53.80000924 0 P 0
L 35.49520714 53.49520924 35.80000714 53.64760924 0 P 0
L 35.49520714 54.10480924 35.64760714 53.80000924 0 P 0
L 35.49520714 54.10480924 35.80000714 53.95240924 0 P 0
L 35.49520714 60.69521008 35.64760714 61.00001008 0 P 0
L 35.49520714 60.69521008 35.80000714 60.84761008 0 P 0
L 35.49520714 61.30481008 35.64760714 61.00001008 0 P 0
L 35.49520714 61.30481008 35.80000714 61.15241008 0 P 0
L 35.49520714 63.09521036 35.64760714 63.40001036 0 P 0
L 35.49520714 63.09521036 35.80000714 63.24761036 0 P 0
L 35.49520714 63.70481036 35.64760714 63.40001036 0 P 0
L 35.49520714 63.70481036 35.80000714 63.55241036 0 P 0
L 35.65400032 4.34599842 35.90800032 4.34599842 0 P 0
L 35.65400032 4.59999842 35.90800032 4.34599842 0 P 0
L 35.65400032 4.59999842 35.90800032 4.85399842 0 P 0
L 35.65400032 4.85399842 35.90800032 4.85399842 0 P 0
L 35.80000714 12.74600448 36.30800714 12.49200448 0 P 0
L 35.80000714 12.84760448 36.10480714 12.69520448 0 P 0
L 35.80000714 13.15240448 36.10480714 13.30480448 0 P 0
L 35.80000714 13.25400448 36.30800714 13.50800448 0 P 0
L 35.80000714 15.14600476 36.30800714 14.89200476 0 P 0
L 35.80000714 15.24760476 36.10480714 15.09520476 0 P 0
L 35.80000714 15.55240476 36.10480714 15.70480476 0 P 0
L 35.80000714 15.65400476 36.30800714 15.90800476 0 P 0
L 35.80000714 17.54600504 36.30800714 17.29200504 0 P 0
L 35.80000714 17.64760504 36.10480714 17.49520504 0 P 0
L 35.80000714 17.95240504 36.10480714 18.10480504 0 P 0
L 35.80000714 18.05400504 36.30800714 18.30800504 0 P 0
L 35.80000714 19.94600532 36.30800714 19.69200532 0 P 0
L 35.80000714 20.04760532 36.10480714 19.89520532 0 P 0
L 35.80000714 20.35240532 36.10480714 20.50480532 0 P 0
L 35.80000714 20.45400532 36.30800714 20.70800532 0 P 0
L 35.80000714 22.3460056 36.30800714 22.0920056 0 P 0
L 35.80000714 22.4476056 36.10480714 22.2952056 0 P 0
L 35.80000714 22.7524056 36.10480714 22.9048056 0 P 0
L 35.80000714 22.8540056 36.30800714 23.1080056 0 P 0
L 35.80000714 51.14600896 36.30800714 50.89200896 0 P 0
L 35.80000714 51.24760896 36.10480714 51.09520896 0 P 0
L 35.80000714 51.55240896 36.10480714 51.70480896 0 P 0
L 35.80000714 51.65400896 36.30800714 51.90800896 0 P 0
L 35.80000714 53.54600924 36.30800714 53.29200924 0 P 0
L 35.80000714 53.64760924 36.10480714 53.49520924 0 P 0
L 35.80000714 53.95240924 36.10480714 54.10480924 0 P 0
L 35.80000714 54.05400924 36.30800714 54.30800924 0 P 0
L 35.80000714 60.74601008 36.30800714 60.49201008 0 P 0
L 35.80000714 60.84761008 36.10480714 60.69521008 0 P 0
L 35.80000714 61.15241008 36.10480714 61.30481008 0 P 0
L 35.80000714 61.25401008 36.30800714 61.50801008 0 P 0
L 35.80000714 63.14601036 36.30800714 62.89201036 0 P 0
L 35.80000714 63.24761036 36.10480714 63.09521036 0 P 0
L 35.80000714 63.55241036 36.10480714 63.70481036 0 P 0
L 35.80000714 63.65401036 36.30800714 63.90801036 0 P 0
L 35.89200594 1.69200322 36.14600594 2.20000322 0 P 0
L 35.89200594 1.69200322 36.40000594 1.94600322 0 P 0
L 35.89200594 2.70800322 36.14600594 2.20000322 0 P 0
L 35.89200594 2.70800322 36.40000594 2.45400322 0 P 0
L 35.89200594 6.49200378 36.14600594 7.00000378 0 P 0
L 35.89200594 6.49200378 36.40000594 6.74600378 0 P 0
L 35.89200594 7.50800378 36.14600594 7.00000378 0 P 0
L 35.89200594 7.50800378 36.40000594 7.25400378 0 P 0
L 35.89200594 13.69200462 36.14600594 14.20000462 0 P 0
L 35.89200594 13.69200462 36.40000594 13.94600462 0 P 0
L 35.89200594 14.70800462 36.14600594 14.20000462 0 P 0
L 35.89200594 14.70800462 36.40000594 14.45400462 0 P 0
L 35.89200594 16.0920049 36.14600594 16.6000049 0 P 0
L 35.89200594 16.0920049 36.40000594 16.3460049 0 P 0
L 35.89200594 17.1080049 36.14600594 16.6000049 0 P 0
L 35.89200594 17.1080049 36.40000594 16.8540049 0 P 0
L 35.89200594 18.49200518 36.14600594 19.00000518 0 P 0
L 35.89200594 18.49200518 36.40000594 18.74600518 0 P 0
L 35.89200594 19.50800518 36.14600594 19.00000518 0 P 0
L 35.89200594 19.50800518 36.40000594 19.25400518 0 P 0
L 35.89200594 20.89200546 36.14600594 21.40000546 0 P 0
L 35.89200594 20.89200546 36.40000594 21.14600546 0 P 0
L 35.89200594 21.90800546 36.14600594 21.40000546 0 P 0
L 35.89200594 21.90800546 36.40000594 21.65400546 0 P 0
L 35.89200594 23.29200574 36.14600594 23.80000574 0 P 0
L 35.89200594 23.29200574 36.40000594 23.54600574 0 P 0
L 35.89200594 24.30800574 36.14600594 23.80000574 0 P 0
L 35.89200594 24.30800574 36.40000594 24.05400574 0 P 0
L 35.89200594 49.69200882 36.14600594 50.20000882 0 P 0
L 35.89200594 49.69200882 36.40000594 49.94600882 0 P 0
L 35.89200594 50.70800882 36.14600594 50.20000882 0 P 0
L 35.89200594 50.70800882 36.40000594 50.45400882 0 P 0
L 35.89200594 54.49200938 36.14600594 55.00000938 0 P 0
L 35.89200594 54.49200938 36.40000594 54.74600938 0 P 0
L 35.89200594 55.50800938 36.14600594 55.00000938 0 P 0
L 35.89200594 55.50800938 36.40000594 55.25400938 0 P 0
L 35.95240714 13.00000448 36.10480714 12.69520448 0 P 0
L 35.95240714 13.00000448 36.10480714 13.30480448 0 P 0
L 35.95240714 15.40000476 36.10480714 15.09520476 0 P 0
L 35.95240714 15.40000476 36.10480714 15.70480476 0 P 0
L 35.95240714 17.80000504 36.10480714 17.49520504 0 P 0
L 35.95240714 17.80000504 36.10480714 18.10480504 0 P 0
L 35.95240714 20.20000532 36.10480714 19.89520532 0 P 0
L 35.95240714 20.20000532 36.10480714 20.50480532 0 P 0
L 35.95240714 22.6000056 36.10480714 22.2952056 0 P 0
L 35.95240714 22.6000056 36.10480714 22.9048056 0 P 0
L 35.95240714 51.40000896 36.10480714 51.09520896 0 P 0
L 35.95240714 51.40000896 36.10480714 51.70480896 0 P 0
L 35.95240714 53.80000924 36.10480714 53.49520924 0 P 0
L 35.95240714 53.80000924 36.10480714 54.10480924 0 P 0
L 35.95240714 61.00001008 36.10480714 60.69521008 0 P 0
L 35.95240714 61.00001008 36.10480714 61.30481008 0 P 0
L 35.95240714 63.40001036 36.10480714 63.09521036 0 P 0
L 35.95240714 63.40001036 36.10480714 63.70481036 0 P 0
L 36.03479458 11.20000046 36.24639436 11.4115977 0 P 0
L 36.03479458 11.83479472 35.40000032 11.83479472 0 P 0
L 36.03479458 11.83479472 36.24639436 12.0463945 0 P 0
L 36.03479458 12.46958898 35.40000032 12.46958898 0 P 0
L 36.05400714 13.00000448 36.30800714 12.49200448 0 P 0
L 36.05400714 13.00000448 36.30800714 13.50800448 0 P 0
L 36.05400714 15.40000476 36.30800714 14.89200476 0 P 0
L 36.05400714 15.40000476 36.30800714 15.90800476 0 P 0
L 36.05400714 17.80000504 36.30800714 17.29200504 0 P 0
L 36.05400714 17.80000504 36.30800714 18.30800504 0 P 0
L 36.05400714 20.20000532 36.30800714 19.69200532 0 P 0
L 36.05400714 20.20000532 36.30800714 20.70800532 0 P 0
L 36.05400714 22.6000056 36.30800714 22.0920056 0 P 0
L 36.05400714 22.6000056 36.30800714 23.1080056 0 P 0
L 36.05400714 51.40000896 36.30800714 50.89200896 0 P 0
L 36.05400714 51.40000896 36.30800714 51.90800896 0 P 0
L 36.05400714 53.80000924 36.30800714 53.29200924 0 P 0
L 36.05400714 53.80000924 36.30800714 54.30800924 0 P 0
L 36.05400714 61.00001008 36.30800714 60.49201008 0 P 0
L 36.05400714 61.00001008 36.30800714 61.50801008 0 P 0
L 36.05400714 63.40001036 36.30800714 62.89201036 0 P 0
L 36.05400714 63.40001036 36.30800714 63.90801036 0 P 0
L 36.09520594 1.89520322 36.24760594 2.20000322 0 P 0
L 36.09520594 1.89520322 36.40000594 2.04760322 0 P 0
L 36.09520594 2.50480322 36.24760594 2.20000322 0 P 0
L 36.09520594 2.50480322 36.40000594 2.35240322 0 P 0
L 36.09520594 6.69520378 36.24760594 7.00000378 0 P 0
L 36.09520594 6.69520378 36.40000594 6.84760378 0 P 0
L 36.09520594 7.30480378 36.24760594 7.00000378 0 P 0
L 36.09520594 7.30480378 36.40000594 7.15240378 0 P 0
L 36.09520594 13.89520462 36.24760594 14.20000462 0 P 0
L 36.09520594 13.89520462 36.40000594 14.04760462 0 P 0
L 36.09520594 14.50480462 36.24760594 14.20000462 0 P 0
L 36.09520594 14.50480462 36.40000594 14.35240462 0 P 0
L 36.09520594 16.2952049 36.24760594 16.6000049 0 P 0
L 36.09520594 16.2952049 36.40000594 16.4476049 0 P 0
L 36.09520594 16.9048049 36.24760594 16.6000049 0 P 0
L 36.09520594 16.9048049 36.40000594 16.7524049 0 P 0
L 36.09520594 18.69520518 36.24760594 19.00000518 0 P 0
L 36.09520594 18.69520518 36.40000594 18.84760518 0 P 0
L 36.09520594 19.30480518 36.24760594 19.00000518 0 P 0
L 36.09520594 19.30480518 36.40000594 19.15240518 0 P 0
L 36.09520594 21.09520546 36.24760594 21.40000546 0 P 0
L 36.09520594 21.09520546 36.40000594 21.24760546 0 P 0
L 36.09520594 21.70480546 36.24760594 21.40000546 0 P 0
L 36.09520594 21.70480546 36.40000594 21.55240546 0 P 0
L 36.09520594 23.49520574 36.24760594 23.80000574 0 P 0
L 36.09520594 23.49520574 36.40000594 23.64760574 0 P 0
L 36.09520594 24.10480574 36.24760594 23.80000574 0 P 0
L 36.09520594 24.10480574 36.40000594 23.95240574 0 P 0
L 36.09520594 49.89520882 36.24760594 50.20000882 0 P 0
L 36.09520594 49.89520882 36.40000594 50.04760882 0 P 0
L 36.09520594 50.50480882 36.24760594 50.20000882 0 P 0
L 36.09520594 50.50480882 36.40000594 50.35240882 0 P 0
L 36.09520594 54.69520938 36.24760594 55.00000938 0 P 0
L 36.09520594 54.69520938 36.40000594 54.84760938 0 P 0
L 36.09520594 55.30480938 36.24760594 55.00000938 0 P 0
L 36.09520594 55.30480938 36.40000594 55.15240938 0 P 0
L 36.24639436 11.4115977 36.24639436 11.62319748 0 P 0
L 36.24639436 11.62319748 36.03479458 11.83479472 0 P 0
L 36.24639436 12.0463945 36.24639436 12.25799174 0 P 0
L 36.24639436 12.25799174 36.03479458 12.46958898 0 P 0
L 36.40000594 1.94600322 36.90800594 1.69200322 0 P 0
L 36.40000594 2.04760322 36.70480594 1.89520322 0 P 0
L 36.40000594 2.35240322 36.70480594 2.50480322 0 P 0
L 36.40000594 2.45400322 36.90800594 2.70800322 0 P 0
L 36.40000594 6.74600378 36.90800594 6.49200378 0 P 0
L 36.40000594 6.84760378 36.70480594 6.69520378 0 P 0
L 36.40000594 7.15240378 36.70480594 7.30480378 0 P 0
L 36.40000594 7.25400378 36.90800594 7.50800378 0 P 0
L 36.40000594 13.94600462 36.90800594 13.69200462 0 P 0
L 36.40000594 14.04760462 36.70480594 13.89520462 0 P 0
L 36.40000594 14.35240462 36.70480594 14.50480462 0 P 0
L 36.40000594 14.45400462 36.90800594 14.70800462 0 P 0
L 36.40000594 16.3460049 36.90800594 16.0920049 0 P 0
L 36.40000594 16.4476049 36.70480594 16.2952049 0 P 0
L 36.40000594 16.7524049 36.70480594 16.9048049 0 P 0
L 36.40000594 16.8540049 36.90800594 17.1080049 0 P 0
L 36.40000594 18.74600518 36.90800594 18.49200518 0 P 0
L 36.40000594 18.84760518 36.70480594 18.69520518 0 P 0
L 36.40000594 19.15240518 36.70480594 19.30480518 0 P 0
L 36.40000594 19.25400518 36.90800594 19.50800518 0 P 0
L 36.40000594 21.14600546 36.90800594 20.89200546 0 P 0
L 36.40000594 21.24760546 36.70480594 21.09520546 0 P 0
L 36.40000594 21.55240546 36.70480594 21.70480546 0 P 0
L 36.40000594 21.65400546 36.90800594 21.90800546 0 P 0
L 36.40000594 23.54600574 36.90800594 23.29200574 0 P 0
L 36.40000594 23.64760574 36.70480594 23.49520574 0 P 0
L 36.40000594 23.95240574 36.70480594 24.10480574 0 P 0
L 36.40000594 24.05400574 36.90800594 24.30800574 0 P 0
L 36.40000594 49.94600882 36.90800594 49.69200882 0 P 0
L 36.40000594 50.04760882 36.70480594 49.89520882 0 P 0
L 36.40000594 50.35240882 36.70480594 50.50480882 0 P 0
L 36.40000594 50.45400882 36.90800594 50.70800882 0 P 0
L 36.40000594 54.74600938 36.90800594 54.49200938 0 P 0
L 36.40000594 54.84760938 36.70480594 54.69520938 0 P 0
L 36.40000594 55.15240938 36.70480594 55.30480938 0 P 0
L 36.40000594 55.25400938 36.90800594 55.50800938 0 P 0
L 36.49200728 2.89200336 36.74600728 3.40000336 0 P 0
L 36.49200728 2.89200336 37.00000728 3.14600336 0 P 0
L 36.49200728 3.90800336 36.74600728 3.40000336 0 P 0
L 36.49200728 3.90800336 37.00000728 3.65400336 0 P 0
L 36.49200728 48.49200868 36.74600728 49.00000868 0 P 0
L 36.49200728 48.49200868 37.00000728 48.74600868 0 P 0
L 36.49200728 49.50800868 36.74600728 49.00000868 0 P 0
L 36.49200728 49.50800868 37.00000728 49.25400868 0 P 0
L 36.49200728 53.29200924 36.74600728 53.80000924 0 P 0
L 36.49200728 53.29200924 37.00000728 53.54600924 0 P 0
L 36.49200728 54.30800924 36.74600728 53.80000924 0 P 0
L 36.49200728 54.30800924 37.00000728 54.05400924 0 P 0
L 36.49200728 62.89201036 36.74600728 63.40001036 0 P 0
L 36.49200728 62.89201036 37.00000728 63.14601036 0 P 0
L 36.49200728 63.90801036 36.74600728 63.40001036 0 P 0
L 36.49200728 63.90801036 37.00000728 63.65401036 0 P 0
L 36.55240594 2.20000322 36.70480594 1.89520322 0 P 0
L 36.55240594 2.20000322 36.70480594 2.50480322 0 P 0
L 36.55240594 7.00000378 36.70480594 6.69520378 0 P 0
L 36.55240594 7.00000378 36.70480594 7.30480378 0 P 0
L 36.55240594 14.20000462 36.70480594 13.89520462 0 P 0
L 36.55240594 14.20000462 36.70480594 14.50480462 0 P 0
L 36.55240594 16.6000049 36.70480594 16.2952049 0 P 0
L 36.55240594 16.6000049 36.70480594 16.9048049 0 P 0
L 36.55240594 19.00000518 36.70480594 18.69520518 0 P 0
L 36.55240594 19.00000518 36.70480594 19.30480518 0 P 0
L 36.55240594 21.40000546 36.70480594 21.09520546 0 P 0
L 36.55240594 21.40000546 36.70480594 21.70480546 0 P 0
L 36.55240594 23.80000574 36.70480594 23.49520574 0 P 0
L 36.55240594 23.80000574 36.70480594 24.10480574 0 P 0
L 36.55240594 50.20000882 36.70480594 49.89520882 0 P 0
L 36.55240594 50.20000882 36.70480594 50.50480882 0 P 0
L 36.55240594 55.00000938 36.70480594 54.69520938 0 P 0
L 36.55240594 55.00000938 36.70480594 55.30480938 0 P 0
L 36.65400594 2.20000322 36.90800594 1.69200322 0 P 0
L 36.65400594 2.20000322 36.90800594 2.70800322 0 P 0
L 36.65400594 7.00000378 36.90800594 6.49200378 0 P 0
L 36.65400594 7.00000378 36.90800594 7.50800378 0 P 0
L 36.65400594 14.20000462 36.90800594 13.69200462 0 P 0
L 36.65400594 14.20000462 36.90800594 14.70800462 0 P 0
L 36.65400594 16.6000049 36.90800594 16.0920049 0 P 0
L 36.65400594 16.6000049 36.90800594 17.1080049 0 P 0
L 36.65400594 19.00000518 36.90800594 18.49200518 0 P 0
L 36.65400594 19.00000518 36.90800594 19.50800518 0 P 0
L 36.65400594 21.40000546 36.90800594 20.89200546 0 P 0
L 36.65400594 21.40000546 36.90800594 21.90800546 0 P 0
L 36.65400594 23.80000574 36.90800594 23.29200574 0 P 0
L 36.65400594 23.80000574 36.90800594 24.30800574 0 P 0
L 36.65400594 50.20000882 36.90800594 49.69200882 0 P 0
L 36.65400594 50.20000882 36.90800594 50.70800882 0 P 0
L 36.65400594 55.00000938 36.90800594 54.49200938 0 P 0
L 36.65400594 55.00000938 36.90800594 55.50800938 0 P 0
L 36.69520728 3.09520336 36.84760728 3.40000336 0 P 0
L 36.69520728 3.09520336 37.00000728 3.24760336 0 P 0
L 36.69520728 3.70480336 36.84760728 3.40000336 0 P 0
L 36.69520728 3.70480336 37.00000728 3.55240336 0 P 0
L 36.69520728 48.69520868 36.84760728 49.00000868 0 P 0
L 36.69520728 48.69520868 37.00000728 48.84760868 0 P 0
L 36.69520728 49.30480868 36.84760728 49.00000868 0 P 0
L 36.69520728 49.30480868 37.00000728 49.15240868 0 P 0
L 36.69520728 53.49520924 36.84760728 53.80000924 0 P 0
L 36.69520728 53.49520924 37.00000728 53.64760924 0 P 0
L 36.69520728 54.10480924 36.84760728 53.80000924 0 P 0
L 36.69520728 54.10480924 37.00000728 53.95240924 0 P 0
L 36.69520728 63.09521036 36.84760728 63.40001036 0 P 0
L 36.69520728 63.09521036 37.00000728 63.24761036 0 P 0
L 36.69520728 63.70481036 36.84760728 63.40001036 0 P 0
L 36.69520728 63.70481036 37.00000728 63.55241036 0 P 0
L 37.00000728 3.14600336 37.50800728 2.89200336 0 P 0
L 37.00000728 3.24760336 37.30480728 3.09520336 0 P 0
L 37.00000728 3.55240336 37.30480728 3.70480336 0 P 0
L 37.00000728 3.65400336 37.50800728 3.90800336 0 P 0
L 37.00000728 48.74600868 37.50800728 48.49200868 0 P 0
L 37.00000728 48.84760868 37.30480728 48.69520868 0 P 0
L 37.00000728 49.15240868 37.30480728 49.30480868 0 P 0
L 37.00000728 49.25400868 37.50800728 49.50800868 0 P 0
L 37.00000728 53.54600924 37.50800728 53.29200924 0 P 0
L 37.00000728 53.64760924 37.30480728 53.49520924 0 P 0
L 37.00000728 53.95240924 37.30480728 54.10480924 0 P 0
L 37.00000728 54.05400924 37.50800728 54.30800924 0 P 0
L 37.00000728 63.14601036 37.50800728 62.89201036 0 P 0
L 37.00000728 63.24761036 37.30480728 63.09521036 0 P 0
L 37.00000728 63.55241036 37.30480728 63.70481036 0 P 0
L 37.00000728 63.65401036 37.50800728 63.90801036 0 P 0
L 37.09200608 1.69200322 37.34600608 2.20000322 0 P 0
L 37.09200608 1.69200322 37.60000608 1.94600322 0 P 0
L 37.09200608 2.70800322 37.34600608 2.20000322 0 P 0
L 37.09200608 2.70800322 37.60000608 2.45400322 0 P 0
L 37.09200608 44.89200826 37.34600608 45.40000826 0 P 0
L 37.09200608 44.89200826 37.60000608 45.14600826 0 P 0
L 37.09200608 45.90800826 37.34600608 45.40000826 0 P 0
L 37.09200608 45.90800826 37.60000608 45.65400826 0 P 0
L 37.09200608 47.29200854 37.34600608 47.80000854 0 P 0
L 37.09200608 47.29200854 37.60000608 47.54600854 0 P 0
L 37.09200608 48.30800854 37.34600608 47.80000854 0 P 0
L 37.09200608 48.30800854 37.60000608 48.05400854 0 P 0
L 37.09200608 49.69200882 37.34600608 50.20000882 0 P 0
L 37.09200608 49.69200882 37.60000608 49.94600882 0 P 0
L 37.09200608 50.70800882 37.34600608 50.20000882 0 P 0
L 37.09200608 50.70800882 37.60000608 50.45400882 0 P 0
L 37.09200608 54.49200938 37.34600608 55.00000938 0 P 0
L 37.09200608 54.49200938 37.60000608 54.74600938 0 P 0
L 37.09200608 55.50800938 37.34600608 55.00000938 0 P 0
L 37.09200608 55.50800938 37.60000608 55.25400938 0 P 0
L 37.15240728 3.40000336 37.30480728 3.09520336 0 P 0
L 37.15240728 3.40000336 37.30480728 3.70480336 0 P 0
L 37.15240728 49.00000868 37.30480728 48.69520868 0 P 0
L 37.15240728 49.00000868 37.30480728 49.30480868 0 P 0
L 37.15240728 53.80000924 37.30480728 53.49520924 0 P 0
L 37.15240728 53.80000924 37.30480728 54.10480924 0 P 0
L 37.15240728 63.40001036 37.30480728 63.09521036 0 P 0
L 37.15240728 63.40001036 37.30480728 63.70481036 0 P 0
L 37.25400728 3.40000336 37.50800728 2.89200336 0 P 0
L 37.25400728 3.40000336 37.50800728 3.90800336 0 P 0
L 37.25400728 49.00000868 37.50800728 48.49200868 0 P 0
L 37.25400728 49.00000868 37.50800728 49.50800868 0 P 0
L 37.25400728 53.80000924 37.50800728 53.29200924 0 P 0
L 37.25400728 53.80000924 37.50800728 54.30800924 0 P 0
L 37.25400728 63.40001036 37.50800728 62.89201036 0 P 0
L 37.25400728 63.40001036 37.50800728 63.90801036 0 P 0
L 37.29520608 1.89520322 37.44760608 2.20000322 0 P 0
L 37.29520608 1.89520322 37.60000608 2.04760322 0 P 0
L 37.29520608 2.50480322 37.44760608 2.20000322 0 P 0
L 37.29520608 2.50480322 37.60000608 2.35240322 0 P 0
L 37.29520608 45.09520826 37.44760608 45.40000826 0 P 0
L 37.29520608 45.09520826 37.60000608 45.24760826 0 P 0
L 37.29520608 45.70480826 37.44760608 45.40000826 0 P 0
L 37.29520608 45.70480826 37.60000608 45.55240826 0 P 0
L 37.29520608 47.49520854 37.44760608 47.80000854 0 P 0
L 37.29520608 47.49520854 37.60000608 47.64760854 0 P 0
L 37.29520608 48.10480854 37.44760608 47.80000854 0 P 0
L 37.29520608 48.10480854 37.60000608 47.95240854 0 P 0
L 37.29520608 49.89520882 37.44760608 50.20000882 0 P 0
L 37.29520608 49.89520882 37.60000608 50.04760882 0 P 0
L 37.29520608 50.50480882 37.44760608 50.20000882 0 P 0
L 37.29520608 50.50480882 37.60000608 50.35240882 0 P 0
L 37.29520608 54.69520938 37.44760608 55.00000938 0 P 0
L 37.29520608 54.69520938 37.60000608 54.84760938 0 P 0
L 37.29520608 55.30480938 37.44760608 55.00000938 0 P 0
L 37.29520608 55.30480938 37.60000608 55.15240938 0 P 0
L 37.43200032 4.34599842 37.68600032 4.34599842 0 P 0
L 37.43200032 4.34599842 37.68600032 4.59999842 0 P 0
L 37.43200032 4.85399842 37.68600032 4.59999842 0 P 0
L 37.43200032 4.85399842 37.68600032 4.85399842 0 P 0
L 37.60000608 1.94600322 38.10800608 1.69200322 0 P 0
L 37.60000608 2.04760322 37.90480608 1.89520322 0 P 0
L 37.60000608 2.35240322 37.90480608 2.50480322 0 P 0
L 37.60000608 2.45400322 38.10800608 2.70800322 0 P 0
L 37.60000608 45.14600826 38.10800608 44.89200826 0 P 0
L 37.60000608 45.24760826 37.90480608 45.09520826 0 P 0
L 37.60000608 45.55240826 37.90480608 45.70480826 0 P 0
L 37.60000608 45.65400826 38.10800608 45.90800826 0 P 0
L 37.60000608 47.54600854 38.10800608 47.29200854 0 P 0
L 37.60000608 47.64760854 37.90480608 47.49520854 0 P 0
L 37.60000608 47.95240854 37.90480608 48.10480854 0 P 0
L 37.60000608 48.05400854 38.10800608 48.30800854 0 P 0
L 37.60000608 49.94600882 38.10800608 49.69200882 0 P 0
L 37.60000608 50.04760882 37.90480608 49.89520882 0 P 0
L 37.60000608 50.35240882 37.90480608 50.50480882 0 P 0
L 37.60000608 50.45400882 38.10800608 50.70800882 0 P 0
L 37.60000608 54.74600938 38.10800608 54.49200938 0 P 0
L 37.60000608 54.84760938 37.90480608 54.69520938 0 P 0
L 37.60000608 55.15240938 37.90480608 55.30480938 0 P 0
L 37.60000608 55.25400938 38.10800608 55.50800938 0 P 0
L 37.68600032 4.34599842 37.94000032 4.09199842 0 P 0
L 37.68600032 4.85399842 37.94000032 5.10799842 0 P 0
L 37.69200742 43.69200812 37.94600742 44.20000812 0 P 0
L 37.69200742 43.69200812 38.20000742 43.94600812 0 P 0
L 37.69200742 44.70800812 37.94600742 44.20000812 0 P 0
L 37.69200742 44.70800812 38.20000742 44.45400812 0 P 0
L 37.69200742 46.0920084 37.94600742 46.6000084 0 P 0
L 37.69200742 46.0920084 38.20000742 46.3460084 0 P 0
L 37.69200742 47.1080084 37.94600742 46.6000084 0 P 0
L 37.69200742 47.1080084 38.20000742 46.8540084 0 P 0
L 37.69200742 48.49200868 37.94600742 49.00000868 0 P 0
L 37.69200742 48.49200868 38.20000742 48.74600868 0 P 0
L 37.69200742 49.50800868 37.94600742 49.00000868 0 P 0
L 37.69200742 49.50800868 38.20000742 49.25400868 0 P 0
L 37.69200742 50.89200896 37.94600742 51.40000896 0 P 0
L 37.69200742 50.89200896 38.20000742 51.14600896 0 P 0
L 37.69200742 51.90800896 37.94600742 51.40000896 0 P 0
L 37.69200742 51.90800896 38.20000742 51.65400896 0 P 0
L 37.69200742 53.29200924 37.94600742 53.80000924 0 P 0
L 37.69200742 53.29200924 38.20000742 53.54600924 0 P 0
L 37.69200742 54.30800924 37.94600742 53.80000924 0 P 0
L 37.69200742 54.30800924 38.20000742 54.05400924 0 P 0
L 37.69200742 62.89201036 37.94600742 63.40001036 0 P 0
L 37.69200742 62.89201036 38.20000742 63.14601036 0 P 0
L 37.69200742 63.90801036 37.94600742 63.40001036 0 P 0
L 37.69200742 63.90801036 38.20000742 63.65401036 0 P 0
L 37.75240608 2.20000322 37.90480608 1.89520322 0 P 0
L 37.75240608 2.20000322 37.90480608 2.50480322 0 P 0
L 37.75240608 45.40000826 37.90480608 45.09520826 0 P 0
L 37.75240608 45.40000826 37.90480608 45.70480826 0 P 0
L 37.75240608 47.80000854 37.90480608 47.49520854 0 P 0
L 37.75240608 47.80000854 37.90480608 48.10480854 0 P 0
L 37.75240608 50.20000882 37.90480608 49.89520882 0 P 0
L 37.75240608 50.20000882 37.90480608 50.50480882 0 P 0
L 37.75240608 55.00000938 37.90480608 54.69520938 0 P 0
L 37.75240608 55.00000938 37.90480608 55.30480938 0 P 0
L 37.85400608 2.20000322 38.10800608 1.69200322 0 P 0
L 37.85400608 2.20000322 38.10800608 2.70800322 0 P 0
L 37.85400608 45.40000826 38.10800608 44.89200826 0 P 0
L 37.85400608 45.40000826 38.10800608 45.90800826 0 P 0
L 37.85400608 47.80000854 38.10800608 47.29200854 0 P 0
L 37.85400608 47.80000854 38.10800608 48.30800854 0 P 0
L 37.85400608 50.20000882 38.10800608 49.69200882 0 P 0
L 37.85400608 50.20000882 38.10800608 50.70800882 0 P 0
L 37.85400608 55.00000938 38.10800608 54.49200938 0 P 0
L 37.85400608 55.00000938 38.10800608 55.50800938 0 P 0
L 37.89520742 43.89520812 38.04760742 44.20000812 0 P 0
L 37.89520742 43.89520812 38.20000742 44.04760812 0 P 0
L 37.89520742 44.50480812 38.04760742 44.20000812 0 P 0
L 37.89520742 44.50480812 38.20000742 44.35240812 0 P 0
L 37.89520742 46.2952084 38.04760742 46.6000084 0 P 0
L 37.89520742 46.2952084 38.20000742 46.4476084 0 P 0
L 37.89520742 46.9048084 38.04760742 46.6000084 0 P 0
L 37.89520742 46.9048084 38.20000742 46.7524084 0 P 0
L 37.89520742 48.69520868 38.04760742 49.00000868 0 P 0
L 37.89520742 48.69520868 38.20000742 48.84760868 0 P 0
L 37.89520742 49.30480868 38.04760742 49.00000868 0 P 0
L 37.89520742 49.30480868 38.20000742 49.15240868 0 P 0
L 37.89520742 51.09520896 38.04760742 51.40000896 0 P 0
L 37.89520742 51.09520896 38.20000742 51.24760896 0 P 0
L 37.89520742 51.70480896 38.04760742 51.40000896 0 P 0
L 37.89520742 51.70480896 38.20000742 51.55240896 0 P 0
L 37.89520742 53.49520924 38.04760742 53.80000924 0 P 0
L 37.89520742 53.49520924 38.20000742 53.64760924 0 P 0
L 37.89520742 54.10480924 38.04760742 53.80000924 0 P 0
L 37.89520742 54.10480924 38.20000742 53.95240924 0 P 0
L 37.89520742 63.09521036 38.04760742 63.40001036 0 P 0
L 37.89520742 63.09521036 38.20000742 63.24761036 0 P 0
L 37.89520742 63.70481036 38.04760742 63.40001036 0 P 0
L 37.89520742 63.70481036 38.20000742 63.55241036 0 P 0
L 37.94000032 4.09199842 38.19400032 4.34599842 0 P 0
L 37.94000032 5.10799842 38.19400032 4.85399842 0 P 0
L 38.19400032 4.34599842 38.44800032 4.34599842 0 P 0
L 38.19400032 4.59999842 38.44800032 4.34599842 0 P 0
L 38.19400032 4.59999842 38.44800032 4.85399842 0 P 0
L 38.19400032 4.85399842 38.44800032 4.85399842 0 P 0
L 38.20000742 43.94600812 38.70800742 43.69200812 0 P 0
L 38.20000742 44.04760812 38.50480742 43.89520812 0 P 0
L 38.20000742 44.35240812 38.50480742 44.50480812 0 P 0
L 38.20000742 44.45400812 38.70800742 44.70800812 0 P 0
L 38.20000742 46.3460084 38.70800742 46.0920084 0 P 0
L 38.20000742 46.4476084 38.50480742 46.2952084 0 P 0
L 38.20000742 46.7524084 38.50480742 46.9048084 0 P 0
L 38.20000742 46.8540084 38.70800742 47.1080084 0 P 0
L 38.20000742 48.74600868 38.70800742 48.49200868 0 P 0
L 38.20000742 48.84760868 38.50480742 48.69520868 0 P 0
L 38.20000742 49.15240868 38.50480742 49.30480868 0 P 0
L 38.20000742 49.25400868 38.70800742 49.50800868 0 P 0
L 38.20000742 51.14600896 38.70800742 50.89200896 0 P 0
L 38.20000742 51.24760896 38.50480742 51.09520896 0 P 0
L 38.20000742 51.55240896 38.50480742 51.70480896 0 P 0
L 38.20000742 51.65400896 38.70800742 51.90800896 0 P 0
L 38.20000742 53.54600924 38.70800742 53.29200924 0 P 0
L 38.20000742 53.64760924 38.50480742 53.49520924 0 P 0
L 38.20000742 53.95240924 38.50480742 54.10480924 0 P 0
L 38.20000742 54.05400924 38.70800742 54.30800924 0 P 0
L 38.20000742 63.14601036 38.70800742 62.89201036 0 P 0
L 38.20000742 63.24761036 38.50480742 63.09521036 0 P 0
L 38.20000742 63.55241036 38.50480742 63.70481036 0 P 0
L 38.20000742 63.65401036 38.70800742 63.90801036 0 P 0
L 38.29200622 1.69200322 38.54600622 2.20000322 0 P 0
L 38.29200622 1.69200322 38.80000622 1.94600322 0 P 0
L 38.29200622 2.70800322 38.54600622 2.20000322 0 P 0
L 38.29200622 2.70800322 38.80000622 2.45400322 0 P 0
L 38.29200622 44.89200826 38.54600622 45.40000826 0 P 0
L 38.29200622 44.89200826 38.80000622 45.14600826 0 P 0
L 38.29200622 45.90800826 38.54600622 45.40000826 0 P 0
L 38.29200622 45.90800826 38.80000622 45.65400826 0 P 0
L 38.29200622 47.29200854 38.54600622 47.80000854 0 P 0
L 38.29200622 47.29200854 38.80000622 47.54600854 0 P 0
L 38.29200622 48.30800854 38.54600622 47.80000854 0 P 0
L 38.29200622 48.30800854 38.80000622 48.05400854 0 P 0
L 38.29200622 49.69200882 38.54600622 50.20000882 0 P 0
L 38.29200622 49.69200882 38.80000622 49.94600882 0 P 0
L 38.29200622 50.70800882 38.54600622 50.20000882 0 P 0
L 38.29200622 50.70800882 38.80000622 50.45400882 0 P 0
L 38.29200622 52.0920091 38.54600622 52.6000091 0 P 0
L 38.29200622 52.0920091 38.80000622 52.3460091 0 P 0
L 38.29200622 53.1080091 38.54600622 52.6000091 0 P 0
L 38.29200622 53.1080091 38.80000622 52.8540091 0 P 0
L 38.29200622 54.49200938 38.54600622 55.00000938 0 P 0
L 38.29200622 54.49200938 38.80000622 54.74600938 0 P 0
L 38.29200622 55.50800938 38.54600622 55.00000938 0 P 0
L 38.29200622 55.50800938 38.80000622 55.25400938 0 P 0
L 38.29200622 56.89200966 38.54600622 57.40000966 0 P 0
L 38.29200622 56.89200966 38.80000622 57.14600966 0 P 0
L 38.29200622 57.90800966 38.54600622 57.40000966 0 P 0
L 38.29200622 57.90800966 38.80000622 57.65400966 0 P 0
L 38.29200622 59.29200994 38.54600622 59.80000994 0 P 0
L 38.29200622 59.29200994 38.80000622 59.54600994 0 P 0
L 38.29200622 60.30800994 38.54600622 59.80000994 0 P 0
L 38.29200622 60.30800994 38.80000622 60.05400994 0 P 0
L 38.29200622 61.69201022 38.54600622 62.20001022 0 P 0
L 38.29200622 61.69201022 38.80000622 61.94601022 0 P 0
L 38.29200622 62.70801022 38.54600622 62.20001022 0 P 0
L 38.29200622 62.70801022 38.80000622 62.45401022 0 P 0
L 38.35240742 44.20000812 38.50480742 43.89520812 0 P 0
L 38.35240742 44.20000812 38.50480742 44.50480812 0 P 0
L 38.35240742 46.6000084 38.50480742 46.2952084 0 P 0
L 38.35240742 46.6000084 38.50480742 46.9048084 0 P 0
L 38.35240742 49.00000868 38.50480742 48.69520868 0 P 0
L 38.35240742 49.00000868 38.50480742 49.30480868 0 P 0
L 38.35240742 51.40000896 38.50480742 51.09520896 0 P 0
L 38.35240742 51.40000896 38.50480742 51.70480896 0 P 0
L 38.35240742 53.80000924 38.50480742 53.49520924 0 P 0
L 38.35240742 53.80000924 38.50480742 54.10480924 0 P 0
L 38.35240742 63.40001036 38.50480742 63.09521036 0 P 0
L 38.35240742 63.40001036 38.50480742 63.70481036 0 P 0
L 38.45400742 44.20000812 38.70800742 43.69200812 0 P 0
L 38.45400742 44.20000812 38.70800742 44.70800812 0 P 0
L 38.45400742 46.6000084 38.70800742 46.0920084 0 P 0
L 38.45400742 46.6000084 38.70800742 47.1080084 0 P 0
L 38.45400742 49.00000868 38.70800742 48.49200868 0 P 0
L 38.45400742 49.00000868 38.70800742 49.50800868 0 P 0
L 38.45400742 51.40000896 38.70800742 50.89200896 0 P 0
L 38.45400742 51.40000896 38.70800742 51.90800896 0 P 0
L 38.45400742 53.80000924 38.70800742 53.29200924 0 P 0
L 38.45400742 53.80000924 38.70800742 54.30800924 0 P 0
L 38.45400742 63.40001036 38.70800742 62.89201036 0 P 0
L 38.45400742 63.40001036 38.70800742 63.90801036 0 P 0
L 38.49520622 1.89520322 38.64760622 2.20000322 0 P 0
L 38.49520622 1.89520322 38.80000622 2.04760322 0 P 0
L 38.49520622 2.50480322 38.64760622 2.20000322 0 P 0
L 38.49520622 2.50480322 38.80000622 2.35240322 0 P 0
L 38.49520622 45.09520826 38.64760622 45.40000826 0 P 0
L 38.49520622 45.09520826 38.80000622 45.24760826 0 P 0
L 38.49520622 45.70480826 38.64760622 45.40000826 0 P 0
L 38.49520622 45.70480826 38.80000622 45.55240826 0 P 0
L 38.49520622 47.49520854 38.64760622 47.80000854 0 P 0
L 38.49520622 47.49520854 38.80000622 47.64760854 0 P 0
L 38.49520622 48.10480854 38.64760622 47.80000854 0 P 0
L 38.49520622 48.10480854 38.80000622 47.95240854 0 P 0
L 38.49520622 49.89520882 38.64760622 50.20000882 0 P 0
L 38.49520622 49.89520882 38.80000622 50.04760882 0 P 0
L 38.49520622 50.50480882 38.64760622 50.20000882 0 P 0
L 38.49520622 50.50480882 38.80000622 50.35240882 0 P 0
L 38.49520622 52.2952091 38.64760622 52.6000091 0 P 0
L 38.49520622 52.2952091 38.80000622 52.4476091 0 P 0
L 38.49520622 52.9048091 38.64760622 52.6000091 0 P 0
L 38.49520622 52.9048091 38.80000622 52.7524091 0 P 0
L 38.49520622 54.69520938 38.64760622 55.00000938 0 P 0
L 38.49520622 54.69520938 38.80000622 54.84760938 0 P 0
L 38.49520622 55.30480938 38.64760622 55.00000938 0 P 0
L 38.49520622 55.30480938 38.80000622 55.15240938 0 P 0
L 38.49520622 57.09520966 38.64760622 57.40000966 0 P 0
L 38.49520622 57.09520966 38.80000622 57.24760966 0 P 0
L 38.49520622 57.70480966 38.64760622 57.40000966 0 P 0
L 38.49520622 57.70480966 38.80000622 57.55240966 0 P 0
L 38.49520622 59.49520994 38.64760622 59.80000994 0 P 0
L 38.49520622 59.49520994 38.80000622 59.64760994 0 P 0
L 38.49520622 60.10480994 38.64760622 59.80000994 0 P 0
L 38.49520622 60.10480994 38.80000622 59.95240994 0 P 0
L 38.49520622 61.89521022 38.64760622 62.20001022 0 P 0
L 38.49520622 61.89521022 38.80000622 62.04761022 0 P 0
L 38.49520622 62.50481022 38.64760622 62.20001022 0 P 0
L 38.49520622 62.50481022 38.80000622 62.35241022 0 P 0
L 38.77999864 40.10000108 38.77999864 40.94639512 0 P 0
L 38.77999864 40.94639512 39.20319566 41.3695896 0 P 0
L 38.80000622 1.94600322 39.30800622 1.69200322 0 P 0
L 38.80000622 2.04760322 39.10480622 1.89520322 0 P 0
L 38.80000622 2.35240322 39.10480622 2.50480322 0 P 0
L 38.80000622 2.45400322 39.30800622 2.70800322 0 P 0
L 38.80000622 45.14600826 39.30800622 44.89200826 0 P 0
L 38.80000622 45.24760826 39.10480622 45.09520826 0 P 0
L 38.80000622 45.55240826 39.10480622 45.70480826 0 P 0
L 38.80000622 45.65400826 39.30800622 45.90800826 0 P 0
L 38.80000622 47.54600854 39.30800622 47.29200854 0 P 0
L 38.80000622 47.64760854 39.10480622 47.49520854 0 P 0
L 38.80000622 47.95240854 39.10480622 48.10480854 0 P 0
L 38.80000622 48.05400854 39.30800622 48.30800854 0 P 0
L 38.80000622 49.94600882 39.30800622 49.69200882 0 P 0
L 38.80000622 50.04760882 39.10480622 49.89520882 0 P 0
L 38.80000622 50.35240882 39.10480622 50.50480882 0 P 0
L 38.80000622 50.45400882 39.30800622 50.70800882 0 P 0
L 38.80000622 52.3460091 39.30800622 52.0920091 0 P 0
L 38.80000622 52.4476091 39.10480622 52.2952091 0 P 0
L 38.80000622 52.7524091 39.10480622 52.9048091 0 P 0
L 38.80000622 52.8540091 39.30800622 53.1080091 0 P 0
L 38.80000622 54.74600938 39.30800622 54.49200938 0 P 0
L 38.80000622 54.84760938 39.10480622 54.69520938 0 P 0
L 38.80000622 55.15240938 39.10480622 55.30480938 0 P 0
L 38.80000622 55.25400938 39.30800622 55.50800938 0 P 0
L 38.80000622 57.14600966 39.30800622 56.89200966 0 P 0
L 38.80000622 57.24760966 39.10480622 57.09520966 0 P 0
L 38.80000622 57.55240966 39.10480622 57.70480966 0 P 0
L 38.80000622 57.65400966 39.30800622 57.90800966 0 P 0
L 38.80000622 59.54600994 39.30800622 59.29200994 0 P 0
L 38.80000622 59.64760994 39.10480622 59.49520994 0 P 0
L 38.80000622 59.95240994 39.10480622 60.10480994 0 P 0
L 38.80000622 60.05400994 39.30800622 60.30800994 0 P 0
L 38.80000622 61.94601022 39.30800622 61.69201022 0 P 0
L 38.80000622 62.04761022 39.10480622 61.89521022 0 P 0
L 38.80000622 62.35241022 39.10480622 62.50481022 0 P 0
L 38.80000622 62.45401022 39.30800622 62.70801022 0 P 0
L 38.95240622 2.20000322 39.10480622 1.89520322 0 P 0
L 38.95240622 2.20000322 39.10480622 2.50480322 0 P 0
L 38.95240622 45.40000826 39.10480622 45.09520826 0 P 0
L 38.95240622 45.40000826 39.10480622 45.70480826 0 P 0
L 38.95240622 47.80000854 39.10480622 47.49520854 0 P 0
L 38.95240622 47.80000854 39.10480622 48.10480854 0 P 0
L 38.95240622 50.20000882 39.10480622 49.89520882 0 P 0
L 38.95240622 50.20000882 39.10480622 50.50480882 0 P 0
L 38.95240622 52.6000091 39.10480622 52.2952091 0 P 0
L 38.95240622 52.6000091 39.10480622 52.9048091 0 P 0
L 38.95240622 55.00000938 39.10480622 54.69520938 0 P 0
L 38.95240622 55.00000938 39.10480622 55.30480938 0 P 0
L 38.95240622 57.40000966 39.10480622 57.09520966 0 P 0
L 38.95240622 57.40000966 39.10480622 57.70480966 0 P 0
L 38.95240622 59.80000994 39.10480622 59.49520994 0 P 0
L 38.95240622 59.80000994 39.10480622 60.10480994 0 P 0
L 38.95240622 62.20001022 39.10480622 61.89521022 0 P 0
L 38.95240622 62.20001022 39.10480622 62.50481022 0 P 0
L 39.05400622 2.20000322 39.30800622 1.69200322 0 P 0
L 39.05400622 2.20000322 39.30800622 2.70800322 0 P 0
L 39.05400622 45.40000826 39.30800622 44.89200826 0 P 0
L 39.05400622 45.40000826 39.30800622 45.90800826 0 P 0
L 39.05400622 47.80000854 39.30800622 47.29200854 0 P 0
L 39.05400622 47.80000854 39.30800622 48.30800854 0 P 0
L 39.05400622 50.20000882 39.30800622 49.69200882 0 P 0
L 39.05400622 50.20000882 39.30800622 50.70800882 0 P 0
L 39.05400622 52.6000091 39.30800622 52.0920091 0 P 0
L 39.05400622 52.6000091 39.30800622 53.1080091 0 P 0
L 39.05400622 55.00000938 39.30800622 54.49200938 0 P 0
L 39.05400622 55.00000938 39.30800622 55.50800938 0 P 0
L 39.05400622 57.40000966 39.30800622 56.89200966 0 P 0
L 39.05400622 57.40000966 39.30800622 57.90800966 0 P 0
L 39.05400622 59.80000994 39.30800622 59.29200994 0 P 0
L 39.05400622 59.80000994 39.30800622 60.30800994 0 P 0
L 39.05400622 62.20001022 39.30800622 61.69201022 0 P 0
L 39.05400622 62.20001022 39.30800622 62.70801022 0 P 0
L 39.20319566 41.3695896 39.62639268 40.94639512 0 P 0
L 39.62639268 40.10000108 39.62639268 40.73479534 0 P 0
L 39.62639268 40.73479534 38.77999864 40.73479534 0 P 0
L 39.62639268 40.94639512 39.62639268 40.10000108 0 P 0
