Added Component: Designator=BT1(BAT_1294 - duplicate)
Add component (AddParameter): Name = "Availability"; Value = "Unavailable"; VariantName = "[No Variations]"
Add component (AddParameter): Name = "MF"; Value = ""; VariantName = "[No Variations]"
Add component (AddParameter): Name = "MP"; Value = "1294"; VariantName = "[No Variations]"
Add component (AddParameter): Name = "Package"; Value = "None"; VariantName = "[No Variations]"
Add component (AddParameter): Name = "Price"; Value = "None"; VariantName = "[No Variations]"
Add component (AddParameter): Name = "Value"; Value = ""; VariantName = "[No Variations]"
Added Component: Designator=C1(CAP 0805_2012)
Add component (AddParameter): Name = "Applications"; Value = "Bypass, Decoupling"; VariantName = "[No Variations]"
Add component (AddParameter): Name = "Capacitance"; Value = "10 µF"; VariantName = "[No Variations]"
Add component (AddParameter): Name = "componentlink1description"; Value = "Datasheet"; VariantName = "[No Variations]"
Add component (AddParameter): Name = "componentlink1url"; Value = "https://api.kemet.com/component-edge/download/datasheet/C0805C106K3PAC7800.pdf"; VariantName = "[No Variations]"
Add component (AddParameter): Name = "componentlink2description"; Value = "DigiKey Link"; VariantName = "[No Variations]"
Add component (AddParameter): Name = "componentlink2url"; Value = "https://www.digikey.com/en/products/detail/kemet/C0805C106K3PAC7800/5267604"; VariantName = "[No Variations]"
Add component (AddParameter): Name = "Device Package"; Value = "0805 (2012 Metric)"; VariantName = "[No Variations]"
Add component (AddParameter): Name = "lastupdated"; Value = "9.02.2024 20:15:18"; VariantName = "[No Variations]"
Add component (AddParameter): Name = "Lifecycle Status"; Value = "Active"; VariantName = "[No Variations]"
Add component (AddParameter): Name = "manufacturer"; Value = "KEMET"; VariantName = "[No Variations]"
Add component (AddParameter): Name = "Minimum Order"; Value = "1"; VariantName = "[No Variations]"
Add component (AddParameter): Name = "Mounting Type"; Value = "Surface Mount, MLCC"; VariantName = "[No Variations]"
Add component (AddParameter): Name = "Operating Temperature"; Value = "-55°C ~ 85°C"; VariantName = "[No Variations]"
Add component (AddParameter): Name = "Package / Case"; Value = "0805 (2012 Metric)"; VariantName = "[No Variations]"
Add component (AddParameter): Name = "packaging"; Value = "TapeAndReel"; VariantName = "[No Variations]"
Add component (AddParameter): Name = "Part Number"; Value = "C0805C106K3PAC7800"; VariantName = "[No Variations]"
Add component (AddParameter): Name = "Part Status"; Value = "Active"; VariantName = "[No Variations]"
Add component (AddParameter): Name = "partid"; Value = "18542"; VariantName = "[No Variations]"
Add component (AddParameter): Name = "price"; Value = "0.03"; VariantName = "[No Variations]"
Add component (AddParameter): Name = "series"; Value = "SMD Comm X5R"; VariantName = "[No Variations]"
Add component (AddParameter): Name = "Size / Dimension"; Value = "0.079" L x 0.049" W (2.00mm x 1.25mm)"; VariantName = "[No Variations]"
Add component (AddParameter): Name = "Supplier 1"; Value = "DigiKey"; VariantName = "[No Variations]"
Add component (AddParameter): Name = "Supplier Part Number 1"; Value = "399-11939-1-ND"; VariantName = "[No Variations]"
Add component (AddParameter): Name = "Temperature Coefficient"; Value = "X5R"; VariantName = "[No Variations]"
Add component (AddParameter): Name = "Thickness (Max)"; Value = "0.057" (1.45mm)"; VariantName = "[No Variations]"
Add component (AddParameter): Name = "Tolerance"; Value = "±10%"; VariantName = "[No Variations]"
Add component (AddParameter): Name = "Value"; Value = "10 µF"; VariantName = "[No Variations]"
Add component (AddParameter): Name = "Voltage - Rated"; Value = "25V"; VariantName = "[No Variations]"
Added Component: Designator=C2(CAP 0805_2012)
Add component (AddParameter): Name = "Applications"; Value = "Automotive, ESD Protection"; VariantName = "[No Variations]"
Add component (AddParameter): Name = "Capacitance"; Value = "10000 pF"; VariantName = "[No Variations]"
Add component (AddParameter): Name = "componentlink1description"; Value = "Datasheet"; VariantName = "[No Variations]"
Add component (AddParameter): Name = "componentlink1url"; Value = "https://api.kemet.com/component-edge/download/datasheet/C0805C103J3GECAUTO.pdf"; VariantName = "[No Variations]"
Add component (AddParameter): Name = "componentlink2description"; Value = "DigiKey Link"; VariantName = "[No Variations]"
Add component (AddParameter): Name = "componentlink2url"; Value = "https://www.digikey.com/en/products/detail/kemet/C0805C103J3GECAUTO/8647361"; VariantName = "[No Variations]"
Add component (AddParameter): Name = "Device Package"; Value = "0805 (2012 Metric)"; VariantName = "[No Variations]"
Add component (AddParameter): Name = "Features"; Value = "Low ESL"; VariantName = "[No Variations]"
Add component (AddParameter): Name = "lastupdated"; Value = "9.02.2024 20:15:09"; VariantName = "[No Variations]"
Add component (AddParameter): Name = "Lifecycle Status"; Value = "Active"; VariantName = "[No Variations]"
Add component (AddParameter): Name = "manufacturer"; Value = "KEMET"; VariantName = "[No Variations]"
Add component (AddParameter): Name = "Minimum Order"; Value = "1"; VariantName = "[No Variations]"
Add component (AddParameter): Name = "Mounting Type"; Value = "Surface Mount, MLCC"; VariantName = "[No Variations]"
Add component (AddParameter): Name = "Operating Temperature"; Value = "-55°C ~ 125°C"; VariantName = "[No Variations]"
Add component (AddParameter): Name = "Package / Case"; Value = "0805 (2012 Metric)"; VariantName = "[No Variations]"
Add component (AddParameter): Name = "packaging"; Value = "TapeAndReel"; VariantName = "[No Variations]"
Add component (AddParameter): Name = "Part Number"; Value = "C0805C103J3GECAUTO"; VariantName = "[No Variations]"
Add component (AddParameter): Name = "Part Status"; Value = "Active"; VariantName = "[No Variations]"
Add component (AddParameter): Name = "partid"; Value = "32681"; VariantName = "[No Variations]"
Add component (AddParameter): Name = "price"; Value = "0.05"; VariantName = "[No Variations]"
Add component (AddParameter): Name = "Ratings"; Value = "AEC-Q200"; VariantName = "[No Variations]"
Add component (AddParameter): Name = "series"; Value = "ESD SMD Auto C0G"; VariantName = "[No Variations]"
Add component (AddParameter): Name = "Size / Dimension"; Value = "0.079" L x 0.049" W (2.00mm x 1.25mm)"; VariantName = "[No Variations]"
Add component (AddParameter): Name = "Supplier 1"; Value = "DigiKey"; VariantName = "[No Variations]"
Add component (AddParameter): Name = "Supplier Part Number 1"; Value = "399-C0805C103J3GECAUTOCT-ND"; VariantName = "[No Variations]"
Add component (AddParameter): Name = "Temperature Coefficient"; Value = "C0G, NP0"; VariantName = "[No Variations]"
Add component (AddParameter): Name = "Thickness (Max)"; Value = "0.039" (1.00mm)"; VariantName = "[No Variations]"
Add component (AddParameter): Name = "Tolerance"; Value = "±5%"; VariantName = "[No Variations]"
Add component (AddParameter): Name = "Value"; Value = "10000 pF"; VariantName = "[No Variations]"
Add component (AddParameter): Name = "Voltage - Rated"; Value = "25V"; VariantName = "[No Variations]"
Added Component: Designator=C3(CAP 0805_2012)
Add component (AddParameter): Name = "Applications"; Value = "Bypass, Decoupling"; VariantName = "[No Variations]"
Add component (AddParameter): Name = "Capacitance"; Value = "10 µF"; VariantName = "[No Variations]"
Add component (AddParameter): Name = "componentlink1description"; Value = "Datasheet"; VariantName = "[No Variations]"
Add component (AddParameter): Name = "componentlink1url"; Value = "https://api.kemet.com/component-edge/download/datasheet/C0805C106K3PAC7800.pdf"; VariantName = "[No Variations]"
Add component (AddParameter): Name = "componentlink2description"; Value = "DigiKey Link"; VariantName = "[No Variations]"
Add component (AddParameter): Name = "componentlink2url"; Value = "https://www.digikey.com/en/products/detail/kemet/C0805C106K3PAC7800/5267604"; VariantName = "[No Variations]"
Add component (AddParameter): Name = "Device Package"; Value = "0805 (2012 Metric)"; VariantName = "[No Variations]"
Add component (AddParameter): Name = "lastupdated"; Value = "9.02.2024 20:15:18"; VariantName = "[No Variations]"
Add component (AddParameter): Name = "Lifecycle Status"; Value = "Active"; VariantName = "[No Variations]"
Add component (AddParameter): Name = "manufacturer"; Value = "KEMET"; VariantName = "[No Variations]"
Add component (AddParameter): Name = "Minimum Order"; Value = "1"; VariantName = "[No Variations]"
Add component (AddParameter): Name = "Mounting Type"; Value = "Surface Mount, MLCC"; VariantName = "[No Variations]"
Add component (AddParameter): Name = "Operating Temperature"; Value = "-55°C ~ 85°C"; VariantName = "[No Variations]"
Add component (AddParameter): Name = "Package / Case"; Value = "0805 (2012 Metric)"; VariantName = "[No Variations]"
Add component (AddParameter): Name = "packaging"; Value = "TapeAndReel"; VariantName = "[No Variations]"
Add component (AddParameter): Name = "Part Number"; Value = "C0805C106K3PAC7800"; VariantName = "[No Variations]"
Add component (AddParameter): Name = "Part Status"; Value = "Active"; VariantName = "[No Variations]"
Add component (AddParameter): Name = "partid"; Value = "18542"; VariantName = "[No Variations]"
Add component (AddParameter): Name = "price"; Value = "0.03"; VariantName = "[No Variations]"
Add component (AddParameter): Name = "series"; Value = "SMD Comm X5R"; VariantName = "[No Variations]"
Add component (AddParameter): Name = "Size / Dimension"; Value = "0.079" L x 0.049" W (2.00mm x 1.25mm)"; VariantName = "[No Variations]"
Add component (AddParameter): Name = "Supplier 1"; Value = "DigiKey"; VariantName = "[No Variations]"
Add component (AddParameter): Name = "Supplier Part Number 1"; Value = "399-11939-1-ND"; VariantName = "[No Variations]"
Add component (AddParameter): Name = "Temperature Coefficient"; Value = "X5R"; VariantName = "[No Variations]"
Add component (AddParameter): Name = "Thickness (Max)"; Value = "0.057" (1.45mm)"; VariantName = "[No Variations]"
Add component (AddParameter): Name = "Tolerance"; Value = "±10%"; VariantName = "[No Variations]"
Add component (AddParameter): Name = "Value"; Value = "10 µF"; VariantName = "[No Variations]"
Add component (AddParameter): Name = "Voltage - Rated"; Value = "25V"; VariantName = "[No Variations]"
Added Component: Designator=C4(CAP 0805_2012)
Add component (AddParameter): Name = "Applications"; Value = "Automotive, ESD Protection"; VariantName = "[No Variations]"
Add component (AddParameter): Name = "Capacitance"; Value = "10000 pF"; VariantName = "[No Variations]"
Add component (AddParameter): Name = "componentlink1description"; Value = "Datasheet"; VariantName = "[No Variations]"
Add component (AddParameter): Name = "componentlink1url"; Value = "https://api.kemet.com/component-edge/download/datasheet/C0805C103J3GECAUTO.pdf"; VariantName = "[No Variations]"
Add component (AddParameter): Name = "componentlink2description"; Value = "DigiKey Link"; VariantName = "[No Variations]"
Add component (AddParameter): Name = "componentlink2url"; Value = "https://www.digikey.com/en/products/detail/kemet/C0805C103J3GECAUTO/8647361"; VariantName = "[No Variations]"
Add component (AddParameter): Name = "Device Package"; Value = "0805 (2012 Metric)"; VariantName = "[No Variations]"
Add component (AddParameter): Name = "Features"; Value = "Low ESL"; VariantName = "[No Variations]"
Add component (AddParameter): Name = "lastupdated"; Value = "9.02.2024 20:15:09"; VariantName = "[No Variations]"
Add component (AddParameter): Name = "Lifecycle Status"; Value = "Active"; VariantName = "[No Variations]"
Add component (AddParameter): Name = "manufacturer"; Value = "KEMET"; VariantName = "[No Variations]"
Add component (AddParameter): Name = "Minimum Order"; Value = "1"; VariantName = "[No Variations]"
Add component (AddParameter): Name = "Mounting Type"; Value = "Surface Mount, MLCC"; VariantName = "[No Variations]"
Add component (AddParameter): Name = "Operating Temperature"; Value = "-55°C ~ 125°C"; VariantName = "[No Variations]"
Add component (AddParameter): Name = "Package / Case"; Value = "0805 (2012 Metric)"; VariantName = "[No Variations]"
Add component (AddParameter): Name = "packaging"; Value = "TapeAndReel"; VariantName = "[No Variations]"
Add component (AddParameter): Name = "Part Number"; Value = "C0805C103J3GECAUTO"; VariantName = "[No Variations]"
Add component (AddParameter): Name = "Part Status"; Value = "Active"; VariantName = "[No Variations]"
Add component (AddParameter): Name = "partid"; Value = "32681"; VariantName = "[No Variations]"
Add component (AddParameter): Name = "price"; Value = "0.05"; VariantName = "[No Variations]"
Add component (AddParameter): Name = "Ratings"; Value = "AEC-Q200"; VariantName = "[No Variations]"
Add component (AddParameter): Name = "series"; Value = "ESD SMD Auto C0G"; VariantName = "[No Variations]"
Add component (AddParameter): Name = "Size / Dimension"; Value = "0.079" L x 0.049" W (2.00mm x 1.25mm)"; VariantName = "[No Variations]"
Add component (AddParameter): Name = "Supplier 1"; Value = "DigiKey"; VariantName = "[No Variations]"
Add component (AddParameter): Name = "Supplier Part Number 1"; Value = "399-C0805C103J3GECAUTOCT-ND"; VariantName = "[No Variations]"
Add component (AddParameter): Name = "Temperature Coefficient"; Value = "C0G, NP0"; VariantName = "[No Variations]"
Add component (AddParameter): Name = "Thickness (Max)"; Value = "0.039" (1.00mm)"; VariantName = "[No Variations]"
Add component (AddParameter): Name = "Tolerance"; Value = "±5%"; VariantName = "[No Variations]"
Add component (AddParameter): Name = "Value"; Value = "10000 pF"; VariantName = "[No Variations]"
Add component (AddParameter): Name = "Voltage - Rated"; Value = "25V"; VariantName = "[No Variations]"
Added Component: Designator=C5(CAP 0805_2012)
Add component (AddParameter): Name = "Applications"; Value = "Bypass, Decoupling"; VariantName = "[No Variations]"
Add component (AddParameter): Name = "Capacitance"; Value = "10 µF"; VariantName = "[No Variations]"
Add component (AddParameter): Name = "componentlink1description"; Value = "Datasheet"; VariantName = "[No Variations]"
Add component (AddParameter): Name = "componentlink1url"; Value = "https://api.kemet.com/component-edge/download/datasheet/C0805C106K3PAC7800.pdf"; VariantName = "[No Variations]"
Add component (AddParameter): Name = "componentlink2description"; Value = "DigiKey Link"; VariantName = "[No Variations]"
Add component (AddParameter): Name = "componentlink2url"; Value = "https://www.digikey.com/en/products/detail/kemet/C0805C106K3PAC7800/5267604"; VariantName = "[No Variations]"
Add component (AddParameter): Name = "Device Package"; Value = "0805 (2012 Metric)"; VariantName = "[No Variations]"
Add component (AddParameter): Name = "lastupdated"; Value = "9.02.2024 20:15:18"; VariantName = "[No Variations]"
Add component (AddParameter): Name = "Lifecycle Status"; Value = "Active"; VariantName = "[No Variations]"
Add component (AddParameter): Name = "manufacturer"; Value = "KEMET"; VariantName = "[No Variations]"
Add component (AddParameter): Name = "Minimum Order"; Value = "1"; VariantName = "[No Variations]"
Add component (AddParameter): Name = "Mounting Type"; Value = "Surface Mount, MLCC"; VariantName = "[No Variations]"
Add component (AddParameter): Name = "Operating Temperature"; Value = "-55°C ~ 85°C"; VariantName = "[No Variations]"
Add component (AddParameter): Name = "Package / Case"; Value = "0805 (2012 Metric)"; VariantName = "[No Variations]"
Add component (AddParameter): Name = "packaging"; Value = "TapeAndReel"; VariantName = "[No Variations]"
Add component (AddParameter): Name = "Part Number"; Value = "C0805C106K3PAC7800"; VariantName = "[No Variations]"
Add component (AddParameter): Name = "Part Status"; Value = "Active"; VariantName = "[No Variations]"
Add component (AddParameter): Name = "partid"; Value = "18542"; VariantName = "[No Variations]"
Add component (AddParameter): Name = "price"; Value = "0.03"; VariantName = "[No Variations]"
Add component (AddParameter): Name = "series"; Value = "SMD Comm X5R"; VariantName = "[No Variations]"
Add component (AddParameter): Name = "Size / Dimension"; Value = "0.079" L x 0.049" W (2.00mm x 1.25mm)"; VariantName = "[No Variations]"
Add component (AddParameter): Name = "Supplier 1"; Value = "DigiKey"; VariantName = "[No Variations]"
Add component (AddParameter): Name = "Supplier Part Number 1"; Value = "399-11939-1-ND"; VariantName = "[No Variations]"
Add component (AddParameter): Name = "Temperature Coefficient"; Value = "X5R"; VariantName = "[No Variations]"
Add component (AddParameter): Name = "Thickness (Max)"; Value = "0.057" (1.45mm)"; VariantName = "[No Variations]"
Add component (AddParameter): Name = "Tolerance"; Value = "±10%"; VariantName = "[No Variations]"
Add component (AddParameter): Name = "Value"; Value = "10 µF"; VariantName = "[No Variations]"
Add component (AddParameter): Name = "Voltage - Rated"; Value = "25V"; VariantName = "[No Variations]"
Added Component: Designator=C6(CAP 0805_2012)
Add component (AddParameter): Name = "Applications"; Value = "Automotive, ESD Protection"; VariantName = "[No Variations]"
Add component (AddParameter): Name = "Capacitance"; Value = "10000 pF"; VariantName = "[No Variations]"
Add component (AddParameter): Name = "componentlink1description"; Value = "Datasheet"; VariantName = "[No Variations]"
Add component (AddParameter): Name = "componentlink1url"; Value = "https://api.kemet.com/component-edge/download/datasheet/C0805C103J3GECAUTO.pdf"; VariantName = "[No Variations]"
Add component (AddParameter): Name = "componentlink2description"; Value = "DigiKey Link"; VariantName = "[No Variations]"
Add component (AddParameter): Name = "componentlink2url"; Value = "https://www.digikey.com/en/products/detail/kemet/C0805C103J3GECAUTO/8647361"; VariantName = "[No Variations]"
Add component (AddParameter): Name = "Device Package"; Value = "0805 (2012 Metric)"; VariantName = "[No Variations]"
Add component (AddParameter): Name = "Features"; Value = "Low ESL"; VariantName = "[No Variations]"
Add component (AddParameter): Name = "lastupdated"; Value = "9.02.2024 20:15:09"; VariantName = "[No Variations]"
Add component (AddParameter): Name = "Lifecycle Status"; Value = "Active"; VariantName = "[No Variations]"
Add component (AddParameter): Name = "manufacturer"; Value = "KEMET"; VariantName = "[No Variations]"
Add component (AddParameter): Name = "Minimum Order"; Value = "1"; VariantName = "[No Variations]"
Add component (AddParameter): Name = "Mounting Type"; Value = "Surface Mount, MLCC"; VariantName = "[No Variations]"
Add component (AddParameter): Name = "Operating Temperature"; Value = "-55°C ~ 125°C"; VariantName = "[No Variations]"
Add component (AddParameter): Name = "Package / Case"; Value = "0805 (2012 Metric)"; VariantName = "[No Variations]"
Add component (AddParameter): Name = "packaging"; Value = "TapeAndReel"; VariantName = "[No Variations]"
Add component (AddParameter): Name = "Part Number"; Value = "C0805C103J3GECAUTO"; VariantName = "[No Variations]"
Add component (AddParameter): Name = "Part Status"; Value = "Active"; VariantName = "[No Variations]"
Add component (AddParameter): Name = "partid"; Value = "32681"; VariantName = "[No Variations]"
Add component (AddParameter): Name = "price"; Value = "0.05"; VariantName = "[No Variations]"
Add component (AddParameter): Name = "Ratings"; Value = "AEC-Q200"; VariantName = "[No Variations]"
Add component (AddParameter): Name = "series"; Value = "ESD SMD Auto C0G"; VariantName = "[No Variations]"
Add component (AddParameter): Name = "Size / Dimension"; Value = "0.079" L x 0.049" W (2.00mm x 1.25mm)"; VariantName = "[No Variations]"
Add component (AddParameter): Name = "Supplier 1"; Value = "DigiKey"; VariantName = "[No Variations]"
Add component (AddParameter): Name = "Supplier Part Number 1"; Value = "399-C0805C103J3GECAUTOCT-ND"; VariantName = "[No Variations]"
Add component (AddParameter): Name = "Temperature Coefficient"; Value = "C0G, NP0"; VariantName = "[No Variations]"
Add component (AddParameter): Name = "Thickness (Max)"; Value = "0.039" (1.00mm)"; VariantName = "[No Variations]"
Add component (AddParameter): Name = "Tolerance"; Value = "±5%"; VariantName = "[No Variations]"
Add component (AddParameter): Name = "Value"; Value = "10000 pF"; VariantName = "[No Variations]"
Add component (AddParameter): Name = "Voltage - Rated"; Value = "25V"; VariantName = "[No Variations]"
Added Component: Designator=C7(CAP 0805_2012)
Add component (AddParameter): Name = "Applications"; Value = "Bypass, Decoupling"; VariantName = "[No Variations]"
Add component (AddParameter): Name = "Capacitance"; Value = "10 µF"; VariantName = "[No Variations]"
Add component (AddParameter): Name = "componentlink1description"; Value = "Datasheet"; VariantName = "[No Variations]"
Add component (AddParameter): Name = "componentlink1url"; Value = "https://api.kemet.com/component-edge/download/datasheet/C0805C106K3PAC7800.pdf"; VariantName = "[No Variations]"
Add component (AddParameter): Name = "componentlink2description"; Value = "DigiKey Link"; VariantName = "[No Variations]"
Add component (AddParameter): Name = "componentlink2url"; Value = "https://www.digikey.com/en/products/detail/kemet/C0805C106K3PAC7800/5267604"; VariantName = "[No Variations]"
Add component (AddParameter): Name = "Device Package"; Value = "0805 (2012 Metric)"; VariantName = "[No Variations]"
Add component (AddParameter): Name = "lastupdated"; Value = "9.02.2024 20:15:18"; VariantName = "[No Variations]"
Add component (AddParameter): Name = "Lifecycle Status"; Value = "Active"; VariantName = "[No Variations]"
Add component (AddParameter): Name = "manufacturer"; Value = "KEMET"; VariantName = "[No Variations]"
Add component (AddParameter): Name = "Minimum Order"; Value = "1"; VariantName = "[No Variations]"
Add component (AddParameter): Name = "Mounting Type"; Value = "Surface Mount, MLCC"; VariantName = "[No Variations]"
Add component (AddParameter): Name = "Operating Temperature"; Value = "-55°C ~ 85°C"; VariantName = "[No Variations]"
Add component (AddParameter): Name = "Package / Case"; Value = "0805 (2012 Metric)"; VariantName = "[No Variations]"
Add component (AddParameter): Name = "packaging"; Value = "TapeAndReel"; VariantName = "[No Variations]"
Add component (AddParameter): Name = "Part Number"; Value = "C0805C106K3PAC7800"; VariantName = "[No Variations]"
Add component (AddParameter): Name = "Part Status"; Value = "Active"; VariantName = "[No Variations]"
Add component (AddParameter): Name = "partid"; Value = "18542"; VariantName = "[No Variations]"
Add component (AddParameter): Name = "price"; Value = "0.03"; VariantName = "[No Variations]"
Add component (AddParameter): Name = "series"; Value = "SMD Comm X5R"; VariantName = "[No Variations]"
Add component (AddParameter): Name = "Size / Dimension"; Value = "0.079" L x 0.049" W (2.00mm x 1.25mm)"; VariantName = "[No Variations]"
Add component (AddParameter): Name = "Supplier 1"; Value = "DigiKey"; VariantName = "[No Variations]"
Add component (AddParameter): Name = "Supplier Part Number 1"; Value = "399-11939-1-ND"; VariantName = "[No Variations]"
Add component (AddParameter): Name = "Temperature Coefficient"; Value = "X5R"; VariantName = "[No Variations]"
Add component (AddParameter): Name = "Thickness (Max)"; Value = "0.057" (1.45mm)"; VariantName = "[No Variations]"
Add component (AddParameter): Name = "Tolerance"; Value = "±10%"; VariantName = "[No Variations]"
Add component (AddParameter): Name = "Value"; Value = "10 µF"; VariantName = "[No Variations]"
Add component (AddParameter): Name = "Voltage - Rated"; Value = "25V"; VariantName = "[No Variations]"
Added Component: Designator=C8(CAP 0805_2012)
Add component (AddParameter): Name = "Applications"; Value = "Automotive, ESD Protection"; VariantName = "[No Variations]"
Add component (AddParameter): Name = "Capacitance"; Value = "10000 pF"; VariantName = "[No Variations]"
Add component (AddParameter): Name = "componentlink1description"; Value = "Datasheet"; VariantName = "[No Variations]"
Add component (AddParameter): Name = "componentlink1url"; Value = "https://api.kemet.com/component-edge/download/datasheet/C0805C103J3GECAUTO.pdf"; VariantName = "[No Variations]"
Add component (AddParameter): Name = "componentlink2description"; Value = "DigiKey Link"; VariantName = "[No Variations]"
Add component (AddParameter): Name = "componentlink2url"; Value = "https://www.digikey.com/en/products/detail/kemet/C0805C103J3GECAUTO/8647361"; VariantName = "[No Variations]"
Add component (AddParameter): Name = "Device Package"; Value = "0805 (2012 Metric)"; VariantName = "[No Variations]"
Add component (AddParameter): Name = "Features"; Value = "Low ESL"; VariantName = "[No Variations]"
Add component (AddParameter): Name = "lastupdated"; Value = "9.02.2024 20:15:09"; VariantName = "[No Variations]"
Add component (AddParameter): Name = "Lifecycle Status"; Value = "Active"; VariantName = "[No Variations]"
Add component (AddParameter): Name = "manufacturer"; Value = "KEMET"; VariantName = "[No Variations]"
Add component (AddParameter): Name = "Minimum Order"; Value = "1"; VariantName = "[No Variations]"
Add component (AddParameter): Name = "Mounting Type"; Value = "Surface Mount, MLCC"; VariantName = "[No Variations]"
Add component (AddParameter): Name = "Operating Temperature"; Value = "-55°C ~ 125°C"; VariantName = "[No Variations]"
Add component (AddParameter): Name = "Package / Case"; Value = "0805 (2012 Metric)"; VariantName = "[No Variations]"
Add component (AddParameter): Name = "packaging"; Value = "TapeAndReel"; VariantName = "[No Variations]"
Add component (AddParameter): Name = "Part Number"; Value = "C0805C103J3GECAUTO"; VariantName = "[No Variations]"
Add component (AddParameter): Name = "Part Status"; Value = "Active"; VariantName = "[No Variations]"
Add component (AddParameter): Name = "partid"; Value = "32681"; VariantName = "[No Variations]"
Add component (AddParameter): Name = "price"; Value = "0.05"; VariantName = "[No Variations]"
Add component (AddParameter): Name = "Ratings"; Value = "AEC-Q200"; VariantName = "[No Variations]"
Add component (AddParameter): Name = "series"; Value = "ESD SMD Auto C0G"; VariantName = "[No Variations]"
Add component (AddParameter): Name = "Size / Dimension"; Value = "0.079" L x 0.049" W (2.00mm x 1.25mm)"; VariantName = "[No Variations]"
Add component (AddParameter): Name = "Supplier 1"; Value = "DigiKey"; VariantName = "[No Variations]"
Add component (AddParameter): Name = "Supplier Part Number 1"; Value = "399-C0805C103J3GECAUTOCT-ND"; VariantName = "[No Variations]"
Add component (AddParameter): Name = "Temperature Coefficient"; Value = "C0G, NP0"; VariantName = "[No Variations]"
Add component (AddParameter): Name = "Thickness (Max)"; Value = "0.039" (1.00mm)"; VariantName = "[No Variations]"
Add component (AddParameter): Name = "Tolerance"; Value = "±5%"; VariantName = "[No Variations]"
Add component (AddParameter): Name = "Value"; Value = "10000 pF"; VariantName = "[No Variations]"
Add component (AddParameter): Name = "Voltage - Rated"; Value = "25V"; VariantName = "[No Variations]"
Added Component: Designator=C9(CAP 0805_2012)
Add component (AddParameter): Name = "Part Number"; Value = "CL21Y106KPQVPNE"; VariantName = "[No Variations]"
Add component (AddParameter): Name = "Value"; Value = "10 µF"; VariantName = "[No Variations]"
Added Component: Designator=C10(CAP 0805_2012)
Add component (AddParameter): Name = "Part Number"; Value = "PMK212BBJ107MG-T"; VariantName = "[No Variations]"
Add component (AddParameter): Name = "Value"; Value = "100 µF"; VariantName = "[No Variations]"
Added Component: Designator=C11(CAP 0805_2012)
Add component (AddParameter): Name = "Part Number"; Value = "CL21Y106KPQVPNE"; VariantName = "[No Variations]"
Add component (AddParameter): Name = "Value"; Value = "10 µF"; VariantName = "[No Variations]"
Added Component: Designator=C12(CAP 0805_2012)
Add component (AddParameter): Name = "Part Number"; Value = "PMK212BBJ107MG-T"; VariantName = "[No Variations]"
Add component (AddParameter): Name = "Value"; Value = "100 µF"; VariantName = "[No Variations]"
Added Component: Designator=C13(CAP 0805_2012)
Add component (AddParameter): Name = "Part Number"; Value = "CL21Y106KPQVPNE"; VariantName = "[No Variations]"
Add component (AddParameter): Name = "Value"; Value = "10 µF"; VariantName = "[No Variations]"
Added Component: Designator=C14(CAP 0805_2012)
Add component (AddParameter): Name = "Part Number"; Value = "CL21Y106KPQVPNE"; VariantName = "[No Variations]"
Add component (AddParameter): Name = "Value"; Value = "10 µF"; VariantName = "[No Variations]"
Added Component: Designator=C15(CAP 0805_2012)
Add component (AddParameter): Name = "Applications"; Value = "General Purpose"; VariantName = "[No Variations]"
Add component (AddParameter): Name = "Capacitance"; Value = "0.1 µF"; VariantName = "[No Variations]"
Add component (AddParameter): Name = "componentlink1description"; Value = "Datasheet"; VariantName = "[No Variations]"
Add component (AddParameter): Name = "componentlink1url"; Value = "https://www.yageo.com/upload/media/product/productsearch/datasheet/mlcc/UPY-GPHC_X7R_6.3V-to-50V_18.pdf"; VariantName = "[No Variations]"
Add component (AddParameter): Name = "componentlink2description"; Value = "DigiKey Link"; VariantName = "[No Variations]"
Add component (AddParameter): Name = "componentlink2url"; Value = "https://www.digikey.com/en/products/detail/yageo/CC0805MRX7R9BB104/5884281"; VariantName = "[No Variations]"
Add component (AddParameter): Name = "Device Package"; Value = "0805 (2012 Metric)"; VariantName = "[No Variations]"
Add component (AddParameter): Name = "lastupdated"; Value = "9.02.2024 20:16:09"; VariantName = "[No Variations]"
Add component (AddParameter): Name = "Lifecycle Status"; Value = "Active"; VariantName = "[No Variations]"
Add component (AddParameter): Name = "manufacturer"; Value = "Yageo"; VariantName = "[No Variations]"
Add component (AddParameter): Name = "Minimum Order"; Value = "1"; VariantName = "[No Variations]"
Add component (AddParameter): Name = "Mounting Type"; Value = "Surface Mount, MLCC"; VariantName = "[No Variations]"
Add component (AddParameter): Name = "Operating Temperature"; Value = "-55°C ~ 125°C"; VariantName = "[No Variations]"
Add component (AddParameter): Name = "Package / Case"; Value = "0805 (2012 Metric)"; VariantName = "[No Variations]"
Add component (AddParameter): Name = "packaging"; Value = "TapeAndReel"; VariantName = "[No Variations]"
Add component (AddParameter): Name = "Part Number"; Value = "CC0805MRX7R9BB104"; VariantName = "[No Variations]"
Add component (AddParameter): Name = "Part Status"; Value = "Active"; VariantName = "[No Variations]"
Add component (AddParameter): Name = "partid"; Value = "2475"; VariantName = "[No Variations]"
Add component (AddParameter): Name = "price"; Value = "0.01"; VariantName = "[No Variations]"
Add component (AddParameter): Name = "series"; Value = "CC"; VariantName = "[No Variations]"
Add component (AddParameter): Name = "Size / Dimension"; Value = "0.079" L x 0.049" W (2.00mm x 1.25mm)"; VariantName = "[No Variations]"
Add component (AddParameter): Name = "Supplier 1"; Value = "DigiKey"; VariantName = "[No Variations]"
Add component (AddParameter): Name = "Supplier Part Number 1"; Value = "311-4351-1-ND"; VariantName = "[No Variations]"
Add component (AddParameter): Name = "Temperature Coefficient"; Value = "X7R"; VariantName = "[No Variations]"
Add component (AddParameter): Name = "Thickness (Max)"; Value = "0.037" (0.95mm)"; VariantName = "[No Variations]"
Add component (AddParameter): Name = "Tolerance"; Value = "±20%"; VariantName = "[No Variations]"
Add component (AddParameter): Name = "Value"; Value = "0.1 µF"; VariantName = "[No Variations]"
Add component (AddParameter): Name = "Voltage - Rated"; Value = "50V"; VariantName = "[No Variations]"
Added Component: Designator=C16(CAP 0805_2012)
Add component (AddParameter): Name = "Applications"; Value = "General Purpose"; VariantName = "[No Variations]"
Add component (AddParameter): Name = "Capacitance"; Value = "0.1 µF"; VariantName = "[No Variations]"
Add component (AddParameter): Name = "componentlink1description"; Value = "Datasheet"; VariantName = "[No Variations]"
Add component (AddParameter): Name = "componentlink1url"; Value = "https://www.yageo.com/upload/media/product/productsearch/datasheet/mlcc/UPY-GPHC_X7R_6.3V-to-50V_18.pdf"; VariantName = "[No Variations]"
Add component (AddParameter): Name = "componentlink2description"; Value = "DigiKey Link"; VariantName = "[No Variations]"
Add component (AddParameter): Name = "componentlink2url"; Value = "https://www.digikey.com/en/products/detail/yageo/CC0805MRX7R9BB104/5884281"; VariantName = "[No Variations]"
Add component (AddParameter): Name = "Device Package"; Value = "0805 (2012 Metric)"; VariantName = "[No Variations]"
Add component (AddParameter): Name = "lastupdated"; Value = "9.02.2024 20:16:09"; VariantName = "[No Variations]"
Add component (AddParameter): Name = "Lifecycle Status"; Value = "Active"; VariantName = "[No Variations]"
Add component (AddParameter): Name = "manufacturer"; Value = "Yageo"; VariantName = "[No Variations]"
Add component (AddParameter): Name = "Minimum Order"; Value = "1"; VariantName = "[No Variations]"
Add component (AddParameter): Name = "Mounting Type"; Value = "Surface Mount, MLCC"; VariantName = "[No Variations]"
Add component (AddParameter): Name = "Operating Temperature"; Value = "-55°C ~ 125°C"; VariantName = "[No Variations]"
Add component (AddParameter): Name = "Package / Case"; Value = "0805 (2012 Metric)"; VariantName = "[No Variations]"
Add component (AddParameter): Name = "packaging"; Value = "TapeAndReel"; VariantName = "[No Variations]"
Add component (AddParameter): Name = "Part Number"; Value = "CC0805MRX7R9BB104"; VariantName = "[No Variations]"
Add component (AddParameter): Name = "Part Status"; Value = "Active"; VariantName = "[No Variations]"
Add component (AddParameter): Name = "partid"; Value = "2475"; VariantName = "[No Variations]"
Add component (AddParameter): Name = "price"; Value = "0.01"; VariantName = "[No Variations]"
Add component (AddParameter): Name = "series"; Value = "CC"; VariantName = "[No Variations]"
Add component (AddParameter): Name = "Size / Dimension"; Value = "0.079" L x 0.049" W (2.00mm x 1.25mm)"; VariantName = "[No Variations]"
Add component (AddParameter): Name = "Supplier 1"; Value = "DigiKey"; VariantName = "[No Variations]"
Add component (AddParameter): Name = "Supplier Part Number 1"; Value = "311-4351-1-ND"; VariantName = "[No Variations]"
Add component (AddParameter): Name = "Temperature Coefficient"; Value = "X7R"; VariantName = "[No Variations]"
Add component (AddParameter): Name = "Thickness (Max)"; Value = "0.037" (0.95mm)"; VariantName = "[No Variations]"
Add component (AddParameter): Name = "Tolerance"; Value = "±20%"; VariantName = "[No Variations]"
Add component (AddParameter): Name = "Value"; Value = "0.1 µF"; VariantName = "[No Variations]"
Add component (AddParameter): Name = "Voltage - Rated"; Value = "50V"; VariantName = "[No Variations]"
Added Component: Designator=C17(CAP 0805_2012)
Add component (AddParameter): Name = "Applications"; Value = "Automotive"; VariantName = "[No Variations]"
Add component (AddParameter): Name = "Capacitance"; Value = "10 µF"; VariantName = "[No Variations]"
Add component (AddParameter): Name = "componentlink1description"; Value = "Datasheet"; VariantName = "[No Variations]"
Add component (AddParameter): Name = "componentlink1url"; Value = "http://www.samsungsem.com/kr/support/product-search/mlcc/CL21Y106KPQVPNE.jsp"; VariantName = "[No Variations]"
Add component (AddParameter): Name = "componentlink2description"; Value = "DigiKey Link"; VariantName = "[No Variations]"
Add component (AddParameter): Name = "componentlink2url"; Value = "https://www.digikey.com/en/products/detail/samsung-electro-mechanics/CL21Y106KPQVPNE/5961169"; VariantName = "[No Variations]"
Add component (AddParameter): Name = "Device Package"; Value = "0805 (2012 Metric)"; VariantName = "[No Variations]"
Add component (AddParameter): Name = "lastupdated"; Value = "9.02.2024 20:16:08"; VariantName = "[No Variations]"
Add component (AddParameter): Name = "Lifecycle Status"; Value = "Active"; VariantName = "[No Variations]"
Add component (AddParameter): Name = "manufacturer"; Value = "Samsung Electro-Mechanics"; VariantName = "[No Variations]"
Add component (AddParameter): Name = "Minimum Order"; Value = "1"; VariantName = "[No Variations]"
Add component (AddParameter): Name = "Mounting Type"; Value = "Surface Mount, MLCC"; VariantName = "[No Variations]"
Add component (AddParameter): Name = "Operating Temperature"; Value = "-55°C ~ 125°C"; VariantName = "[No Variations]"
Add component (AddParameter): Name = "Package / Case"; Value = "0805 (2012 Metric)"; VariantName = "[No Variations]"
Add component (AddParameter): Name = "packaging"; Value = "TapeAndReel"; VariantName = "[No Variations]"
Add component (AddParameter): Name = "Part Number"; Value = "CL21Y106KPQVPNE"; VariantName = "[No Variations]"
Add component (AddParameter): Name = "Part Status"; Value = "Active"; VariantName = "[No Variations]"
Add component (AddParameter): Name = "partid"; Value = "2979"; VariantName = "[No Variations]"
Add component (AddParameter): Name = "price"; Value = "0.06"; VariantName = "[No Variations]"
Add component (AddParameter): Name = "Ratings"; Value = "AEC-Q200"; VariantName = "[No Variations]"
Add component (AddParameter): Name = "series"; Value = "CL"; VariantName = "[No Variations]"
Add component (AddParameter): Name = "Size / Dimension"; Value = "0.079" L x 0.049" W (2.00mm x 1.25mm)"; VariantName = "[No Variations]"
Add component (AddParameter): Name = "Supplier 1"; Value = "DigiKey"; VariantName = "[No Variations]"
Add component (AddParameter): Name = "Supplier Part Number 1"; Value = "1276-6685-1-ND"; VariantName = "[No Variations]"
Add component (AddParameter): Name = "Temperature Coefficient"; Value = "X7S"; VariantName = "[No Variations]"
Add component (AddParameter): Name = "Thickness (Max)"; Value = "0.055" (1.40mm)"; VariantName = "[No Variations]"
Add component (AddParameter): Name = "Tolerance"; Value = "±10%"; VariantName = "[No Variations]"
Add component (AddParameter): Name = "Value"; Value = "10 µF"; VariantName = "[No Variations]"
Add component (AddParameter): Name = "Voltage - Rated"; Value = "10V"; VariantName = "[No Variations]"
Added Component: Designator=C18(CAP 0805_2012)
Add component (AddParameter): Name = "Applications"; Value = "General Purpose"; VariantName = "[No Variations]"
Add component (AddParameter): Name = "Capacitance"; Value = "0.1 µF"; VariantName = "[No Variations]"
Add component (AddParameter): Name = "componentlink1description"; Value = "Datasheet"; VariantName = "[No Variations]"
Add component (AddParameter): Name = "componentlink1url"; Value = "https://www.yageo.com/upload/media/product/productsearch/datasheet/mlcc/UPY-GPHC_X7R_6.3V-to-50V_18.pdf"; VariantName = "[No Variations]"
Add component (AddParameter): Name = "componentlink2description"; Value = "DigiKey Link"; VariantName = "[No Variations]"
Add component (AddParameter): Name = "componentlink2url"; Value = "https://www.digikey.com/en/products/detail/yageo/CC0805MRX7R9BB104/5884281"; VariantName = "[No Variations]"
Add component (AddParameter): Name = "Device Package"; Value = "0805 (2012 Metric)"; VariantName = "[No Variations]"
Add component (AddParameter): Name = "lastupdated"; Value = "9.02.2024 20:16:09"; VariantName = "[No Variations]"
Add component (AddParameter): Name = "Lifecycle Status"; Value = "Active"; VariantName = "[No Variations]"
Add component (AddParameter): Name = "manufacturer"; Value = "Yageo"; VariantName = "[No Variations]"
Add component (AddParameter): Name = "Minimum Order"; Value = "1"; VariantName = "[No Variations]"
Add component (AddParameter): Name = "Mounting Type"; Value = "Surface Mount, MLCC"; VariantName = "[No Variations]"
Add component (AddParameter): Name = "Operating Temperature"; Value = "-55°C ~ 125°C"; VariantName = "[No Variations]"
Add component (AddParameter): Name = "Package / Case"; Value = "0805 (2012 Metric)"; VariantName = "[No Variations]"
Add component (AddParameter): Name = "packaging"; Value = "TapeAndReel"; VariantName = "[No Variations]"
Add component (AddParameter): Name = "Part Number"; Value = "CC0805MRX7R9BB104"; VariantName = "[No Variations]"
Add component (AddParameter): Name = "Part Status"; Value = "Active"; VariantName = "[No Variations]"
Add component (AddParameter): Name = "partid"; Value = "2475"; VariantName = "[No Variations]"
Add component (AddParameter): Name = "price"; Value = "0.01"; VariantName = "[No Variations]"
Add component (AddParameter): Name = "series"; Value = "CC"; VariantName = "[No Variations]"
Add component (AddParameter): Name = "Size / Dimension"; Value = "0.079" L x 0.049" W (2.00mm x 1.25mm)"; VariantName = "[No Variations]"
Add component (AddParameter): Name = "Supplier 1"; Value = "DigiKey"; VariantName = "[No Variations]"
Add component (AddParameter): Name = "Supplier Part Number 1"; Value = "311-4351-1-ND"; VariantName = "[No Variations]"
Add component (AddParameter): Name = "Temperature Coefficient"; Value = "X7R"; VariantName = "[No Variations]"
Add component (AddParameter): Name = "Thickness (Max)"; Value = "0.037" (0.95mm)"; VariantName = "[No Variations]"
Add component (AddParameter): Name = "Tolerance"; Value = "±20%"; VariantName = "[No Variations]"
Add component (AddParameter): Name = "Value"; Value = "0.1 µF"; VariantName = "[No Variations]"
Add component (AddParameter): Name = "Voltage - Rated"; Value = "50V"; VariantName = "[No Variations]"
Added Component: Designator=C19(CAP 0805_2012)
Add component (AddParameter): Name = "Part Number"; Value = "CL21Y106KPQVPNE"; VariantName = "[No Variations]"
Add component (AddParameter): Name = "Value"; Value = "10 µF"; VariantName = "[No Variations]"
Added Component: Designator=C20(CAP 0805_2012)
Add component (AddParameter): Name = "Part Number"; Value = "CL21Y106KPQVPNE"; VariantName = "[No Variations]"
Add component (AddParameter): Name = "Value"; Value = "10 µF"; VariantName = "[No Variations]"
Added Component: Designator=C21(CAP 0805_2012)
Add component (AddParameter): Name = "Applications"; Value = "General Purpose"; VariantName = "[No Variations]"
Add component (AddParameter): Name = "Capacitance"; Value = "4.7 µF"; VariantName = "[No Variations]"
Add component (AddParameter): Name = "componentlink1description"; Value = "Datasheet"; VariantName = "[No Variations]"
Add component (AddParameter): Name = "componentlink1url"; Value = "http://www.samsungsem.com/kr/support/product-search/mlcc/CL21B475KAFNNNE.jsp"; VariantName = "[No Variations]"
Add component (AddParameter): Name = "componentlink2description"; Value = "DigiKey Link"; VariantName = "[No Variations]"
Add component (AddParameter): Name = "componentlink2url"; Value = "https://www.digikey.com/en/products/detail/samsung-electro-mechanics/CL21B475KAFNNNE/3888627"; VariantName = "[No Variations]"
Add component (AddParameter): Name = "Device Package"; Value = "0805 (2012 Metric)"; VariantName = "[No Variations]"
Add component (AddParameter): Name = "lastupdated"; Value = "9.02.2024 20:16:07"; VariantName = "[No Variations]"
Add component (AddParameter): Name = "Lifecycle Status"; Value = "Active"; VariantName = "[No Variations]"
Add component (AddParameter): Name = "manufacturer"; Value = "Samsung Electro-Mechanics"; VariantName = "[No Variations]"
Add component (AddParameter): Name = "Minimum Order"; Value = "1"; VariantName = "[No Variations]"
Add component (AddParameter): Name = "Mounting Type"; Value = "Surface Mount, MLCC"; VariantName = "[No Variations]"
Add component (AddParameter): Name = "Operating Temperature"; Value = "-55°C ~ 125°C"; VariantName = "[No Variations]"
Add component (AddParameter): Name = "Package / Case"; Value = "0805 (2012 Metric)"; VariantName = "[No Variations]"
Add component (AddParameter): Name = "packaging"; Value = "TapeAndReel"; VariantName = "[No Variations]"
Add component (AddParameter): Name = "Part Number"; Value = "CL21B475KAFNNNE"; VariantName = "[No Variations]"
Add component (AddParameter): Name = "Part Status"; Value = "Active"; VariantName = "[No Variations]"
Add component (AddParameter): Name = "partid"; Value = "3072"; VariantName = "[No Variations]"
Add component (AddParameter): Name = "price"; Value = "0.08"; VariantName = "[No Variations]"
Add component (AddParameter): Name = "series"; Value = "CL"; VariantName = "[No Variations]"
Add component (AddParameter): Name = "Size / Dimension"; Value = "0.079" L x 0.049" W (2.00mm x 1.25mm)"; VariantName = "[No Variations]"
Add component (AddParameter): Name = "Supplier 1"; Value = "DigiKey"; VariantName = "[No Variations]"
Add component (AddParameter): Name = "Supplier Part Number 1"; Value = "1276-2969-1-ND"; VariantName = "[No Variations]"
Add component (AddParameter): Name = "Temperature Coefficient"; Value = "X7R"; VariantName = "[No Variations]"
Add component (AddParameter): Name = "Thickness (Max)"; Value = "0.053" (1.35mm)"; VariantName = "[No Variations]"
Add component (AddParameter): Name = "Tolerance"; Value = "±10%"; VariantName = "[No Variations]"
Add component (AddParameter): Name = "Value"; Value = "4.7 µF"; VariantName = "[No Variations]"
Add component (AddParameter): Name = "Voltage - Rated"; Value = "25V"; VariantName = "[No Variations]"
Added Component: Designator=C22(CAP 0805_2012)
Add component (AddParameter): Name = "Applications"; Value = "General Purpose"; VariantName = "[No Variations]"
Add component (AddParameter): Name = "Capacitance"; Value = "0.1 µF"; VariantName = "[No Variations]"
Add component (AddParameter): Name = "componentlink1description"; Value = "Datasheet"; VariantName = "[No Variations]"
Add component (AddParameter): Name = "componentlink1url"; Value = "https://www.yageo.com/upload/media/product/productsearch/datasheet/mlcc/UPY-GPHC_X7R_6.3V-to-50V_18.pdf"; VariantName = "[No Variations]"
Add component (AddParameter): Name = "componentlink2description"; Value = "DigiKey Link"; VariantName = "[No Variations]"
Add component (AddParameter): Name = "componentlink2url"; Value = "https://www.digikey.com/en/products/detail/yageo/CC0805MRX7R9BB104/5884281"; VariantName = "[No Variations]"
Add component (AddParameter): Name = "Device Package"; Value = "0805 (2012 Metric)"; VariantName = "[No Variations]"
Add component (AddParameter): Name = "lastupdated"; Value = "9.02.2024 20:16:09"; VariantName = "[No Variations]"
Add component (AddParameter): Name = "Lifecycle Status"; Value = "Active"; VariantName = "[No Variations]"
Add component (AddParameter): Name = "manufacturer"; Value = "Yageo"; VariantName = "[No Variations]"
Add component (AddParameter): Name = "Minimum Order"; Value = "1"; VariantName = "[No Variations]"
Add component (AddParameter): Name = "Mounting Type"; Value = "Surface Mount, MLCC"; VariantName = "[No Variations]"
Add component (AddParameter): Name = "Operating Temperature"; Value = "-55°C ~ 125°C"; VariantName = "[No Variations]"
Add component (AddParameter): Name = "Package / Case"; Value = "0805 (2012 Metric)"; VariantName = "[No Variations]"
Add component (AddParameter): Name = "packaging"; Value = "TapeAndReel"; VariantName = "[No Variations]"
Add component (AddParameter): Name = "Part Number"; Value = "CC0805MRX7R9BB104"; VariantName = "[No Variations]"
Add component (AddParameter): Name = "Part Status"; Value = "Active"; VariantName = "[No Variations]"
Add component (AddParameter): Name = "partid"; Value = "2475"; VariantName = "[No Variations]"
Add component (AddParameter): Name = "price"; Value = "0.01"; VariantName = "[No Variations]"
Add component (AddParameter): Name = "series"; Value = "CC"; VariantName = "[No Variations]"
Add component (AddParameter): Name = "Size / Dimension"; Value = "0.079" L x 0.049" W (2.00mm x 1.25mm)"; VariantName = "[No Variations]"
Add component (AddParameter): Name = "Supplier 1"; Value = "DigiKey"; VariantName = "[No Variations]"
Add component (AddParameter): Name = "Supplier Part Number 1"; Value = "311-4351-1-ND"; VariantName = "[No Variations]"
Add component (AddParameter): Name = "Temperature Coefficient"; Value = "X7R"; VariantName = "[No Variations]"
Add component (AddParameter): Name = "Thickness (Max)"; Value = "0.037" (0.95mm)"; VariantName = "[No Variations]"
Add component (AddParameter): Name = "Tolerance"; Value = "±20%"; VariantName = "[No Variations]"
Add component (AddParameter): Name = "Value"; Value = "0.1 µF"; VariantName = "[No Variations]"
Add component (AddParameter): Name = "Voltage - Rated"; Value = "50V"; VariantName = "[No Variations]"
Added Component: Designator=C23(CAP 0805_2012)
Add component (AddParameter): Name = "Applications"; Value = "General Purpose"; VariantName = "[No Variations]"
Add component (AddParameter): Name = "Capacitance"; Value = "1 pF"; VariantName = "[No Variations]"
Add component (AddParameter): Name = "componentlink1description"; Value = "Datasheet"; VariantName = "[No Variations]"
Add component (AddParameter): Name = "componentlink1url"; Value = "https://www.yageo.com/upload/media/product/productsearch/datasheet/mlcc/UPY-GP_NP0_16V-to-50V_17.pdf"; VariantName = "[No Variations]"
Add component (AddParameter): Name = "componentlink2description"; Value = "DigiKey Link"; VariantName = "[No Variations]"
Add component (AddParameter): Name = "componentlink2url"; Value = "https://www.digikey.com/en/products/detail/yageo/CC0805CRNPO9BN1R0/302823"; VariantName = "[No Variations]"
Add component (AddParameter): Name = "Device Package"; Value = "0805 (2012 Metric)"; VariantName = "[No Variations]"
Add component (AddParameter): Name = "lastupdated"; Value = "9.02.2024 20:15:42"; VariantName = "[No Variations]"
Add component (AddParameter): Name = "Lifecycle Status"; Value = "Active"; VariantName = "[No Variations]"
Add component (AddParameter): Name = "manufacturer"; Value = "Yageo"; VariantName = "[No Variations]"
Add component (AddParameter): Name = "Minimum Order"; Value = "1"; VariantName = "[No Variations]"
Add component (AddParameter): Name = "Mounting Type"; Value = "Surface Mount, MLCC"; VariantName = "[No Variations]"
Add component (AddParameter): Name = "Operating Temperature"; Value = "-55°C ~ 125°C"; VariantName = "[No Variations]"
Add component (AddParameter): Name = "Package / Case"; Value = "0805 (2012 Metric)"; VariantName = "[No Variations]"
Add component (AddParameter): Name = "packaging"; Value = "TapeAndReel"; VariantName = "[No Variations]"
Add component (AddParameter): Name = "Part Number"; Value = "CC0805CRNPO9BN1R0"; VariantName = "[No Variations]"
Add component (AddParameter): Name = "Part Status"; Value = "Active"; VariantName = "[No Variations]"
Add component (AddParameter): Name = "partid"; Value = "12750"; VariantName = "[No Variations]"
Add component (AddParameter): Name = "price"; Value = "0.01"; VariantName = "[No Variations]"
Add component (AddParameter): Name = "series"; Value = "CC"; VariantName = "[No Variations]"
Add component (AddParameter): Name = "Size / Dimension"; Value = "0.079" L x 0.049" W (2.00mm x 1.25mm)"; VariantName = "[No Variations]"
Add component (AddParameter): Name = "Supplier 1"; Value = "DigiKey"; VariantName = "[No Variations]"
Add component (AddParameter): Name = "Supplier Part Number 1"; Value = "311-1089-1-ND"; VariantName = "[No Variations]"
Add component (AddParameter): Name = "Temperature Coefficient"; Value = "C0G, NP0"; VariantName = "[No Variations]"
Add component (AddParameter): Name = "Thickness (Max)"; Value = "0.024" (0.60mm)"; VariantName = "[No Variations]"
Add component (AddParameter): Name = "Tolerance"; Value = "±0.25pF"; VariantName = "[No Variations]"
Add component (AddParameter): Name = "Value"; Value = "1 pF"; VariantName = "[No Variations]"
Add component (AddParameter): Name = "Voltage - Rated"; Value = "50V"; VariantName = "[No Variations]"
Added Component: Designator=C24(CAP 0805_2012)
Add component (AddParameter): Name = "Applications"; Value = "General Purpose"; VariantName = "[No Variations]"
Add component (AddParameter): Name = "Capacitance"; Value = "1 pF"; VariantName = "[No Variations]"
Add component (AddParameter): Name = "componentlink1description"; Value = "Datasheet"; VariantName = "[No Variations]"
Add component (AddParameter): Name = "componentlink1url"; Value = "https://www.yageo.com/upload/media/product/productsearch/datasheet/mlcc/UPY-GP_NP0_16V-to-50V_17.pdf"; VariantName = "[No Variations]"
Add component (AddParameter): Name = "componentlink2description"; Value = "DigiKey Link"; VariantName = "[No Variations]"
Add component (AddParameter): Name = "componentlink2url"; Value = "https://www.digikey.com/en/products/detail/yageo/CC0805CRNPO9BN1R0/302823"; VariantName = "[No Variations]"
Add component (AddParameter): Name = "Device Package"; Value = "0805 (2012 Metric)"; VariantName = "[No Variations]"
Add component (AddParameter): Name = "lastupdated"; Value = "9.02.2024 20:15:42"; VariantName = "[No Variations]"
Add component (AddParameter): Name = "Lifecycle Status"; Value = "Active"; VariantName = "[No Variations]"
Add component (AddParameter): Name = "manufacturer"; Value = "Yageo"; VariantName = "[No Variations]"
Add component (AddParameter): Name = "Minimum Order"; Value = "1"; VariantName = "[No Variations]"
Add component (AddParameter): Name = "Mounting Type"; Value = "Surface Mount, MLCC"; VariantName = "[No Variations]"
Add component (AddParameter): Name = "Operating Temperature"; Value = "-55°C ~ 125°C"; VariantName = "[No Variations]"
Add component (AddParameter): Name = "Package / Case"; Value = "0805 (2012 Metric)"; VariantName = "[No Variations]"
Add component (AddParameter): Name = "packaging"; Value = "TapeAndReel"; VariantName = "[No Variations]"
Add component (AddParameter): Name = "Part Number"; Value = "CC0805CRNPO9BN1R0"; VariantName = "[No Variations]"
Add component (AddParameter): Name = "Part Status"; Value = "Active"; VariantName = "[No Variations]"
Add component (AddParameter): Name = "partid"; Value = "12750"; VariantName = "[No Variations]"
Add component (AddParameter): Name = "price"; Value = "0.01"; VariantName = "[No Variations]"
Add component (AddParameter): Name = "series"; Value = "CC"; VariantName = "[No Variations]"
Add component (AddParameter): Name = "Size / Dimension"; Value = "0.079" L x 0.049" W (2.00mm x 1.25mm)"; VariantName = "[No Variations]"
Add component (AddParameter): Name = "Supplier 1"; Value = "DigiKey"; VariantName = "[No Variations]"
Add component (AddParameter): Name = "Supplier Part Number 1"; Value = "311-1089-1-ND"; VariantName = "[No Variations]"
Add component (AddParameter): Name = "Temperature Coefficient"; Value = "C0G, NP0"; VariantName = "[No Variations]"
Add component (AddParameter): Name = "Thickness (Max)"; Value = "0.024" (0.60mm)"; VariantName = "[No Variations]"
Add component (AddParameter): Name = "Tolerance"; Value = "±0.25pF"; VariantName = "[No Variations]"
Add component (AddParameter): Name = "Value"; Value = "1 pF"; VariantName = "[No Variations]"
Add component (AddParameter): Name = "Voltage - Rated"; Value = "50V"; VariantName = "[No Variations]"
Added Component: Designator=C25(CAP 0805_2012)
Add component (AddParameter): Name = "Applications"; Value = "General Purpose"; VariantName = "[No Variations]"
Add component (AddParameter): Name = "Capacitance"; Value = "18 pF"; VariantName = "[No Variations]"
Add component (AddParameter): Name = "componentlink1description"; Value = "Datasheet"; VariantName = "[No Variations]"
Add component (AddParameter): Name = "componentlink1url"; Value = "https://www.vishay.com/docs/28548/vjw1bcbascomseries.pdf"; VariantName = "[No Variations]"
Add component (AddParameter): Name = "componentlink2description"; Value = "DigiKey Link"; VariantName = "[No Variations]"
Add component (AddParameter): Name = "componentlink2url"; Value = "https://www.digikey.com/en/products/detail/vishay-vitramon/VJ0805A180JXXCW1BC/8307782"; VariantName = "[No Variations]"
Add component (AddParameter): Name = "Device Package"; Value = "0805 (2012 Metric)"; VariantName = "[No Variations]"
Add component (AddParameter): Name = "lastupdated"; Value = "9.02.2024 20:15:03"; VariantName = "[No Variations]"
Add component (AddParameter): Name = "Lifecycle Status"; Value = "Active"; VariantName = "[No Variations]"
Add component (AddParameter): Name = "manufacturer"; Value = "Vishay Vitramon"; VariantName = "[No Variations]"
Add component (AddParameter): Name = "Minimum Order"; Value = "1"; VariantName = "[No Variations]"
Add component (AddParameter): Name = "Mounting Type"; Value = "Surface Mount, MLCC"; VariantName = "[No Variations]"
Add component (AddParameter): Name = "Operating Temperature"; Value = "-55°C ~ 125°C"; VariantName = "[No Variations]"
Add component (AddParameter): Name = "Package / Case"; Value = "0805 (2012 Metric)"; VariantName = "[No Variations]"
Add component (AddParameter): Name = "packaging"; Value = "TapeAndReel"; VariantName = "[No Variations]"
Add component (AddParameter): Name = "Part Number"; Value = "VJ0805A180JXXCW1BC"; VariantName = "[No Variations]"
Add component (AddParameter): Name = "Part Status"; Value = "Active"; VariantName = "[No Variations]"
Add component (AddParameter): Name = "partid"; Value = "31672"; VariantName = "[No Variations]"
Add component (AddParameter): Name = "price"; Value = "0.01"; VariantName = "[No Variations]"
Add component (AddParameter): Name = "series"; Value = "VJ W1BC"; VariantName = "[No Variations]"
Add component (AddParameter): Name = "Size / Dimension"; Value = "0.079" L x 0.049" W (2.00mm x 1.25mm)"; VariantName = "[No Variations]"
Add component (AddParameter): Name = "Supplier 1"; Value = "DigiKey"; VariantName = "[No Variations]"
Add component (AddParameter): Name = "Supplier Part Number 1"; Value = "720-VJ0805A180JXXCW1BCCT-ND"; VariantName = "[No Variations]"
Add component (AddParameter): Name = "Temperature Coefficient"; Value = "C0G, NP0"; VariantName = "[No Variations]"
Add component (AddParameter): Name = "Thickness (Max)"; Value = "0.028" (0.70mm)"; VariantName = "[No Variations]"
Add component (AddParameter): Name = "Tolerance"; Value = "±5%"; VariantName = "[No Variations]"
Add component (AddParameter): Name = "Value"; Value = "18 pF"; VariantName = "[No Variations]"
Add component (AddParameter): Name = "Voltage - Rated"; Value = "25V"; VariantName = "[No Variations]"
Added Component: Designator=C26(CAP 0805_2012)
Add component (AddParameter): Name = "Applications"; Value = "General Purpose"; VariantName = "[No Variations]"
Add component (AddParameter): Name = "Capacitance"; Value = "18 pF"; VariantName = "[No Variations]"
Add component (AddParameter): Name = "componentlink1description"; Value = "Datasheet"; VariantName = "[No Variations]"
Add component (AddParameter): Name = "componentlink1url"; Value = "https://www.vishay.com/docs/28548/vjw1bcbascomseries.pdf"; VariantName = "[No Variations]"
Add component (AddParameter): Name = "componentlink2description"; Value = "DigiKey Link"; VariantName = "[No Variations]"
Add component (AddParameter): Name = "componentlink2url"; Value = "https://www.digikey.com/en/products/detail/vishay-vitramon/VJ0805A180JXXCW1BC/8307782"; VariantName = "[No Variations]"
Add component (AddParameter): Name = "Device Package"; Value = "0805 (2012 Metric)"; VariantName = "[No Variations]"
Add component (AddParameter): Name = "lastupdated"; Value = "9.02.2024 20:15:03"; VariantName = "[No Variations]"
Add component (AddParameter): Name = "Lifecycle Status"; Value = "Active"; VariantName = "[No Variations]"
Add component (AddParameter): Name = "manufacturer"; Value = "Vishay Vitramon"; VariantName = "[No Variations]"
Add component (AddParameter): Name = "Minimum Order"; Value = "1"; VariantName = "[No Variations]"
Add component (AddParameter): Name = "Mounting Type"; Value = "Surface Mount, MLCC"; VariantName = "[No Variations]"
Add component (AddParameter): Name = "Operating Temperature"; Value = "-55°C ~ 125°C"; VariantName = "[No Variations]"
Add component (AddParameter): Name = "Package / Case"; Value = "0805 (2012 Metric)"; VariantName = "[No Variations]"
Add component (AddParameter): Name = "packaging"; Value = "TapeAndReel"; VariantName = "[No Variations]"
Add component (AddParameter): Name = "Part Number"; Value = "VJ0805A180JXXCW1BC"; VariantName = "[No Variations]"
Add component (AddParameter): Name = "Part Status"; Value = "Active"; VariantName = "[No Variations]"
Add component (AddParameter): Name = "partid"; Value = "31672"; VariantName = "[No Variations]"
Add component (AddParameter): Name = "price"; Value = "0.01"; VariantName = "[No Variations]"
Add component (AddParameter): Name = "series"; Value = "VJ W1BC"; VariantName = "[No Variations]"
Add component (AddParameter): Name = "Size / Dimension"; Value = "0.079" L x 0.049" W (2.00mm x 1.25mm)"; VariantName = "[No Variations]"
Add component (AddParameter): Name = "Supplier 1"; Value = "DigiKey"; VariantName = "[No Variations]"
Add component (AddParameter): Name = "Supplier Part Number 1"; Value = "720-VJ0805A180JXXCW1BCCT-ND"; VariantName = "[No Variations]"
Add component (AddParameter): Name = "Temperature Coefficient"; Value = "C0G, NP0"; VariantName = "[No Variations]"
Add component (AddParameter): Name = "Thickness (Max)"; Value = "0.028" (0.70mm)"; VariantName = "[No Variations]"
Add component (AddParameter): Name = "Tolerance"; Value = "±5%"; VariantName = "[No Variations]"
Add component (AddParameter): Name = "Value"; Value = "18 pF"; VariantName = "[No Variations]"
Add component (AddParameter): Name = "Voltage - Rated"; Value = "25V"; VariantName = "[No Variations]"
Added Component: Designator=C27(CAP 0805_2012)
Add component (AddParameter): Name = "Applications"; Value = "General Purpose"; VariantName = "[No Variations]"
Add component (AddParameter): Name = "Capacitance"; Value = "0.1 µF"; VariantName = "[No Variations]"
Add component (AddParameter): Name = "componentlink1description"; Value = "Datasheet"; VariantName = "[No Variations]"
Add component (AddParameter): Name = "componentlink1url"; Value = "https://www.yageo.com/upload/media/product/productsearch/datasheet/mlcc/UPY-GPHC_X7R_6.3V-to-50V_18.pdf"; VariantName = "[No Variations]"
Add component (AddParameter): Name = "componentlink2description"; Value = "DigiKey Link"; VariantName = "[No Variations]"
Add component (AddParameter): Name = "componentlink2url"; Value = "https://www.digikey.com/en/products/detail/yageo/CC0805MRX7R9BB104/5884281"; VariantName = "[No Variations]"
Add component (AddParameter): Name = "Device Package"; Value = "0805 (2012 Metric)"; VariantName = "[No Variations]"
Add component (AddParameter): Name = "lastupdated"; Value = "9.02.2024 20:16:09"; VariantName = "[No Variations]"
Add component (AddParameter): Name = "Lifecycle Status"; Value = "Active"; VariantName = "[No Variations]"
Add component (AddParameter): Name = "manufacturer"; Value = "Yageo"; VariantName = "[No Variations]"
Add component (AddParameter): Name = "Minimum Order"; Value = "1"; VariantName = "[No Variations]"
Add component (AddParameter): Name = "Mounting Type"; Value = "Surface Mount, MLCC"; VariantName = "[No Variations]"
Add component (AddParameter): Name = "Operating Temperature"; Value = "-55°C ~ 125°C"; VariantName = "[No Variations]"
Add component (AddParameter): Name = "Package / Case"; Value = "0805 (2012 Metric)"; VariantName = "[No Variations]"
Add component (AddParameter): Name = "packaging"; Value = "TapeAndReel"; VariantName = "[No Variations]"
Add component (AddParameter): Name = "Part Number"; Value = "CC0805MRX7R9BB104"; VariantName = "[No Variations]"
Add component (AddParameter): Name = "Part Status"; Value = "Active"; VariantName = "[No Variations]"
Add component (AddParameter): Name = "partid"; Value = "2475"; VariantName = "[No Variations]"
Add component (AddParameter): Name = "price"; Value = "0.01"; VariantName = "[No Variations]"
Add component (AddParameter): Name = "series"; Value = "CC"; VariantName = "[No Variations]"
Add component (AddParameter): Name = "Size / Dimension"; Value = "0.079" L x 0.049" W (2.00mm x 1.25mm)"; VariantName = "[No Variations]"
Add component (AddParameter): Name = "Supplier 1"; Value = "DigiKey"; VariantName = "[No Variations]"
Add component (AddParameter): Name = "Supplier Part Number 1"; Value = "311-4351-1-ND"; VariantName = "[No Variations]"
Add component (AddParameter): Name = "Temperature Coefficient"; Value = "X7R"; VariantName = "[No Variations]"
Add component (AddParameter): Name = "Thickness (Max)"; Value = "0.037" (0.95mm)"; VariantName = "[No Variations]"
Add component (AddParameter): Name = "Tolerance"; Value = "±20%"; VariantName = "[No Variations]"
Add component (AddParameter): Name = "Value"; Value = "0.1 µF"; VariantName = "[No Variations]"
Add component (AddParameter): Name = "Voltage - Rated"; Value = "50V"; VariantName = "[No Variations]"
Added Component: Designator=C28(CAP 0805_2012)
Add component (AddParameter): Name = "Applications"; Value = "General Purpose"; VariantName = "[No Variations]"
Add component (AddParameter): Name = "Capacitance"; Value = "0.1 µF"; VariantName = "[No Variations]"
Add component (AddParameter): Name = "componentlink1description"; Value = "Datasheet"; VariantName = "[No Variations]"
Add component (AddParameter): Name = "componentlink1url"; Value = "https://www.yageo.com/upload/media/product/productsearch/datasheet/mlcc/UPY-GPHC_X7R_6.3V-to-50V_18.pdf"; VariantName = "[No Variations]"
Add component (AddParameter): Name = "componentlink2description"; Value = "DigiKey Link"; VariantName = "[No Variations]"
Add component (AddParameter): Name = "componentlink2url"; Value = "https://www.digikey.com/en/products/detail/yageo/CC0805MRX7R9BB104/5884281"; VariantName = "[No Variations]"
Add component (AddParameter): Name = "Device Package"; Value = "0805 (2012 Metric)"; VariantName = "[No Variations]"
Add component (AddParameter): Name = "lastupdated"; Value = "9.02.2024 20:16:09"; VariantName = "[No Variations]"
Add component (AddParameter): Name = "Lifecycle Status"; Value = "Active"; VariantName = "[No Variations]"
Add component (AddParameter): Name = "manufacturer"; Value = "Yageo"; VariantName = "[No Variations]"
Add component (AddParameter): Name = "Minimum Order"; Value = "1"; VariantName = "[No Variations]"
Add component (AddParameter): Name = "Mounting Type"; Value = "Surface Mount, MLCC"; VariantName = "[No Variations]"
Add component (AddParameter): Name = "Operating Temperature"; Value = "-55°C ~ 125°C"; VariantName = "[No Variations]"
Add component (AddParameter): Name = "Package / Case"; Value = "0805 (2012 Metric)"; VariantName = "[No Variations]"
Add component (AddParameter): Name = "packaging"; Value = "TapeAndReel"; VariantName = "[No Variations]"
Add component (AddParameter): Name = "Part Number"; Value = "CC0805MRX7R9BB104"; VariantName = "[No Variations]"
Add component (AddParameter): Name = "Part Status"; Value = "Active"; VariantName = "[No Variations]"
Add component (AddParameter): Name = "partid"; Value = "2475"; VariantName = "[No Variations]"
Add component (AddParameter): Name = "price"; Value = "0.01"; VariantName = "[No Variations]"
Add component (AddParameter): Name = "series"; Value = "CC"; VariantName = "[No Variations]"
Add component (AddParameter): Name = "Size / Dimension"; Value = "0.079" L x 0.049" W (2.00mm x 1.25mm)"; VariantName = "[No Variations]"
Add component (AddParameter): Name = "Supplier 1"; Value = "DigiKey"; VariantName = "[No Variations]"
Add component (AddParameter): Name = "Supplier Part Number 1"; Value = "311-4351-1-ND"; VariantName = "[No Variations]"
Add component (AddParameter): Name = "Temperature Coefficient"; Value = "X7R"; VariantName = "[No Variations]"
Add component (AddParameter): Name = "Thickness (Max)"; Value = "0.037" (0.95mm)"; VariantName = "[No Variations]"
Add component (AddParameter): Name = "Tolerance"; Value = "±20%"; VariantName = "[No Variations]"
Add component (AddParameter): Name = "Value"; Value = "0.1 µF"; VariantName = "[No Variations]"
Add component (AddParameter): Name = "Voltage - Rated"; Value = "50V"; VariantName = "[No Variations]"
Added Component: Designator=C29(CAP 0805_2012)
Add component (AddParameter): Name = "Applications"; Value = "General Purpose"; VariantName = "[No Variations]"
Add component (AddParameter): Name = "Capacitance"; Value = "0.1 µF"; VariantName = "[No Variations]"
Add component (AddParameter): Name = "componentlink1description"; Value = "Datasheet"; VariantName = "[No Variations]"
Add component (AddParameter): Name = "componentlink1url"; Value = "https://www.yageo.com/upload/media/product/productsearch/datasheet/mlcc/UPY-GPHC_X7R_6.3V-to-50V_18.pdf"; VariantName = "[No Variations]"
Add component (AddParameter): Name = "componentlink2description"; Value = "DigiKey Link"; VariantName = "[No Variations]"
Add component (AddParameter): Name = "componentlink2url"; Value = "https://www.digikey.com/en/products/detail/yageo/CC0805MRX7R9BB104/5884281"; VariantName = "[No Variations]"
Add component (AddParameter): Name = "Device Package"; Value = "0805 (2012 Metric)"; VariantName = "[No Variations]"
Add component (AddParameter): Name = "lastupdated"; Value = "9.02.2024 20:16:09"; VariantName = "[No Variations]"
Add component (AddParameter): Name = "Lifecycle Status"; Value = "Active"; VariantName = "[No Variations]"
Add component (AddParameter): Name = "manufacturer"; Value = "Yageo"; VariantName = "[No Variations]"
Add component (AddParameter): Name = "Minimum Order"; Value = "1"; VariantName = "[No Variations]"
Add component (AddParameter): Name = "Mounting Type"; Value = "Surface Mount, MLCC"; VariantName = "[No Variations]"
Add component (AddParameter): Name = "Operating Temperature"; Value = "-55°C ~ 125°C"; VariantName = "[No Variations]"
Add component (AddParameter): Name = "Package / Case"; Value = "0805 (2012 Metric)"; VariantName = "[No Variations]"
Add component (AddParameter): Name = "packaging"; Value = "TapeAndReel"; VariantName = "[No Variations]"
Add component (AddParameter): Name = "Part Number"; Value = "CC0805MRX7R9BB104"; VariantName = "[No Variations]"
Add component (AddParameter): Name = "Part Status"; Value = "Active"; VariantName = "[No Variations]"
Add component (AddParameter): Name = "partid"; Value = "2475"; VariantName = "[No Variations]"
Add component (AddParameter): Name = "price"; Value = "0.01"; VariantName = "[No Variations]"
Add component (AddParameter): Name = "series"; Value = "CC"; VariantName = "[No Variations]"
Add component (AddParameter): Name = "Size / Dimension"; Value = "0.079" L x 0.049" W (2.00mm x 1.25mm)"; VariantName = "[No Variations]"
Add component (AddParameter): Name = "Supplier 1"; Value = "DigiKey"; VariantName = "[No Variations]"
Add component (AddParameter): Name = "Supplier Part Number 1"; Value = "311-4351-1-ND"; VariantName = "[No Variations]"
Add component (AddParameter): Name = "Temperature Coefficient"; Value = "X7R"; VariantName = "[No Variations]"
Add component (AddParameter): Name = "Thickness (Max)"; Value = "0.037" (0.95mm)"; VariantName = "[No Variations]"
Add component (AddParameter): Name = "Tolerance"; Value = "±20%"; VariantName = "[No Variations]"
Add component (AddParameter): Name = "Value"; Value = "0.1 µF"; VariantName = "[No Variations]"
Add component (AddParameter): Name = "Voltage - Rated"; Value = "50V"; VariantName = "[No Variations]"
Added Component: Designator=C30(CAP 0805_2012)
Add component (AddParameter): Name = "Applications"; Value = "SMPS Filtering"; VariantName = "[No Variations]"
Add component (AddParameter): Name = "Capacitance"; Value = "2.2 µF"; VariantName = "[No Variations]"
Add component (AddParameter): Name = "componentlink1description"; Value = "Datasheet"; VariantName = "[No Variations]"
Add component (AddParameter): Name = "componentlink1url"; Value = "https://www.yuden.co.jp/productdata/catalog/mlcc01_e.pdf"; VariantName = "[No Variations]"
Add component (AddParameter): Name = "componentlink2description"; Value = "DigiKey Link"; VariantName = "[No Variations]"
Add component (AddParameter): Name = "componentlink2url"; Value = "https://www.digikey.com/en/products/detail/taiyo-yuden/TMK212B7225MG-TR/6563525"; VariantName = "[No Variations]"
Add component (AddParameter): Name = "Device Package"; Value = "0805 (2012 Metric)"; VariantName = "[No Variations]"
Add component (AddParameter): Name = "lastupdated"; Value = "9.02.2024 20:16:05"; VariantName = "[No Variations]"
Add component (AddParameter): Name = "Lifecycle Status"; Value = "Active"; VariantName = "[No Variations]"
Add component (AddParameter): Name = "manufacturer"; Value = "Taiyo Yuden"; VariantName = "[No Variations]"
Add component (AddParameter): Name = "Minimum Order"; Value = "1"; VariantName = "[No Variations]"
Add component (AddParameter): Name = "Mounting Type"; Value = "Surface Mount, MLCC"; VariantName = "[No Variations]"
Add component (AddParameter): Name = "Operating Temperature"; Value = "-55°C ~ 125°C"; VariantName = "[No Variations]"
Add component (AddParameter): Name = "Package / Case"; Value = "0805 (2012 Metric)"; VariantName = "[No Variations]"
Add component (AddParameter): Name = "packaging"; Value = "TapeAndReel"; VariantName = "[No Variations]"
Add component (AddParameter): Name = "Part Number"; Value = "TMK212B7225MG-TR"; VariantName = "[No Variations]"
Add component (AddParameter): Name = "Part Status"; Value = "Active"; VariantName = "[No Variations]"
Add component (AddParameter): Name = "partid"; Value = "3807"; VariantName = "[No Variations]"
Add component (AddParameter): Name = "price"; Value = "0.04"; VariantName = "[No Variations]"
Add component (AddParameter): Name = "series"; Value = "M"; VariantName = "[No Variations]"
Add component (AddParameter): Name = "Size / Dimension"; Value = "0.079" L x 0.049" W (2.00mm x 1.25mm)"; VariantName = "[No Variations]"
Add component (AddParameter): Name = "Supplier 1"; Value = "DigiKey"; VariantName = "[No Variations]"
Add component (AddParameter): Name = "Supplier Part Number 1"; Value = "587-4932-1-ND"; VariantName = "[No Variations]"
Add component (AddParameter): Name = "Temperature Coefficient"; Value = "X7R"; VariantName = "[No Variations]"
Add component (AddParameter): Name = "Thickness (Max)"; Value = "0.053" (1.35mm)"; VariantName = "[No Variations]"
Add component (AddParameter): Name = "Tolerance"; Value = "±20%"; VariantName = "[No Variations]"
Add component (AddParameter): Name = "Value"; Value = "2.2 µF"; VariantName = "[No Variations]"
Add component (AddParameter): Name = "Voltage - Rated"; Value = "25V"; VariantName = "[No Variations]"
Added Component: Designator=C31(CAP 0805_2012)
Add component (AddParameter): Name = "Applications"; Value = "SMPS Filtering"; VariantName = "[No Variations]"
Add component (AddParameter): Name = "Capacitance"; Value = "2.2 µF"; VariantName = "[No Variations]"
Add component (AddParameter): Name = "componentlink1description"; Value = "Datasheet"; VariantName = "[No Variations]"
Add component (AddParameter): Name = "componentlink1url"; Value = "https://www.yuden.co.jp/productdata/catalog/mlcc01_e.pdf"; VariantName = "[No Variations]"
Add component (AddParameter): Name = "componentlink2description"; Value = "DigiKey Link"; VariantName = "[No Variations]"
Add component (AddParameter): Name = "componentlink2url"; Value = "https://www.digikey.com/en/products/detail/taiyo-yuden/TMK212B7225MG-TR/6563525"; VariantName = "[No Variations]"
Add component (AddParameter): Name = "Device Package"; Value = "0805 (2012 Metric)"; VariantName = "[No Variations]"
Add component (AddParameter): Name = "lastupdated"; Value = "9.02.2024 20:16:05"; VariantName = "[No Variations]"
Add component (AddParameter): Name = "Lifecycle Status"; Value = "Active"; VariantName = "[No Variations]"
Add component (AddParameter): Name = "manufacturer"; Value = "Taiyo Yuden"; VariantName = "[No Variations]"
Add component (AddParameter): Name = "Minimum Order"; Value = "1"; VariantName = "[No Variations]"
Add component (AddParameter): Name = "Mounting Type"; Value = "Surface Mount, MLCC"; VariantName = "[No Variations]"
Add component (AddParameter): Name = "Operating Temperature"; Value = "-55°C ~ 125°C"; VariantName = "[No Variations]"
Add component (AddParameter): Name = "Package / Case"; Value = "0805 (2012 Metric)"; VariantName = "[No Variations]"
Add component (AddParameter): Name = "packaging"; Value = "TapeAndReel"; VariantName = "[No Variations]"
Add component (AddParameter): Name = "Part Number"; Value = "TMK212B7225MG-TR"; VariantName = "[No Variations]"
Add component (AddParameter): Name = "Part Status"; Value = "Active"; VariantName = "[No Variations]"
Add component (AddParameter): Name = "partid"; Value = "3807"; VariantName = "[No Variations]"
Add component (AddParameter): Name = "price"; Value = "0.04"; VariantName = "[No Variations]"
Add component (AddParameter): Name = "series"; Value = "M"; VariantName = "[No Variations]"
Add component (AddParameter): Name = "Size / Dimension"; Value = "0.079" L x 0.049" W (2.00mm x 1.25mm)"; VariantName = "[No Variations]"
Add component (AddParameter): Name = "Supplier 1"; Value = "DigiKey"; VariantName = "[No Variations]"
Add component (AddParameter): Name = "Supplier Part Number 1"; Value = "587-4932-1-ND"; VariantName = "[No Variations]"
Add component (AddParameter): Name = "Temperature Coefficient"; Value = "X7R"; VariantName = "[No Variations]"
Add component (AddParameter): Name = "Thickness (Max)"; Value = "0.053" (1.35mm)"; VariantName = "[No Variations]"
Add component (AddParameter): Name = "Tolerance"; Value = "±20%"; VariantName = "[No Variations]"
Add component (AddParameter): Name = "Value"; Value = "2.2 µF"; VariantName = "[No Variations]"
Add component (AddParameter): Name = "Voltage - Rated"; Value = "25V"; VariantName = "[No Variations]"
Added Component: Designator=C32(CAP 0805_2012)
Add component (AddParameter): Name = "Applications"; Value = "SMPS Filtering"; VariantName = "[No Variations]"
Add component (AddParameter): Name = "Capacitance"; Value = "2.2 µF"; VariantName = "[No Variations]"
Add component (AddParameter): Name = "componentlink1description"; Value = "Datasheet"; VariantName = "[No Variations]"
Add component (AddParameter): Name = "componentlink1url"; Value = "https://www.yuden.co.jp/productdata/catalog/mlcc01_e.pdf"; VariantName = "[No Variations]"
Add component (AddParameter): Name = "componentlink2description"; Value = "DigiKey Link"; VariantName = "[No Variations]"
Add component (AddParameter): Name = "componentlink2url"; Value = "https://www.digikey.com/en/products/detail/taiyo-yuden/TMK212B7225MG-TR/6563525"; VariantName = "[No Variations]"
Add component (AddParameter): Name = "Device Package"; Value = "0805 (2012 Metric)"; VariantName = "[No Variations]"
Add component (AddParameter): Name = "lastupdated"; Value = "9.02.2024 20:16:05"; VariantName = "[No Variations]"
Add component (AddParameter): Name = "Lifecycle Status"; Value = "Active"; VariantName = "[No Variations]"
Add component (AddParameter): Name = "manufacturer"; Value = "Taiyo Yuden"; VariantName = "[No Variations]"
Add component (AddParameter): Name = "Minimum Order"; Value = "1"; VariantName = "[No Variations]"
Add component (AddParameter): Name = "Mounting Type"; Value = "Surface Mount, MLCC"; VariantName = "[No Variations]"
Add component (AddParameter): Name = "Operating Temperature"; Value = "-55°C ~ 125°C"; VariantName = "[No Variations]"
Add component (AddParameter): Name = "Package / Case"; Value = "0805 (2012 Metric)"; VariantName = "[No Variations]"
Add component (AddParameter): Name = "packaging"; Value = "TapeAndReel"; VariantName = "[No Variations]"
Add component (AddParameter): Name = "Part Number"; Value = "TMK212B7225MG-TR"; VariantName = "[No Variations]"
Add component (AddParameter): Name = "Part Status"; Value = "Active"; VariantName = "[No Variations]"
Add component (AddParameter): Name = "partid"; Value = "3807"; VariantName = "[No Variations]"
Add component (AddParameter): Name = "price"; Value = "0.04"; VariantName = "[No Variations]"
Add component (AddParameter): Name = "series"; Value = "M"; VariantName = "[No Variations]"
Add component (AddParameter): Name = "Size / Dimension"; Value = "0.079" L x 0.049" W (2.00mm x 1.25mm)"; VariantName = "[No Variations]"
Add component (AddParameter): Name = "Supplier 1"; Value = "DigiKey"; VariantName = "[No Variations]"
Add component (AddParameter): Name = "Supplier Part Number 1"; Value = "587-4932-1-ND"; VariantName = "[No Variations]"
Add component (AddParameter): Name = "Temperature Coefficient"; Value = "X7R"; VariantName = "[No Variations]"
Add component (AddParameter): Name = "Thickness (Max)"; Value = "0.053" (1.35mm)"; VariantName = "[No Variations]"
Add component (AddParameter): Name = "Tolerance"; Value = "±20%"; VariantName = "[No Variations]"
Add component (AddParameter): Name = "Value"; Value = "2.2 µF"; VariantName = "[No Variations]"
Add component (AddParameter): Name = "Voltage - Rated"; Value = "25V"; VariantName = "[No Variations]"
Added Component: Designator=C33(CAP 0805_2012)
Add component (AddParameter): Name = "Applications"; Value = "SMPS Filtering"; VariantName = "[No Variations]"
Add component (AddParameter): Name = "Capacitance"; Value = "2.2 µF"; VariantName = "[No Variations]"
Add component (AddParameter): Name = "componentlink1description"; Value = "Datasheet"; VariantName = "[No Variations]"
Add component (AddParameter): Name = "componentlink1url"; Value = "https://www.yuden.co.jp/productdata/catalog/mlcc01_e.pdf"; VariantName = "[No Variations]"
Add component (AddParameter): Name = "componentlink2description"; Value = "DigiKey Link"; VariantName = "[No Variations]"
Add component (AddParameter): Name = "componentlink2url"; Value = "https://www.digikey.com/en/products/detail/taiyo-yuden/TMK212B7225MG-TR/6563525"; VariantName = "[No Variations]"
Add component (AddParameter): Name = "Device Package"; Value = "0805 (2012 Metric)"; VariantName = "[No Variations]"
Add component (AddParameter): Name = "lastupdated"; Value = "9.02.2024 20:16:05"; VariantName = "[No Variations]"
Add component (AddParameter): Name = "Lifecycle Status"; Value = "Active"; VariantName = "[No Variations]"
Add component (AddParameter): Name = "manufacturer"; Value = "Taiyo Yuden"; VariantName = "[No Variations]"
Add component (AddParameter): Name = "Minimum Order"; Value = "1"; VariantName = "[No Variations]"
Add component (AddParameter): Name = "Mounting Type"; Value = "Surface Mount, MLCC"; VariantName = "[No Variations]"
Add component (AddParameter): Name = "Operating Temperature"; Value = "-55°C ~ 125°C"; VariantName = "[No Variations]"
Add component (AddParameter): Name = "Package / Case"; Value = "0805 (2012 Metric)"; VariantName = "[No Variations]"
Add component (AddParameter): Name = "packaging"; Value = "TapeAndReel"; VariantName = "[No Variations]"
Add component (AddParameter): Name = "Part Number"; Value = "TMK212B7225MG-TR"; VariantName = "[No Variations]"
Add component (AddParameter): Name = "Part Status"; Value = "Active"; VariantName = "[No Variations]"
Add component (AddParameter): Name = "partid"; Value = "3807"; VariantName = "[No Variations]"
Add component (AddParameter): Name = "price"; Value = "0.04"; VariantName = "[No Variations]"
Add component (AddParameter): Name = "series"; Value = "M"; VariantName = "[No Variations]"
Add component (AddParameter): Name = "Size / Dimension"; Value = "0.079" L x 0.049" W (2.00mm x 1.25mm)"; VariantName = "[No Variations]"
Add component (AddParameter): Name = "Supplier 1"; Value = "DigiKey"; VariantName = "[No Variations]"
Add component (AddParameter): Name = "Supplier Part Number 1"; Value = "587-4932-1-ND"; VariantName = "[No Variations]"
Add component (AddParameter): Name = "Temperature Coefficient"; Value = "X7R"; VariantName = "[No Variations]"
Add component (AddParameter): Name = "Thickness (Max)"; Value = "0.053" (1.35mm)"; VariantName = "[No Variations]"
Add component (AddParameter): Name = "Tolerance"; Value = "±20%"; VariantName = "[No Variations]"
Add component (AddParameter): Name = "Value"; Value = "2.2 µF"; VariantName = "[No Variations]"
Add component (AddParameter): Name = "Voltage - Rated"; Value = "25V"; VariantName = "[No Variations]"
Added Component: Designator=D1(WL-SMCW_0805_150080xx75000)
Add component (AddParameter): Name = "Case/Size Code"; Value = "0805"; VariantName = "[No Variations]"
Add component (AddParameter): Name = "Category"; Value = "Signal LEDs"; VariantName = "[No Variations]"
Add component (AddParameter): Name = "Chip Technology"; Value = "InGaN"; VariantName = "[No Variations]"
Add component (AddParameter): Name = "ComponentLink1Description"; Value = "Website Link"; VariantName = "[No Variations]"
Add component (AddParameter): Name = "ComponentLink1URL"; Value = "https://www.we-online.com/redexpert/article/150080GS75000?ad"; VariantName = "[No Variations]"
Add component (AddParameter): Name = "ComponentLink2Description"; Value = "Datasheet Link"; VariantName = "[No Variations]"
Add component (AddParameter): Name = "ComponentLink2URL"; Value = "https://www.we-online.com/redexpert/spec/150080GS75000?ad"; VariantName = "[No Variations]"
Add component (AddParameter): Name = "Dominant Wavelength"; Value = "525nm"; VariantName = "[No Variations]"
Add component (AddParameter): Name = "Emitting Color"; Value = "Green"; VariantName = "[No Variations]"
Add component (AddParameter): Name = "Forward Voltage"; Value = "3.2V"; VariantName = "[No Variations]"
Add component (AddParameter): Name = "Height"; Value = "0.7mm"; VariantName = "[No Variations]"
Add component (AddParameter): Name = "Length"; Value = "2mm"; VariantName = "[No Variations]"
Add component (AddParameter): Name = "Luminous Intensity"; Value = "450mcd"; VariantName = "[No Variations]"
Add component (AddParameter): Name = "Manufacturer"; Value = "Wurth Elektronik"; VariantName = "[No Variations]"
Add component (AddParameter): Name = "Manufacturer Part Number"; Value = "150080GS75000"; VariantName = "[No Variations]"
Add component (AddParameter): Name = "Match Code"; Value = "WL-SMCW"; VariantName = "[No Variations]"
Add component (AddParameter): Name = "Mount"; Value = "Surface Mount"; VariantName = "[No Variations]"
Add component (AddParameter): Name = "Operating Temperature Max"; Value = "85°C"; VariantName = "[No Variations]"
Add component (AddParameter): Name = "Operating Temperature Min"; Value = "-40°C"; VariantName = "[No Variations]"
Add component (AddParameter): Name = "Packaging"; Value = "Tape and Reel"; VariantName = "[No Variations]"
Add component (AddParameter): Name = "Peak Wavelength"; Value = "515nm"; VariantName = "[No Variations]"
Add component (AddParameter): Name = "Viewing Angle"; Value = "140°"; VariantName = "[No Variations]"
Add component (AddParameter): Name = "Width"; Value = "1.25mm"; VariantName = "[No Variations]"
Added Component: Designator=D2(WL-SMCW_0805_150080xx75000)
Add component (AddParameter): Name = "Case/Size Code"; Value = "0805"; VariantName = "[No Variations]"
Add component (AddParameter): Name = "Category"; Value = "Signal LEDs"; VariantName = "[No Variations]"
Add component (AddParameter): Name = "Chip Technology"; Value = "InGaN"; VariantName = "[No Variations]"
Add component (AddParameter): Name = "ComponentLink1Description"; Value = "Website Link"; VariantName = "[No Variations]"
Add component (AddParameter): Name = "ComponentLink1URL"; Value = "https://www.we-online.com/redexpert/article/150080GS75000?ad"; VariantName = "[No Variations]"
Add component (AddParameter): Name = "ComponentLink2Description"; Value = "Datasheet Link"; VariantName = "[No Variations]"
Add component (AddParameter): Name = "ComponentLink2URL"; Value = "https://www.we-online.com/redexpert/spec/150080GS75000?ad"; VariantName = "[No Variations]"
Add component (AddParameter): Name = "Dominant Wavelength"; Value = "525nm"; VariantName = "[No Variations]"
Add component (AddParameter): Name = "Emitting Color"; Value = "Green"; VariantName = "[No Variations]"
Add component (AddParameter): Name = "Forward Voltage"; Value = "3.2V"; VariantName = "[No Variations]"
Add component (AddParameter): Name = "Height"; Value = "0.7mm"; VariantName = "[No Variations]"
Add component (AddParameter): Name = "Length"; Value = "2mm"; VariantName = "[No Variations]"
Add component (AddParameter): Name = "Luminous Intensity"; Value = "450mcd"; VariantName = "[No Variations]"
Add component (AddParameter): Name = "Manufacturer"; Value = "Wurth Elektronik"; VariantName = "[No Variations]"
Add component (AddParameter): Name = "Manufacturer Part Number"; Value = "150080GS75000"; VariantName = "[No Variations]"
Add component (AddParameter): Name = "Match Code"; Value = "WL-SMCW"; VariantName = "[No Variations]"
Add component (AddParameter): Name = "Mount"; Value = "Surface Mount"; VariantName = "[No Variations]"
Add component (AddParameter): Name = "Operating Temperature Max"; Value = "85°C"; VariantName = "[No Variations]"
Add component (AddParameter): Name = "Operating Temperature Min"; Value = "-40°C"; VariantName = "[No Variations]"
Add component (AddParameter): Name = "Packaging"; Value = "Tape and Reel"; VariantName = "[No Variations]"
Add component (AddParameter): Name = "Peak Wavelength"; Value = "515nm"; VariantName = "[No Variations]"
Add component (AddParameter): Name = "Viewing Angle"; Value = "140°"; VariantName = "[No Variations]"
Add component (AddParameter): Name = "Width"; Value = "1.25mm"; VariantName = "[No Variations]"
Added Component: Designator=D3(DO214AC SMA)
Add component (AddParameter): Name = "ComponentLink1Description"; Value = "Datasheet"; VariantName = "[No Variations]"
Add component (AddParameter): Name = "ComponentLink1URL"; Value = "http://www.vishay.com/docs/86138/bzg03c-m-series.pdf"; VariantName = "[No Variations]"
Add component (AddParameter): Name = "ComponentLink2Description"; Value = "DigiKey Link"; VariantName = "[No Variations]"
Add component (AddParameter): Name = "ComponentLink2URL"; Value = "http://digikey.com/product-detail/en/vishay-semiconductor-diodes-division/BZG03C100-M3-08/BZG03C100-M3-08GICT-ND/8554991"; VariantName = "[No Variations]"
Add component (AddParameter): Name = "Current - Reverse Leakage @ Vr"; Value = "1µA @ 75V"; VariantName = "[No Variations]"
Add component (AddParameter): Name = "LastUpdated"; Value = "3.06.2024 19:55:28"; VariantName = "[No Variations]"
Add component (AddParameter): Name = "Lifecycle Status"; Value = "Active"; VariantName = "[No Variations]"
Add component (AddParameter): Name = "Manufacturer"; Value = "Vishay Semiconductor Diodes Division"; VariantName = "[No Variations]"
Add component (AddParameter): Name = "Minimum Order"; Value = "1"; VariantName = "[No Variations]"
Add component (AddParameter): Name = "Mounting Type"; Value = "Surface Mount"; VariantName = "[No Variations]"
Add component (AddParameter): Name = "Operating Temperature"; Value = "150°C (TJ)"; VariantName = "[No Variations]"
Add component (AddParameter): Name = "Package / Case"; Value = "DO-214AC, SMA"; VariantName = "[No Variations]"
Add component (AddParameter): Name = "Packaging"; Value = "TapeAndReel"; VariantName = "[No Variations]"
Add component (AddParameter): Name = "Part Number"; Value = "BZG03C100-M3-08"; VariantName = "[No Variations]"
Add component (AddParameter): Name = "Part Status"; Value = "Active"; VariantName = "[No Variations]"
Add component (AddParameter): Name = "PartId"; Value = "1296"; VariantName = "[No Variations]"
Add component (AddParameter): Name = "Power - Max"; Value = "1.25W"; VariantName = "[No Variations]"
Add component (AddParameter): Name = "Price"; Value = "0.18"; VariantName = "[No Variations]"
Add component (AddParameter): Name = "Series"; Value = "BZG03C-M"; VariantName = "[No Variations]"
Add component (AddParameter): Name = "Supplier 1"; Value = "DigiKey"; VariantName = "[No Variations]"
Add component (AddParameter): Name = "Supplier Device Package"; Value = "DO-214AC (SMA)"; VariantName = "[No Variations]"
Add component (AddParameter): Name = "Supplier Part Number 1"; Value = "BZG03C100-M3-08GICT-ND"; VariantName = "[No Variations]"
Add component (AddParameter): Name = "Tolerance"; Value = "±6%"; VariantName = "[No Variations]"
Add component (AddParameter): Name = "Voltage - Forward (Vf) (Max) @ If"; Value = "1.2V @ 500mA"; VariantName = "[No Variations]"
Add component (AddParameter): Name = "Voltage - Zener (Nom) (Vz)"; Value = "100V"; VariantName = "[No Variations]"
Add component (AddParameter): Name = "Impedance (Max) (Zzt)"; Value = "200 Ohms"; VariantName = "[No Variations]"
Added Component: Designator=D4(WL-SMCW_0805_150080xx75000)
Add component (AddParameter): Name = "Case/Size Code"; Value = "0805"; VariantName = "[No Variations]"
Add component (AddParameter): Name = "Category"; Value = "Signal LEDs"; VariantName = "[No Variations]"
Add component (AddParameter): Name = "Chip Technology"; Value = "InGaN"; VariantName = "[No Variations]"
Add component (AddParameter): Name = "ComponentLink1Description"; Value = "Website Link"; VariantName = "[No Variations]"
Add component (AddParameter): Name = "ComponentLink1URL"; Value = "https://www.we-online.com/redexpert/article/150080GS75000?ad"; VariantName = "[No Variations]"
Add component (AddParameter): Name = "ComponentLink2Description"; Value = "Datasheet Link"; VariantName = "[No Variations]"
Add component (AddParameter): Name = "ComponentLink2URL"; Value = "https://www.we-online.com/redexpert/spec/150080GS75000?ad"; VariantName = "[No Variations]"
Add component (AddParameter): Name = "Dominant Wavelength"; Value = "525nm"; VariantName = "[No Variations]"
Add component (AddParameter): Name = "Emitting Color"; Value = "Green"; VariantName = "[No Variations]"
Add component (AddParameter): Name = "Forward Voltage"; Value = "3.2V"; VariantName = "[No Variations]"
Add component (AddParameter): Name = "Height"; Value = "0.7mm"; VariantName = "[No Variations]"
Add component (AddParameter): Name = "Length"; Value = "2mm"; VariantName = "[No Variations]"
Add component (AddParameter): Name = "Luminous Intensity"; Value = "450mcd"; VariantName = "[No Variations]"
Add component (AddParameter): Name = "Manufacturer"; Value = "Wurth Elektronik"; VariantName = "[No Variations]"
Add component (AddParameter): Name = "Manufacturer Part Number"; Value = "150080GS75000"; VariantName = "[No Variations]"
Add component (AddParameter): Name = "Match Code"; Value = "WL-SMCW"; VariantName = "[No Variations]"
Add component (AddParameter): Name = "Mount"; Value = "Surface Mount"; VariantName = "[No Variations]"
Add component (AddParameter): Name = "Operating Temperature Max"; Value = "85°C"; VariantName = "[No Variations]"
Add component (AddParameter): Name = "Operating Temperature Min"; Value = "-40°C"; VariantName = "[No Variations]"
Add component (AddParameter): Name = "Packaging"; Value = "Tape and Reel"; VariantName = "[No Variations]"
Add component (AddParameter): Name = "Peak Wavelength"; Value = "515nm"; VariantName = "[No Variations]"
Add component (AddParameter): Name = "Viewing Angle"; Value = "140°"; VariantName = "[No Variations]"
Add component (AddParameter): Name = "Width"; Value = "1.25mm"; VariantName = "[No Variations]"
Added Component: Designator=FB1(FER 0805_2012)
Add component (AddParameter): Name = "ComponentLink1Description"; Value = "Datasheet"; VariantName = "[No Variations]"
Add component (AddParameter): Name = "ComponentLink1URL"; Value = "https://www.vishay.com/docs/34025/ilbb0805.pdf"; VariantName = "[No Variations]"
Add component (AddParameter): Name = "ComponentLink2Description"; Value = "DigiKey Link"; VariantName = "[No Variations]"
Add component (AddParameter): Name = "ComponentLink2URL"; Value = "http://digikey.com/product-detail/en/vishay-dale/ILBB0805ER400V/ILBB0805ER400V-ND/2574916"; VariantName = "[No Variations]"
Add component (AddParameter): Name = "Current Rating (Max)"; Value = "300mA"; VariantName = "[No Variations]"
Add component (AddParameter): Name = "DC Resistance (DCR) (Max)"; Value = "150mOhm"; VariantName = "[No Variations]"
Add component (AddParameter): Name = "Height (Max)"; Value = "0.043" (1.10mm)"; VariantName = "[No Variations]"
Add component (AddParameter): Name = "LastUpdated"; Value = "30.08.2020 20:58:50"; VariantName = "[No Variations]"
Add component (AddParameter): Name = "Lifecycle Status"; Value = "Active"; VariantName = "[No Variations]"
Add component (AddParameter): Name = "Manufacturer"; Value = "Vishay Dale"; VariantName = "[No Variations]"
Add component (AddParameter): Name = "Minimum Order"; Value = "8000"; VariantName = "[No Variations]"
Add component (AddParameter): Name = "Mounting Type"; Value = "Surface Mount"; VariantName = "[No Variations]"
Add component (AddParameter): Name = "Number of Lines"; Value = "1"; VariantName = "[No Variations]"
Add component (AddParameter): Name = "Package / Case"; Value = "0805 (2012 Metric)"; VariantName = "[No Variations]"
Add component (AddParameter): Name = "Packaging"; Value = "TapeAndReel"; VariantName = "[No Variations]"
Add component (AddParameter): Name = "Part Number"; Value = "ILBB0805ER400V"; VariantName = "[No Variations]"
Add component (AddParameter): Name = "PartId"; Value = "2358"; VariantName = "[No Variations]"
Add component (AddParameter): Name = "Price"; Value = "0.02"; VariantName = "[No Variations]"
Add component (AddParameter): Name = "Series"; Value = "ILBB-0805"; VariantName = "[No Variations]"
Add component (AddParameter): Name = "Size / Dimension"; Value = "0.079" L x 0.049" W (2.00mm x 1.25mm)"; VariantName = "[No Variations]"
Add component (AddParameter): Name = "Supplier 1"; Value = "DigiKey"; VariantName = "[No Variations]"
Add component (AddParameter): Name = "Supplier Part Number 1"; Value = "ILBB0805ER400V-ND"; VariantName = "[No Variations]"
Add component (AddParameter): Name = "Value"; Value = "40 Ohms @ 100MHz"; VariantName = "[No Variations]"
Add component (AddParameter): Name = "Impedance @ Frequency"; Value = "40 Ohms @ 100MHz"; VariantName = "[No Variations]"
Added Component: Designator=IC1(ST LQFP-48 7X7MM)
Add component (AddParameter): Name = "ComponentLink1Description"; Value = "Datasheet"; VariantName = "[No Variations]"
Add component (AddParameter): Name = "ComponentLink1URL"; Value = "http://www.st.com/content/ccc/resource/technical/document/datasheet/0d/93/e0/d7/77/bf/4c/54/CD00210843.pdf/files/CD00210843.pdf/jcr:content/translations/en.CD00210843.pdf"; VariantName = "[No Variations]"
Add component (AddParameter): Name = "ComponentLink2Description"; Value = "DigiKey Link"; VariantName = "[No Variations]"
Add component (AddParameter): Name = "ComponentLink2URL"; Value = "//digikey.com/product-detail/en/stmicroelectronics/STM32F103C6T7A/497-11516-ND/2035348"; VariantName = "[No Variations]"
Add component (AddParameter): Name = "Connectivity"; Value = "CANbus, I²C, IrDA, LINbus, SPI, UART/USART, USB"; VariantName = "[No Variations]"
Add component (AddParameter): Name = "Core Processor"; Value = "ARM® Cortex®-M3"; VariantName = "[No Variations]"
Add component (AddParameter): Name = "Core Size"; Value = "32-Bit"; VariantName = "[No Variations]"
Add component (AddParameter): Name = "Data Converters"; Value = "A/D 10x12b"; VariantName = "[No Variations]"
Add component (AddParameter): Name = "Device Package"; Value = "48-LQFP"; VariantName = "[No Variations]"
Add component (AddParameter): Name = "LastUpdated"; Value = "4.12.2019 05:20:26"; VariantName = "[No Variations]"
Add component (AddParameter): Name = "Lifecycle Status"; Value = "0"; VariantName = "[No Variations]"
Add component (AddParameter): Name = "Manufacturer"; Value = "STMicroelectronics"; VariantName = "[No Variations]"
Add component (AddParameter): Name = "Minimum Order"; Value = "1"; VariantName = "[No Variations]"
Add component (AddParameter): Name = "Mounting Type"; Value = "Surface Mount"; VariantName = "[No Variations]"
Add component (AddParameter): Name = "Number of I/O"; Value = "37"; VariantName = "[No Variations]"
Add component (AddParameter): Name = "Operating Temperature"; Value = "-40°C ~ 105°C (TA)"; VariantName = "[No Variations]"
Add component (AddParameter): Name = "Oscillator Type"; Value = "Internal"; VariantName = "[No Variations]"
Add component (AddParameter): Name = "Package / Case"; Value = "48-LQFP"; VariantName = "[No Variations]"
Add component (AddParameter): Name = "Packaging"; Value = "Tray"; VariantName = "[No Variations]"
Add component (AddParameter): Name = "Part Number"; Value = "STM32F103C6T7A"; VariantName = "[No Variations]"
Add component (AddParameter): Name = "Part Status"; Value = "Active"; VariantName = "[No Variations]"
Add component (AddParameter): Name = "PartId"; Value = "102"; VariantName = "[No Variations]"
Add component (AddParameter): Name = "Peripherals"; Value = "DMA, Motor Control PWM, PDR, POR, PVD, PWM, Temp Sensor, WDT"; VariantName = "[No Variations]"
Add component (AddParameter): Name = "Price"; Value = "4.52"; VariantName = "[No Variations]"
Add component (AddParameter): Name = "Program Memory Size"; Value = "32KB (32K x 8)"; VariantName = "[No Variations]"
Add component (AddParameter): Name = "Program Memory Type"; Value = "FLASH"; VariantName = "[No Variations]"
Add component (AddParameter): Name = "RAM Size"; Value = "10K x 8"; VariantName = "[No Variations]"
Add component (AddParameter): Name = "Series"; Value = "STM32F1"; VariantName = "[No Variations]"
Add component (AddParameter): Name = "Speed"; Value = "72MHz"; VariantName = "[No Variations]"
Add component (AddParameter): Name = "Supplier 1"; Value = "DigiKey"; VariantName = "[No Variations]"
Add component (AddParameter): Name = "Supplier Device Package"; Value = "48-LQFP (7x7)"; VariantName = "[No Variations]"
Add component (AddParameter): Name = "Supplier Part Number 1"; Value = "497-11516-ND"; VariantName = "[No Variations]"
Add component (AddParameter): Name = "Voltage - Supply (Vcc/Vdd)"; Value = "2V ~ 3.6V"; VariantName = "[No Variations]"
Added Component: Designator=J1(629105150521)
Add component (AddParameter): Name = "Application"; Value = "Micro USB 2.0"; VariantName = "[No Variations]"
Add component (AddParameter): Name = "Category"; Value = "Input/Output Connectors"; VariantName = "[No Variations]"
Add component (AddParameter): Name = "ComponentLink1Description"; Value = "Website Link"; VariantName = "[No Variations]"
Add component (AddParameter): Name = "ComponentLink1URL"; Value = "https://www.we-online.com/redexpert/article/629105150521?ad"; VariantName = "[No Variations]"
Add component (AddParameter): Name = "ComponentLink2Description"; Value = "Datasheet Link"; VariantName = "[No Variations]"
Add component (AddParameter): Name = "ComponentLink2URL"; Value = "https://www.we-online.com/redexpert/spec/629105150521?ad"; VariantName = "[No Variations]"
Add component (AddParameter): Name = "Gender"; Value = "Receptacle"; VariantName = "[No Variations]"
Add component (AddParameter): Name = "Manufacturer"; Value = "Wurth Elektronik"; VariantName = "[No Variations]"
Add component (AddParameter): Name = "Manufacturer Part Number"; Value = "629105150521"; VariantName = "[No Variations]"
Add component (AddParameter): Name = "Match Code"; Value = "WR-USB"; VariantName = "[No Variations]"
Add component (AddParameter): Name = "Mount"; Value = "Surface Mount"; VariantName = "[No Variations]"
Add component (AddParameter): Name = "Number of Pins"; Value = "5"; VariantName = "[No Variations]"
Add component (AddParameter): Name = "Number of Ports"; Value = "1"; VariantName = "[No Variations]"
Add component (AddParameter): Name = "Operating Temperature Max"; Value = "85°C"; VariantName = "[No Variations]"
Add component (AddParameter): Name = "Operating Temperature Min"; Value = "-40°C"; VariantName = "[No Variations]"
Add component (AddParameter): Name = "Orientation"; Value = "Horizontal"; VariantName = "[No Variations]"
Add component (AddParameter): Name = "Packaging"; Value = "Tape and Reel"; VariantName = "[No Variations]"
Add component (AddParameter): Name = "Rated Current"; Value = "3A"; VariantName = "[No Variations]"
Add component (AddParameter): Name = "Working Voltage"; Value = "30V (AC)"; VariantName = "[No Variations]"
Add component (AddParameter): Name = "Interface Type"; Value = "Type B"; VariantName = "[No Variations]"
Added Component: Designator=J2(693071030811)
Add component (AddParameter): Name = "Category"; Value = "Input/Output Connectors"; VariantName = "[No Variations]"
Add component (AddParameter): Name = "ComponentLink1Description"; Value = "Website Link"; VariantName = "[No Variations]"
Add component (AddParameter): Name = "ComponentLink1URL"; Value = "https://www.we-online.com/redexpert/article/693071030811?ad"; VariantName = "[No Variations]"
Add component (AddParameter): Name = "ComponentLink2Description"; Value = "Datasheet Link"; VariantName = "[No Variations]"
Add component (AddParameter): Name = "ComponentLink2URL"; Value = "https://www.we-online.com/redexpert/spec/693071030811?ad"; VariantName = "[No Variations]"
Add component (AddParameter): Name = "Contact Resistance"; Value = "100mOhm"; VariantName = "[No Variations]"
Add component (AddParameter): Name = "Gender"; Value = "Socket"; VariantName = "[No Variations]"
Add component (AddParameter): Name = "Manufacturer"; Value = "Wurth Elektronik"; VariantName = "[No Variations]"
Add component (AddParameter): Name = "Manufacturer Part Number"; Value = "693071030811"; VariantName = "[No Variations]"
Add component (AddParameter): Name = "Match Code"; Value = "WR-CRD"; VariantName = "[No Variations]"
Add component (AddParameter): Name = "Mount"; Value = "Surface Mount"; VariantName = "[No Variations]"
Add component (AddParameter): Name = "Number of Pins"; Value = "8"; VariantName = "[No Variations]"
Add component (AddParameter): Name = "Operating Temperature Max"; Value = "85°C"; VariantName = "[No Variations]"
Add component (AddParameter): Name = "Operating Temperature Min"; Value = "-25°C"; VariantName = "[No Variations]"
Add component (AddParameter): Name = "Packaging"; Value = "Tape and Reel"; VariantName = "[No Variations]"
Add component (AddParameter): Name = "Rated Current"; Value = "0.5A"; VariantName = "[No Variations]"
Add component (AddParameter): Name = "Type"; Value = "Push & Push"; VariantName = "[No Variations]"
Add component (AddParameter): Name = "Withstanding Voltage"; Value = "500VAC"; VariantName = "[No Variations]"
Add component (AddParameter): Name = "Working Voltage"; Value = "30VAC"; VariantName = "[No Variations]"
Added Component: Designator=J3(615008142121)
Add component (AddParameter): Name = "Category"; Value = "Input/Output Connectors"; VariantName = "[No Variations]"
Add component (AddParameter): Name = "ComponentLink1Description"; Value = "Website Link"; VariantName = "[No Variations]"
Add component (AddParameter): Name = "ComponentLink1URL"; Value = "https://www.we-online.com/redexpert/article/615008142121?ad"; VariantName = "[No Variations]"
Add component (AddParameter): Name = "ComponentLink2Description"; Value = "Datasheet Link"; VariantName = "[No Variations]"
Add component (AddParameter): Name = "ComponentLink2URL"; Value = "https://www.we-online.com/redexpert/spec/615008142121?ad"; VariantName = "[No Variations]"
Add component (AddParameter): Name = "Contact Resistance"; Value = "20mOhm"; VariantName = "[No Variations]"
Add component (AddParameter): Name = "LED"; Value = "Bipolar Y/G"; VariantName = "[No Variations]"
Add component (AddParameter): Name = "Manufacturer"; Value = "Wurth Elektronik"; VariantName = "[No Variations]"
Add component (AddParameter): Name = "Manufacturer Part Number"; Value = "615008142121"; VariantName = "[No Variations]"
Add component (AddParameter): Name = "Match Code"; Value = "WR-MJ"; VariantName = "[No Variations]"
Add component (AddParameter): Name = "Mount"; Value = "Through Hole"; VariantName = "[No Variations]"
Add component (AddParameter): Name = "Number of Pins"; Value = "8P8C"; VariantName = "[No Variations]"
Add component (AddParameter): Name = "Number of Ports"; Value = "1"; VariantName = "[No Variations]"
Add component (AddParameter): Name = "Operating Temperature Max"; Value = "85°C"; VariantName = "[No Variations]"
Add component (AddParameter): Name = "Operating Temperature Min"; Value = "-40°C"; VariantName = "[No Variations]"
Add component (AddParameter): Name = "Orientation"; Value = "Horizontal"; VariantName = "[No Variations]"
Add component (AddParameter): Name = "Packaging"; Value = "Tray"; VariantName = "[No Variations]"
Add component (AddParameter): Name = "Rated Current"; Value = "1.5A"; VariantName = "[No Variations]"
Add component (AddParameter): Name = "Shielding"; Value = "Yes"; VariantName = "[No Variations]"
Add component (AddParameter): Name = "Withstanding Voltage"; Value = "1000VAC"; VariantName = "[No Variations]"
Add component (AddParameter): Name = "Working Voltage"; Value = "120VAC"; VariantName = "[No Variations]"
Add component (AddParameter): Name = "Insulation Resistance"; Value = "500MOhm"; VariantName = "[No Variations]"
Added Component: Designator=J4(*MPD_BC501SM-TR_BC501SM-TR(Primary) - duplicate)
Add component (AddParameter): Name = "Digi-Key_Part_Number"; Value = "BC501SM-TRCT-ND"; VariantName = "[No Variations]"
Add component (AddParameter): Name = "Digi-Key_Purchase_URL"; Value = "https://www.digikey.com/product-detail/en/mpd-memory-protection-devices/BC501SM-TR/BC501SM-TRCT-ND/5418194?utm_source=snapeda&utm_medium=aggregator&utm_campaign=symbol"; VariantName = "[No Variations]"
Add component (AddParameter): Name = "MF"; Value = "MPD _Memory"; VariantName = "[No Variations]"
Add component (AddParameter): Name = "MP"; Value = "BC501SM-TR"; VariantName = "[No Variations]"
Add component (AddParameter): Name = "Package"; Value = "DFN-8 MPD"; VariantName = "[No Variations]"
Add component (AddParameter): Name = "SnapEDA_Link"; Value = "https://www.snapeda.com/parts/BC501SM-TR/MPD%20%28Memory%20Protection%20Devices%29/view-part/479427/?ref=snap"; VariantName = "[No Variations]"
Add component (AddParameter): Name = "Value"; Value = ""; VariantName = "[No Variations]"
Added Component: Designator=L1(IND 0806_2016)
Add component (AddParameter): Name = "ComponentLink1Description"; Value = "Datasheet"; VariantName = "[No Variations]"
Add component (AddParameter): Name = "ComponentLink1URL"; Value = "https://mm.digikey.com/Volume0/opasdata/d220001/medias/docus/6025/LSQPB201616T220M_SS.pdf"; VariantName = "[No Variations]"
Add component (AddParameter): Name = "ComponentLink2Description"; Value = "DigiKey Link"; VariantName = "[No Variations]"
Add component (AddParameter): Name = "ComponentLink2URL"; Value = "https://www.digikey.com/en/products/detail/taiyo-yuden/LSQPB201616T220M/16660797"; VariantName = "[No Variations]"
Add component (AddParameter): Name = "Current Rating (Amps)"; Value = "310 mA"; VariantName = "[No Variations]"
Add component (AddParameter): Name = "DC Resistance (DCR)"; Value = "1.3Ohm Max"; VariantName = "[No Variations]"
Add component (AddParameter): Name = "Device Package"; Value = "0806 (2016 Metric)"; VariantName = "[No Variations]"
Add component (AddParameter): Name = "Frequency - Self Resonant"; Value = "24MHz"; VariantName = "[No Variations]"
Add component (AddParameter): Name = "Height - Seated (Max)"; Value = "0.071" (1.80mm)"; VariantName = "[No Variations]"
Add component (AddParameter): Name = "LastUpdated"; Value = "3.06.2024 20:13:57"; VariantName = "[No Variations]"
Add component (AddParameter): Name = "Lifecycle Status"; Value = "Active"; VariantName = "[No Variations]"
Add component (AddParameter): Name = "Manufacturer"; Value = "Taiyo Yuden"; VariantName = "[No Variations]"
Add component (AddParameter): Name = "Material - Core"; Value = "Ferrite"; VariantName = "[No Variations]"
Add component (AddParameter): Name = "Minimum Order"; Value = "1"; VariantName = "[No Variations]"
Add component (AddParameter): Name = "Mounting Type"; Value = "Surface Mount"; VariantName = "[No Variations]"
Add component (AddParameter): Name = "Operating Temperature"; Value = "-40°C ~ 105°C"; VariantName = "[No Variations]"
Add component (AddParameter): Name = "Package / Case"; Value = "0806 (2016 Metric)"; VariantName = "[No Variations]"
Add component (AddParameter): Name = "Packaging"; Value = "TapeAndReel"; VariantName = "[No Variations]"
Add component (AddParameter): Name = "Part Number"; Value = "LSQPB201616T220M"; VariantName = "[No Variations]"
Add component (AddParameter): Name = "PartId"; Value = "7265"; VariantName = "[No Variations]"
Add component (AddParameter): Name = "Price"; Value = "0.09"; VariantName = "[No Variations]"
Add component (AddParameter): Name = "Series"; Value = "LSQP"; VariantName = "[No Variations]"
Add component (AddParameter): Name = "Shielding"; Value = "Unshielded"; VariantName = "[No Variations]"
Add component (AddParameter): Name = "Size / Dimension"; Value = "0.079" L x 0.063" W (2.00mm x 1.60mm)"; VariantName = "[No Variations]"
Add component (AddParameter): Name = "Supplier 1"; Value = "DigiKey"; VariantName = "[No Variations]"
Add component (AddParameter): Name = "Supplier Device Package"; Value = "0806"; VariantName = "[No Variations]"
Add component (AddParameter): Name = "Supplier Part Number 1"; Value = "587-LSQPB201616T220MCT-ND"; VariantName = "[No Variations]"
Add component (AddParameter): Name = "Tolerance"; Value = "±20%"; VariantName = "[No Variations]"
Add component (AddParameter): Name = "Type"; Value = "Wirewound"; VariantName = "[No Variations]"
Add component (AddParameter): Name = "Value"; Value = "22 µH"; VariantName = "[No Variations]"
Add component (AddParameter): Name = "Inductance"; Value = "22 µH"; VariantName = "[No Variations]"
Add component (AddParameter): Name = "Inductance Frequency - Test"; Value = "100 kHz"; VariantName = "[No Variations]"
Added Component: Designator=L2(WE-CNSW_1812)
Add component (AddParameter): Name = "Case/Size Code"; Value = "1812"; VariantName = "[No Variations]"
Add component (AddParameter): Name = "Category"; Value = "Common Mode Chokes"; VariantName = "[No Variations]"
Add component (AddParameter): Name = "ComponentLink1Description"; Value = "Website Link"; VariantName = "[No Variations]"
Add component (AddParameter): Name = "ComponentLink1URL"; Value = "https://www.we-online.com/redexpert/article/744235101?ad"; VariantName = "[No Variations]"
Add component (AddParameter): Name = "ComponentLink2Description"; Value = "Datasheet Link"; VariantName = "[No Variations]"
Add component (AddParameter): Name = "ComponentLink2URL"; Value = "https://www.we-online.com/redexpert/spec/744235101?ad"; VariantName = "[No Variations]"
Add component (AddParameter): Name = "DC Resistance Max"; Value = "2Ohm"; VariantName = "[No Variations]"
Add component (AddParameter): Name = "Height"; Value = "2.8mm"; VariantName = "[No Variations]"
Add component (AddParameter): Name = "Length"; Value = "4.5mm"; VariantName = "[No Variations]"
Add component (AddParameter): Name = "Manufacturer"; Value = "Wurth Elektronik"; VariantName = "[No Variations]"
Add component (AddParameter): Name = "Manufacturer Part Number"; Value = "744235101"; VariantName = "[No Variations]"
Add component (AddParameter): Name = "Match Code"; Value = "WE-CNSW"; VariantName = "[No Variations]"
Add component (AddParameter): Name = "Mount"; Value = "Surface Mount"; VariantName = "[No Variations]"
Add component (AddParameter): Name = "Operating Temperature Max"; Value = "125°C"; VariantName = "[No Variations]"
Add component (AddParameter): Name = "Operating Temperature Min"; Value = "-40°C"; VariantName = "[No Variations]"
Add component (AddParameter): Name = "Packaging"; Value = "Tape and Reel"; VariantName = "[No Variations]"
Add component (AddParameter): Name = "Rated Current"; Value = "0.15A"; VariantName = "[No Variations]"
Add component (AddParameter): Name = "Rated Voltage"; Value = "60V"; VariantName = "[No Variations]"
Add component (AddParameter): Name = "Width"; Value = "3.2mm"; VariantName = "[No Variations]"
Add component (AddParameter): Name = "Winding Style"; Value = "bifiliar"; VariantName = "[No Variations]"
Add component (AddParameter): Name = "Impedance @10MHz"; Value = "5000Ohm"; VariantName = "[No Variations]"
Add component (AddParameter): Name = "Inductance"; Value = "100uH"; VariantName = "[No Variations]"
Add component (AddParameter): Name = "Insulation Test Voltage (AC)"; Value = "125V"; VariantName = "[No Variations]"
Added Component: Designator=P1(61900411121)
Add component (AddParameter): Name = "Category"; Value = "Wire-to-Board Connectors"; VariantName = "[No Variations]"
Add component (AddParameter): Name = "ComponentLink1Description"; Value = "Website Link"; VariantName = "[No Variations]"
Add component (AddParameter): Name = "ComponentLink1URL"; Value = "https://www.we-online.com/redexpert/article/61900411121?ad"; VariantName = "[No Variations]"
Add component (AddParameter): Name = "ComponentLink2Description"; Value = "Datasheet Link"; VariantName = "[No Variations]"
Add component (AddParameter): Name = "ComponentLink2URL"; Value = "https://www.we-online.com/redexpert/spec/61900411121?ad"; VariantName = "[No Variations]"
Add component (AddParameter): Name = "Contact Resistance"; Value = "20mOhm"; VariantName = "[No Variations]"
Add component (AddParameter): Name = "Gender"; Value = "Male"; VariantName = "[No Variations]"
Add component (AddParameter): Name = "Height"; Value = "11.5mm"; VariantName = "[No Variations]"
Add component (AddParameter): Name = "Length"; Value = "10.16mm"; VariantName = "[No Variations]"
Add component (AddParameter): Name = "Manufacturer"; Value = "Wurth Elektronik"; VariantName = "[No Variations]"
Add component (AddParameter): Name = "Manufacturer Part Number"; Value = "61900411121"; VariantName = "[No Variations]"
Add component (AddParameter): Name = "Match Code"; Value = "WR-WTB"; VariantName = "[No Variations]"
Add component (AddParameter): Name = "Mount"; Value = "Through Hole"; VariantName = "[No Variations]"
Add component (AddParameter): Name = "Number of Pins"; Value = "4"; VariantName = "[No Variations]"
Add component (AddParameter): Name = "Number of Rows"; Value = "1"; VariantName = "[No Variations]"
Add component (AddParameter): Name = "Operating Temperature Max"; Value = "105°C"; VariantName = "[No Variations]"
Add component (AddParameter): Name = "Operating Temperature Min"; Value = "-40°C"; VariantName = "[No Variations]"
Add component (AddParameter): Name = "Orientation"; Value = "Vertical"; VariantName = "[No Variations]"
Add component (AddParameter): Name = "Packaging"; Value = "Bag"; VariantName = "[No Variations]"
Add component (AddParameter): Name = "Pitch"; Value = "2.54mm"; VariantName = "[No Variations]"
Add component (AddParameter): Name = "Rated Current"; Value = "3A"; VariantName = "[No Variations]"
Add component (AddParameter): Name = "Width"; Value = "5.8mm"; VariantName = "[No Variations]"
Add component (AddParameter): Name = "Withstanding Voltage"; Value = "1000VAC"; VariantName = "[No Variations]"
Add component (AddParameter): Name = "Working Voltage"; Value = "250VAC"; VariantName = "[No Variations]"
Added Component: Designator=P2(61900311121)
Add component (AddParameter): Name = "Category"; Value = "Wire-to-Board Connectors"; VariantName = "[No Variations]"
Add component (AddParameter): Name = "ComponentLink1Description"; Value = "Website Link"; VariantName = "[No Variations]"
Add component (AddParameter): Name = "ComponentLink1URL"; Value = "https://www.we-online.com/redexpert/article/61900311121?ad"; VariantName = "[No Variations]"
Add component (AddParameter): Name = "ComponentLink2Description"; Value = "Datasheet Link"; VariantName = "[No Variations]"
Add component (AddParameter): Name = "ComponentLink2URL"; Value = "https://www.we-online.com/redexpert/spec/61900311121?ad"; VariantName = "[No Variations]"
Add component (AddParameter): Name = "Contact Resistance"; Value = "20mOhm"; VariantName = "[No Variations]"
Add component (AddParameter): Name = "Gender"; Value = "Male"; VariantName = "[No Variations]"
Add component (AddParameter): Name = "Height"; Value = "11.5mm"; VariantName = "[No Variations]"
Add component (AddParameter): Name = "Length"; Value = "7.62mm"; VariantName = "[No Variations]"
Add component (AddParameter): Name = "Manufacturer"; Value = "Wurth Elektronik"; VariantName = "[No Variations]"
Add component (AddParameter): Name = "Manufacturer Part Number"; Value = "61900311121"; VariantName = "[No Variations]"
Add component (AddParameter): Name = "Match Code"; Value = "WR-WTB"; VariantName = "[No Variations]"
Add component (AddParameter): Name = "Mount"; Value = "Through Hole"; VariantName = "[No Variations]"
Add component (AddParameter): Name = "Number of Pins"; Value = "3"; VariantName = "[No Variations]"
Add component (AddParameter): Name = "Number of Rows"; Value = "1"; VariantName = "[No Variations]"
Add component (AddParameter): Name = "Operating Temperature Max"; Value = "105°C"; VariantName = "[No Variations]"
Add component (AddParameter): Name = "Operating Temperature Min"; Value = "-40°C"; VariantName = "[No Variations]"
Add component (AddParameter): Name = "Orientation"; Value = "Vertical"; VariantName = "[No Variations]"
Add component (AddParameter): Name = "Packaging"; Value = "Bag"; VariantName = "[No Variations]"
Add component (AddParameter): Name = "Pitch"; Value = "2.54mm"; VariantName = "[No Variations]"
Add component (AddParameter): Name = "Rated Current"; Value = "3A"; VariantName = "[No Variations]"
Add component (AddParameter): Name = "Width"; Value = "5.8mm"; VariantName = "[No Variations]"
Add component (AddParameter): Name = "Withstanding Voltage"; Value = "1000VAC"; VariantName = "[No Variations]"
Add component (AddParameter): Name = "Working Voltage"; Value = "250VAC"; VariantName = "[No Variations]"
Added Component: Designator=R1(RES 0805_2012)
Add component (AddParameter): Name = "ComponentLink1Description"; Value = "Datasheet"; VariantName = "[No Variations]"
Add component (AddParameter): Name = "ComponentLink1URL"; Value = "https://www.te.com/commerce/DocumentDelivery/DDEController?Action=srchrtrv&DocNm=1773272&DocType=DS&DocLang=English"; VariantName = "[No Variations]"
Add component (AddParameter): Name = "ComponentLink2Description"; Value = "DigiKey Link"; VariantName = "[No Variations]"
Add component (AddParameter): Name = "ComponentLink2URL"; Value = "https://www.digikey.com/en/products/detail/te-connectivity-passive-product/3-2176091-5/4033926"; VariantName = "[No Variations]"
Add component (AddParameter): Name = "Composition"; Value = "Thin Film"; VariantName = "[No Variations]"
Add component (AddParameter): Name = "Device Package"; Value = "0805 (2012 Metric)"; VariantName = "[No Variations]"
Add component (AddParameter): Name = "Height - Seated (Max)"; Value = "0.026" (0.65mm)"; VariantName = "[No Variations]"
Add component (AddParameter): Name = "LastUpdated"; Value = "8.02.2024 21:00:46"; VariantName = "[No Variations]"
Add component (AddParameter): Name = "Lifecycle Status"; Value = "Active"; VariantName = "[No Variations]"
Add component (AddParameter): Name = "Manufacturer"; Value = "TE Connectivity Passive Product"; VariantName = "[No Variations]"
Add component (AddParameter): Name = "Minimum Order"; Value = "1"; VariantName = "[No Variations]"
Add component (AddParameter): Name = "Number of Terminations"; Value = "2"; VariantName = "[No Variations]"
Add component (AddParameter): Name = "Operating Temperature"; Value = "-55°C ~ 155°C"; VariantName = "[No Variations]"
Add component (AddParameter): Name = "Package / Case"; Value = "0805 (2012 Metric)"; VariantName = "[No Variations]"
Add component (AddParameter): Name = "Packaging"; Value = "TapeAndReel"; VariantName = "[No Variations]"
Add component (AddParameter): Name = "Part Number"; Value = "3-2176091-5"; VariantName = "[No Variations]"
Add component (AddParameter): Name = "Part Status"; Value = "Active"; VariantName = "[No Variations]"
Add component (AddParameter): Name = "PartId"; Value = "49761"; VariantName = "[No Variations]"
Add component (AddParameter): Name = "Power (Watts)"; Value = "0.25W, 1/4W"; VariantName = "[No Variations]"
Add component (AddParameter): Name = "Price"; Value = "0.14"; VariantName = "[No Variations]"
Add component (AddParameter): Name = "Resistance"; Value = "130 Ohms"; VariantName = "[No Variations]"
Add component (AddParameter): Name = "Series"; Value = "RP73P, Holsworthy"; VariantName = "[No Variations]"
Add component (AddParameter): Name = "Size / Dimension"; Value = "0.079" L x 0.049" W (2.00mm x 1.25mm)"; VariantName = "[No Variations]"
Add component (AddParameter): Name = "Supplier 1"; Value = "DigiKey"; VariantName = "[No Variations]"
Add component (AddParameter): Name = "Supplier Device Package"; Value = "0805"; VariantName = "[No Variations]"
Add component (AddParameter): Name = "Supplier Part Number 1"; Value = "A110458CT-ND"; VariantName = "[No Variations]"
Add component (AddParameter): Name = "Temperature Coefficient"; Value = "±25ppm/°C"; VariantName = "[No Variations]"
Add component (AddParameter): Name = "Tolerance"; Value = "±0.1%"; VariantName = "[No Variations]"
Add component (AddParameter): Name = "Value"; Value = "130 Ohms"; VariantName = "[No Variations]"
Added Component: Designator=R2(RES 0805_2012)
Add component (AddParameter): Name = "ComponentLink1Description"; Value = "Datasheet"; VariantName = "[No Variations]"
Add component (AddParameter): Name = "ComponentLink1URL"; Value = "https://www.te.com/commerce/DocumentDelivery/DDEController?Action=srchrtrv&DocNm=1773272&DocType=DS&DocLang=English"; VariantName = "[No Variations]"
Add component (AddParameter): Name = "ComponentLink2Description"; Value = "DigiKey Link"; VariantName = "[No Variations]"
Add component (AddParameter): Name = "ComponentLink2URL"; Value = "https://www.digikey.com/en/products/detail/te-connectivity-passive-product/3-2176091-5/4033926"; VariantName = "[No Variations]"
Add component (AddParameter): Name = "Composition"; Value = "Thin Film"; VariantName = "[No Variations]"
Add component (AddParameter): Name = "Device Package"; Value = "0805 (2012 Metric)"; VariantName = "[No Variations]"
Add component (AddParameter): Name = "Height - Seated (Max)"; Value = "0.026" (0.65mm)"; VariantName = "[No Variations]"
Add component (AddParameter): Name = "LastUpdated"; Value = "8.02.2024 21:00:46"; VariantName = "[No Variations]"
Add component (AddParameter): Name = "Lifecycle Status"; Value = "Active"; VariantName = "[No Variations]"
Add component (AddParameter): Name = "Manufacturer"; Value = "TE Connectivity Passive Product"; VariantName = "[No Variations]"
Add component (AddParameter): Name = "Minimum Order"; Value = "1"; VariantName = "[No Variations]"
Add component (AddParameter): Name = "Number of Terminations"; Value = "2"; VariantName = "[No Variations]"
Add component (AddParameter): Name = "Operating Temperature"; Value = "-55°C ~ 155°C"; VariantName = "[No Variations]"
Add component (AddParameter): Name = "Package / Case"; Value = "0805 (2012 Metric)"; VariantName = "[No Variations]"
Add component (AddParameter): Name = "Packaging"; Value = "TapeAndReel"; VariantName = "[No Variations]"
Add component (AddParameter): Name = "Part Number"; Value = "3-2176091-5"; VariantName = "[No Variations]"
Add component (AddParameter): Name = "Part Status"; Value = "Active"; VariantName = "[No Variations]"
Add component (AddParameter): Name = "PartId"; Value = "49761"; VariantName = "[No Variations]"
Add component (AddParameter): Name = "Power (Watts)"; Value = "0.25W, 1/4W"; VariantName = "[No Variations]"
Add component (AddParameter): Name = "Price"; Value = "0.14"; VariantName = "[No Variations]"
Add component (AddParameter): Name = "Resistance"; Value = "130 Ohms"; VariantName = "[No Variations]"
Add component (AddParameter): Name = "Series"; Value = "RP73P, Holsworthy"; VariantName = "[No Variations]"
Add component (AddParameter): Name = "Size / Dimension"; Value = "0.079" L x 0.049" W (2.00mm x 1.25mm)"; VariantName = "[No Variations]"
Add component (AddParameter): Name = "Supplier 1"; Value = "DigiKey"; VariantName = "[No Variations]"
Add component (AddParameter): Name = "Supplier Device Package"; Value = "0805"; VariantName = "[No Variations]"
Add component (AddParameter): Name = "Supplier Part Number 1"; Value = "A110458CT-ND"; VariantName = "[No Variations]"
Add component (AddParameter): Name = "Temperature Coefficient"; Value = "±25ppm/°C"; VariantName = "[No Variations]"
Add component (AddParameter): Name = "Tolerance"; Value = "±0.1%"; VariantName = "[No Variations]"
Add component (AddParameter): Name = "Value"; Value = "130 Ohms"; VariantName = "[No Variations]"
Added Component: Designator=R3(RES 0805_2012)
Add component (AddParameter): Name = "ComponentLink2Description"; Value = "DigiKey Link"; VariantName = "[No Variations]"
Add component (AddParameter): Name = "ComponentLink2URL"; Value = "https://www.digikey.com/en/products/detail/te-connectivity-passive-product/3430A2F470RTDF/17763718"; VariantName = "[No Variations]"
Add component (AddParameter): Name = "Composition"; Value = "Thick Film"; VariantName = "[No Variations]"
Add component (AddParameter): Name = "Device Package"; Value = "0805 (2012 Metric)"; VariantName = "[No Variations]"
Add component (AddParameter): Name = "Features"; Value = "Automotive AEC-Q200"; VariantName = "[No Variations]"
Add component (AddParameter): Name = "Height - Seated (Max)"; Value = "0.026" (0.65mm)"; VariantName = "[No Variations]"
Add component (AddParameter): Name = "LastUpdated"; Value = "8.02.2024 21:00:03"; VariantName = "[No Variations]"
Add component (AddParameter): Name = "Lifecycle Status"; Value = "Active"; VariantName = "[No Variations]"
Add component (AddParameter): Name = "Manufacturer"; Value = "TE Connectivity Passive Product"; VariantName = "[No Variations]"
Add component (AddParameter): Name = "Minimum Order"; Value = "1"; VariantName = "[No Variations]"
Add component (AddParameter): Name = "Number of Terminations"; Value = "2"; VariantName = "[No Variations]"
Add component (AddParameter): Name = "Operating Temperature"; Value = "-55°C ~ 155°C"; VariantName = "[No Variations]"
Add component (AddParameter): Name = "Package / Case"; Value = "0805 (2012 Metric)"; VariantName = "[No Variations]"
Add component (AddParameter): Name = "Packaging"; Value = "TapeAndReel"; VariantName = "[No Variations]"
Add component (AddParameter): Name = "Part Number"; Value = "3430A2F470RTDF"; VariantName = "[No Variations]"
Add component (AddParameter): Name = "Part Status"; Value = "Active"; VariantName = "[No Variations]"
Add component (AddParameter): Name = "PartId"; Value = "77780"; VariantName = "[No Variations]"
Add component (AddParameter): Name = "Power (Watts)"; Value = "1W"; VariantName = "[No Variations]"
Add component (AddParameter): Name = "Price"; Value = "0.02"; VariantName = "[No Variations]"
Add component (AddParameter): Name = "Ratings"; Value = "AEC-Q200"; VariantName = "[No Variations]"
Add component (AddParameter): Name = "Resistance"; Value = "470 Ohms"; VariantName = "[No Variations]"
Add component (AddParameter): Name = "Series"; Value = "3430"; VariantName = "[No Variations]"
Add component (AddParameter): Name = "Size / Dimension"; Value = "0.049" L x 0.079" W (1.25mm x 2.00mm)"; VariantName = "[No Variations]"
Add component (AddParameter): Name = "Supplier 1"; Value = "DigiKey"; VariantName = "[No Variations]"
Add component (AddParameter): Name = "Supplier Device Package"; Value = "0508"; VariantName = "[No Variations]"
Add component (AddParameter): Name = "Supplier Part Number 1"; Value = "1712-3430A2F470RTDFCT-ND"; VariantName = "[No Variations]"
Add component (AddParameter): Name = "Temperature Coefficient"; Value = "±100ppm/°C"; VariantName = "[No Variations]"
Add component (AddParameter): Name = "Tolerance"; Value = "±1%"; VariantName = "[No Variations]"
Add component (AddParameter): Name = "Value"; Value = "470 Ohms"; VariantName = "[No Variations]"
Added Component: Designator=R4(RES 0805_2012)
Add component (AddParameter): Name = "ComponentLink2Description"; Value = "DigiKey Link"; VariantName = "[No Variations]"
Add component (AddParameter): Name = "ComponentLink2URL"; Value = "https://www.digikey.com/en/products/detail/te-connectivity-passive-product/3430A2F330RTDF/17762827"; VariantName = "[No Variations]"
Add component (AddParameter): Name = "Composition"; Value = "Thick Film"; VariantName = "[No Variations]"
Add component (AddParameter): Name = "Device Package"; Value = "0805 (2012 Metric)"; VariantName = "[No Variations]"
Add component (AddParameter): Name = "Features"; Value = "Automotive AEC-Q200"; VariantName = "[No Variations]"
Add component (AddParameter): Name = "Height - Seated (Max)"; Value = "0.026" (0.65mm)"; VariantName = "[No Variations]"
Add component (AddParameter): Name = "LastUpdated"; Value = "8.02.2024 21:00:04"; VariantName = "[No Variations]"
Add component (AddParameter): Name = "Lifecycle Status"; Value = "Active"; VariantName = "[No Variations]"
Add component (AddParameter): Name = "Manufacturer"; Value = "TE Connectivity Passive Product"; VariantName = "[No Variations]"
Add component (AddParameter): Name = "Minimum Order"; Value = "1"; VariantName = "[No Variations]"
Add component (AddParameter): Name = "Number of Terminations"; Value = "2"; VariantName = "[No Variations]"
Add component (AddParameter): Name = "Operating Temperature"; Value = "-55°C ~ 155°C"; VariantName = "[No Variations]"
Add component (AddParameter): Name = "Package / Case"; Value = "0805 (2012 Metric)"; VariantName = "[No Variations]"
Add component (AddParameter): Name = "Packaging"; Value = "TapeAndReel"; VariantName = "[No Variations]"
Add component (AddParameter): Name = "Part Number"; Value = "3430A2F330RTDF"; VariantName = "[No Variations]"
Add component (AddParameter): Name = "Part Status"; Value = "Active"; VariantName = "[No Variations]"
Add component (AddParameter): Name = "PartId"; Value = "77524"; VariantName = "[No Variations]"
Add component (AddParameter): Name = "Power (Watts)"; Value = "1W"; VariantName = "[No Variations]"
Add component (AddParameter): Name = "Price"; Value = "0.02"; VariantName = "[No Variations]"
Add component (AddParameter): Name = "Ratings"; Value = "AEC-Q200"; VariantName = "[No Variations]"
Add component (AddParameter): Name = "Resistance"; Value = "330 Ohms"; VariantName = "[No Variations]"
Add component (AddParameter): Name = "Series"; Value = "3430"; VariantName = "[No Variations]"
Add component (AddParameter): Name = "Size / Dimension"; Value = "0.049" L x 0.079" W (1.25mm x 2.00mm)"; VariantName = "[No Variations]"
Add component (AddParameter): Name = "Supplier 1"; Value = "DigiKey"; VariantName = "[No Variations]"
Add component (AddParameter): Name = "Supplier Device Package"; Value = "0508"; VariantName = "[No Variations]"
Add component (AddParameter): Name = "Supplier Part Number 1"; Value = "1712-3430A2F330RTDFCT-ND"; VariantName = "[No Variations]"
Add component (AddParameter): Name = "Temperature Coefficient"; Value = "±100ppm/°C"; VariantName = "[No Variations]"
Add component (AddParameter): Name = "Tolerance"; Value = "±1%"; VariantName = "[No Variations]"
Add component (AddParameter): Name = "Value"; Value = "330 Ohms"; VariantName = "[No Variations]"
Added Component: Designator=R5(RES 0805_2012)
Add component (AddParameter): Name = "ComponentLink2Description"; Value = "DigiKey Link"; VariantName = "[No Variations]"
Add component (AddParameter): Name = "ComponentLink2URL"; Value = "https://www.digikey.com/en/products/detail/te-connectivity-passive-product/3430A2F390RTDF/17763108"; VariantName = "[No Variations]"
Add component (AddParameter): Name = "Composition"; Value = "Thick Film"; VariantName = "[No Variations]"
Add component (AddParameter): Name = "Device Package"; Value = "0805 (2012 Metric)"; VariantName = "[No Variations]"
Add component (AddParameter): Name = "Features"; Value = "Automotive AEC-Q200"; VariantName = "[No Variations]"
Add component (AddParameter): Name = "Height - Seated (Max)"; Value = "0.026" (0.65mm)"; VariantName = "[No Variations]"
Add component (AddParameter): Name = "LastUpdated"; Value = "8.02.2024 21:00:03"; VariantName = "[No Variations]"
Add component (AddParameter): Name = "Lifecycle Status"; Value = "Active"; VariantName = "[No Variations]"
Add component (AddParameter): Name = "Manufacturer"; Value = "TE Connectivity Passive Product"; VariantName = "[No Variations]"
Add component (AddParameter): Name = "Minimum Order"; Value = "1"; VariantName = "[No Variations]"
Add component (AddParameter): Name = "Number of Terminations"; Value = "2"; VariantName = "[No Variations]"
Add component (AddParameter): Name = "Operating Temperature"; Value = "-55°C ~ 155°C"; VariantName = "[No Variations]"
Add component (AddParameter): Name = "Package / Case"; Value = "0805 (2012 Metric)"; VariantName = "[No Variations]"
Add component (AddParameter): Name = "Packaging"; Value = "TapeAndReel"; VariantName = "[No Variations]"
Add component (AddParameter): Name = "Part Number"; Value = "3430A2F390RTDF"; VariantName = "[No Variations]"
Add component (AddParameter): Name = "Part Status"; Value = "Active"; VariantName = "[No Variations]"
Add component (AddParameter): Name = "PartId"; Value = "77771"; VariantName = "[No Variations]"
Add component (AddParameter): Name = "Power (Watts)"; Value = "1W"; VariantName = "[No Variations]"
Add component (AddParameter): Name = "Price"; Value = "0.02"; VariantName = "[No Variations]"
Add component (AddParameter): Name = "Ratings"; Value = "AEC-Q200"; VariantName = "[No Variations]"
Add component (AddParameter): Name = "Resistance"; Value = "390 Ohms"; VariantName = "[No Variations]"
Add component (AddParameter): Name = "Series"; Value = "3430"; VariantName = "[No Variations]"
Add component (AddParameter): Name = "Size / Dimension"; Value = "0.049" L x 0.079" W (1.25mm x 2.00mm)"; VariantName = "[No Variations]"
Add component (AddParameter): Name = "Supplier 1"; Value = "DigiKey"; VariantName = "[No Variations]"
Add component (AddParameter): Name = "Supplier Device Package"; Value = "0508"; VariantName = "[No Variations]"
Add component (AddParameter): Name = "Supplier Part Number 1"; Value = "1712-3430A2F390RTDFCT-ND"; VariantName = "[No Variations]"
Add component (AddParameter): Name = "Temperature Coefficient"; Value = "±100ppm/°C"; VariantName = "[No Variations]"
Add component (AddParameter): Name = "Tolerance"; Value = "±1%"; VariantName = "[No Variations]"
Add component (AddParameter): Name = "Value"; Value = "390 Ohms"; VariantName = "[No Variations]"
Added Component: Designator=R6(RES 0805_2012)
Add component (AddParameter): Name = "ComponentLink1Description"; Value = "Datasheet"; VariantName = "[No Variations]"
Add component (AddParameter): Name = "ComponentLink1URL"; Value = "https://www.te.com/commerce/DocumentDelivery/DDEController?Action=srchrtrv&DocNm=1773200&DocType=DS&DocLang=English"; VariantName = "[No Variations]"
Add component (AddParameter): Name = "ComponentLink2Description"; Value = "DigiKey Link"; VariantName = "[No Variations]"
Add component (AddParameter): Name = "ComponentLink2URL"; Value = "https://www.digikey.com/en/products/detail/te-connectivity-passive-product/CPF0805B220RE1/2382016"; VariantName = "[No Variations]"
Add component (AddParameter): Name = "Composition"; Value = "Thin Film"; VariantName = "[No Variations]"
Add component (AddParameter): Name = "Device Package"; Value = "0805 (2012 Metric)"; VariantName = "[No Variations]"
Add component (AddParameter): Name = "Height - Seated (Max)"; Value = "0.026" (0.65mm)"; VariantName = "[No Variations]"
Add component (AddParameter): Name = "LastUpdated"; Value = "8.02.2024 21:02:21"; VariantName = "[No Variations]"
Add component (AddParameter): Name = "Lifecycle Status"; Value = "Active"; VariantName = "[No Variations]"
Add component (AddParameter): Name = "Manufacturer"; Value = "TE Connectivity Passive Product"; VariantName = "[No Variations]"
Add component (AddParameter): Name = "Minimum Order"; Value = "1"; VariantName = "[No Variations]"
Add component (AddParameter): Name = "Number of Terminations"; Value = "2"; VariantName = "[No Variations]"
Add component (AddParameter): Name = "Operating Temperature"; Value = "-55°C ~ 155°C"; VariantName = "[No Variations]"
Add component (AddParameter): Name = "Package / Case"; Value = "0805 (2012 Metric)"; VariantName = "[No Variations]"
Add component (AddParameter): Name = "Packaging"; Value = "TapeAndReel"; VariantName = "[No Variations]"
Add component (AddParameter): Name = "Part Number"; Value = "CPF0805B220RE1"; VariantName = "[No Variations]"
Add component (AddParameter): Name = "Part Status"; Value = "Active"; VariantName = "[No Variations]"
Add component (AddParameter): Name = "PartId"; Value = "31853"; VariantName = "[No Variations]"
Add component (AddParameter): Name = "Power (Watts)"; Value = "0.1W, 1/10W"; VariantName = "[No Variations]"
Add component (AddParameter): Name = "Price"; Value = "0.12"; VariantName = "[No Variations]"
Add component (AddParameter): Name = "Resistance"; Value = "220 Ohms"; VariantName = "[No Variations]"
Add component (AddParameter): Name = "Series"; Value = "CPF, Neohm"; VariantName = "[No Variations]"
Add component (AddParameter): Name = "Size / Dimension"; Value = "0.079" L x 0.049" W (2.00mm x 1.25mm)"; VariantName = "[No Variations]"
Add component (AddParameter): Name = "Supplier 1"; Value = "DigiKey"; VariantName = "[No Variations]"
Add component (AddParameter): Name = "Supplier Device Package"; Value = "0805"; VariantName = "[No Variations]"
Add component (AddParameter): Name = "Supplier Part Number 1"; Value = "A103177CT-ND"; VariantName = "[No Variations]"
Add component (AddParameter): Name = "Temperature Coefficient"; Value = "±25ppm/°C"; VariantName = "[No Variations]"
Add component (AddParameter): Name = "Tolerance"; Value = "±0.1%"; VariantName = "[No Variations]"
Add component (AddParameter): Name = "Value"; Value = "220 Ohms"; VariantName = "[No Variations]"
Added Component: Designator=R7(RES 0805_2012)
Add component (AddParameter): Name = "ComponentLink1Description"; Value = "Datasheet"; VariantName = "[No Variations]"
Add component (AddParameter): Name = "ComponentLink1URL"; Value = "https://www.te.com/commerce/DocumentDelivery/DDEController?Action=srchrtrv&DocNm=1773272&DocType=DS&DocLang=English"; VariantName = "[No Variations]"
Add component (AddParameter): Name = "ComponentLink2Description"; Value = "DigiKey Link"; VariantName = "[No Variations]"
Add component (AddParameter): Name = "ComponentLink2URL"; Value = "https://www.digikey.com/en/products/detail/te-connectivity-passive-product/2176093-5/4034107"; VariantName = "[No Variations]"
Add component (AddParameter): Name = "Composition"; Value = "Thin Film"; VariantName = "[No Variations]"
Add component (AddParameter): Name = "Device Package"; Value = "0805 (2012 Metric)"; VariantName = "[No Variations]"
Add component (AddParameter): Name = "Height - Seated (Max)"; Value = "0.026" (0.65mm)"; VariantName = "[No Variations]"
Add component (AddParameter): Name = "LastUpdated"; Value = "8.02.2024 21:02:35"; VariantName = "[No Variations]"
Add component (AddParameter): Name = "Lifecycle Status"; Value = "Active"; VariantName = "[No Variations]"
Add component (AddParameter): Name = "Manufacturer"; Value = "TE Connectivity Passive Product"; VariantName = "[No Variations]"
Add component (AddParameter): Name = "Minimum Order"; Value = "1"; VariantName = "[No Variations]"
Add component (AddParameter): Name = "Number of Terminations"; Value = "2"; VariantName = "[No Variations]"
Add component (AddParameter): Name = "Operating Temperature"; Value = "-55°C ~ 155°C"; VariantName = "[No Variations]"
Add component (AddParameter): Name = "Package / Case"; Value = "0805 (2012 Metric)"; VariantName = "[No Variations]"
Add component (AddParameter): Name = "Packaging"; Value = "TapeAndReel"; VariantName = "[No Variations]"
Add component (AddParameter): Name = "Part Number"; Value = "2176093-5"; VariantName = "[No Variations]"
Add component (AddParameter): Name = "Part Status"; Value = "Active"; VariantName = "[No Variations]"
Add component (AddParameter): Name = "PartId"; Value = "28478"; VariantName = "[No Variations]"
Add component (AddParameter): Name = "Power (Watts)"; Value = "0.25W, 1/4W"; VariantName = "[No Variations]"
Add component (AddParameter): Name = "Price"; Value = "0.14"; VariantName = "[No Variations]"
Add component (AddParameter): Name = "Resistance"; Value = "10 kOhms"; VariantName = "[No Variations]"
Add component (AddParameter): Name = "Series"; Value = "RP73P, Holsworthy"; VariantName = "[No Variations]"
Add component (AddParameter): Name = "Size / Dimension"; Value = "0.079" L x 0.049" W (2.00mm x 1.25mm)"; VariantName = "[No Variations]"
Add component (AddParameter): Name = "Supplier 1"; Value = "DigiKey"; VariantName = "[No Variations]"
Add component (AddParameter): Name = "Supplier Device Package"; Value = "0805"; VariantName = "[No Variations]"
Add component (AddParameter): Name = "Supplier Part Number 1"; Value = "A110639CT-ND"; VariantName = "[No Variations]"
Add component (AddParameter): Name = "Temperature Coefficient"; Value = "±25ppm/°C"; VariantName = "[No Variations]"
Add component (AddParameter): Name = "Tolerance"; Value = "±0.1%"; VariantName = "[No Variations]"
Add component (AddParameter): Name = "Value"; Value = "10 kOhms"; VariantName = "[No Variations]"
Added Component: Designator=R8(RES 0805_2012)
Add component (AddParameter): Name = "ComponentLink1Description"; Value = "Datasheet"; VariantName = "[No Variations]"
Add component (AddParameter): Name = "ComponentLink1URL"; Value = "https://www.te.com/commerce/DocumentDelivery/DDEController?Action=srchrtrv&DocNm=1773272&DocType=DS&DocLang=English"; VariantName = "[No Variations]"
Add component (AddParameter): Name = "ComponentLink2Description"; Value = "DigiKey Link"; VariantName = "[No Variations]"
Add component (AddParameter): Name = "ComponentLink2URL"; Value = "https://www.digikey.com/en/products/detail/te-connectivity-passive-product/2176093-5/4034107"; VariantName = "[No Variations]"
Add component (AddParameter): Name = "Composition"; Value = "Thin Film"; VariantName = "[No Variations]"
Add component (AddParameter): Name = "Device Package"; Value = "0805 (2012 Metric)"; VariantName = "[No Variations]"
Add component (AddParameter): Name = "Height - Seated (Max)"; Value = "0.026" (0.65mm)"; VariantName = "[No Variations]"
Add component (AddParameter): Name = "LastUpdated"; Value = "8.02.2024 21:02:35"; VariantName = "[No Variations]"
Add component (AddParameter): Name = "Lifecycle Status"; Value = "Active"; VariantName = "[No Variations]"
Add component (AddParameter): Name = "Manufacturer"; Value = "TE Connectivity Passive Product"; VariantName = "[No Variations]"
Add component (AddParameter): Name = "Minimum Order"; Value = "1"; VariantName = "[No Variations]"
Add component (AddParameter): Name = "Number of Terminations"; Value = "2"; VariantName = "[No Variations]"
Add component (AddParameter): Name = "Operating Temperature"; Value = "-55°C ~ 155°C"; VariantName = "[No Variations]"
Add component (AddParameter): Name = "Package / Case"; Value = "0805 (2012 Metric)"; VariantName = "[No Variations]"
Add component (AddParameter): Name = "Packaging"; Value = "TapeAndReel"; VariantName = "[No Variations]"
Add component (AddParameter): Name = "Part Number"; Value = "2176093-5"; VariantName = "[No Variations]"
Add component (AddParameter): Name = "Part Status"; Value = "Active"; VariantName = "[No Variations]"
Add component (AddParameter): Name = "PartId"; Value = "28478"; VariantName = "[No Variations]"
Add component (AddParameter): Name = "Power (Watts)"; Value = "0.25W, 1/4W"; VariantName = "[No Variations]"
Add component (AddParameter): Name = "Price"; Value = "0.14"; VariantName = "[No Variations]"
Add component (AddParameter): Name = "Resistance"; Value = "10 kOhms"; VariantName = "[No Variations]"
Add component (AddParameter): Name = "Series"; Value = "RP73P, Holsworthy"; VariantName = "[No Variations]"
Add component (AddParameter): Name = "Size / Dimension"; Value = "0.079" L x 0.049" W (2.00mm x 1.25mm)"; VariantName = "[No Variations]"
Add component (AddParameter): Name = "Supplier 1"; Value = "DigiKey"; VariantName = "[No Variations]"
Add component (AddParameter): Name = "Supplier Device Package"; Value = "0805"; VariantName = "[No Variations]"
Add component (AddParameter): Name = "Supplier Part Number 1"; Value = "A110639CT-ND"; VariantName = "[No Variations]"
Add component (AddParameter): Name = "Temperature Coefficient"; Value = "±25ppm/°C"; VariantName = "[No Variations]"
Add component (AddParameter): Name = "Tolerance"; Value = "±0.1%"; VariantName = "[No Variations]"
Add component (AddParameter): Name = "Value"; Value = "10 kOhms"; VariantName = "[No Variations]"
Added Component: Designator=R9(RES 0805_2012)
Add component (AddParameter): Name = "ComponentLink1Description"; Value = "Datasheet"; VariantName = "[No Variations]"
Add component (AddParameter): Name = "ComponentLink1URL"; Value = "https://www.te.com/commerce/DocumentDelivery/DDEController?Action=srchrtrv&DocNm=1773272&DocType=DS&DocLang=English"; VariantName = "[No Variations]"
Add component (AddParameter): Name = "ComponentLink2Description"; Value = "DigiKey Link"; VariantName = "[No Variations]"
Add component (AddParameter): Name = "ComponentLink2URL"; Value = "https://www.digikey.com/en/products/detail/te-connectivity-passive-product/2176093-5/4034107"; VariantName = "[No Variations]"
Add component (AddParameter): Name = "Composition"; Value = "Thin Film"; VariantName = "[No Variations]"
Add component (AddParameter): Name = "Device Package"; Value = "0805 (2012 Metric)"; VariantName = "[No Variations]"
Add component (AddParameter): Name = "Height - Seated (Max)"; Value = "0.026" (0.65mm)"; VariantName = "[No Variations]"
Add component (AddParameter): Name = "LastUpdated"; Value = "8.02.2024 21:02:35"; VariantName = "[No Variations]"
Add component (AddParameter): Name = "Lifecycle Status"; Value = "Active"; VariantName = "[No Variations]"
Add component (AddParameter): Name = "Manufacturer"; Value = "TE Connectivity Passive Product"; VariantName = "[No Variations]"
Add component (AddParameter): Name = "Minimum Order"; Value = "1"; VariantName = "[No Variations]"
Add component (AddParameter): Name = "Number of Terminations"; Value = "2"; VariantName = "[No Variations]"
Add component (AddParameter): Name = "Operating Temperature"; Value = "-55°C ~ 155°C"; VariantName = "[No Variations]"
Add component (AddParameter): Name = "Package / Case"; Value = "0805 (2012 Metric)"; VariantName = "[No Variations]"
Add component (AddParameter): Name = "Packaging"; Value = "TapeAndReel"; VariantName = "[No Variations]"
Add component (AddParameter): Name = "Part Number"; Value = "2176093-5"; VariantName = "[No Variations]"
Add component (AddParameter): Name = "Part Status"; Value = "Active"; VariantName = "[No Variations]"
Add component (AddParameter): Name = "PartId"; Value = "28478"; VariantName = "[No Variations]"
Add component (AddParameter): Name = "Power (Watts)"; Value = "0.25W, 1/4W"; VariantName = "[No Variations]"
Add component (AddParameter): Name = "Price"; Value = "0.14"; VariantName = "[No Variations]"
Add component (AddParameter): Name = "Resistance"; Value = "10 kOhms"; VariantName = "[No Variations]"
Add component (AddParameter): Name = "Series"; Value = "RP73P, Holsworthy"; VariantName = "[No Variations]"
Add component (AddParameter): Name = "Size / Dimension"; Value = "0.079" L x 0.049" W (2.00mm x 1.25mm)"; VariantName = "[No Variations]"
Add component (AddParameter): Name = "Supplier 1"; Value = "DigiKey"; VariantName = "[No Variations]"
Add component (AddParameter): Name = "Supplier Device Package"; Value = "0805"; VariantName = "[No Variations]"
Add component (AddParameter): Name = "Supplier Part Number 1"; Value = "A110639CT-ND"; VariantName = "[No Variations]"
Add component (AddParameter): Name = "Temperature Coefficient"; Value = "±25ppm/°C"; VariantName = "[No Variations]"
Add component (AddParameter): Name = "Tolerance"; Value = "±0.1%"; VariantName = "[No Variations]"
Add component (AddParameter): Name = "Value"; Value = "10 kOhms"; VariantName = "[No Variations]"
Added Component: Designator=R10(RES 0805_2012)
Add component (AddParameter): Name = "ComponentLink1Description"; Value = "Datasheet"; VariantName = "[No Variations]"
Add component (AddParameter): Name = "ComponentLink1URL"; Value = "https://www.te.com/commerce/DocumentDelivery/DDEController?Action=srchrtrv&DocNm=1773272&DocType=DS&DocLang=English"; VariantName = "[No Variations]"
Add component (AddParameter): Name = "ComponentLink2Description"; Value = "DigiKey Link"; VariantName = "[No Variations]"
Add component (AddParameter): Name = "ComponentLink2URL"; Value = "https://www.digikey.com/en/products/detail/te-connectivity-passive-product/2176093-5/4034107"; VariantName = "[No Variations]"
Add component (AddParameter): Name = "Composition"; Value = "Thin Film"; VariantName = "[No Variations]"
Add component (AddParameter): Name = "Device Package"; Value = "0805 (2012 Metric)"; VariantName = "[No Variations]"
Add component (AddParameter): Name = "Height - Seated (Max)"; Value = "0.026" (0.65mm)"; VariantName = "[No Variations]"
Add component (AddParameter): Name = "LastUpdated"; Value = "8.02.2024 21:02:35"; VariantName = "[No Variations]"
Add component (AddParameter): Name = "Lifecycle Status"; Value = "Active"; VariantName = "[No Variations]"
Add component (AddParameter): Name = "Manufacturer"; Value = "TE Connectivity Passive Product"; VariantName = "[No Variations]"
Add component (AddParameter): Name = "Minimum Order"; Value = "1"; VariantName = "[No Variations]"
Add component (AddParameter): Name = "Number of Terminations"; Value = "2"; VariantName = "[No Variations]"
Add component (AddParameter): Name = "Operating Temperature"; Value = "-55°C ~ 155°C"; VariantName = "[No Variations]"
Add component (AddParameter): Name = "Package / Case"; Value = "0805 (2012 Metric)"; VariantName = "[No Variations]"
Add component (AddParameter): Name = "Packaging"; Value = "TapeAndReel"; VariantName = "[No Variations]"
Add component (AddParameter): Name = "Part Number"; Value = "2176093-5"; VariantName = "[No Variations]"
Add component (AddParameter): Name = "Part Status"; Value = "Active"; VariantName = "[No Variations]"
Add component (AddParameter): Name = "PartId"; Value = "28478"; VariantName = "[No Variations]"
Add component (AddParameter): Name = "Power (Watts)"; Value = "0.25W, 1/4W"; VariantName = "[No Variations]"
Add component (AddParameter): Name = "Price"; Value = "0.14"; VariantName = "[No Variations]"
Add component (AddParameter): Name = "Resistance"; Value = "10 kOhms"; VariantName = "[No Variations]"
Add component (AddParameter): Name = "Series"; Value = "RP73P, Holsworthy"; VariantName = "[No Variations]"
Add component (AddParameter): Name = "Size / Dimension"; Value = "0.079" L x 0.049" W (2.00mm x 1.25mm)"; VariantName = "[No Variations]"
Add component (AddParameter): Name = "Supplier 1"; Value = "DigiKey"; VariantName = "[No Variations]"
Add component (AddParameter): Name = "Supplier Device Package"; Value = "0805"; VariantName = "[No Variations]"
Add component (AddParameter): Name = "Supplier Part Number 1"; Value = "A110639CT-ND"; VariantName = "[No Variations]"
Add component (AddParameter): Name = "Temperature Coefficient"; Value = "±25ppm/°C"; VariantName = "[No Variations]"
Add component (AddParameter): Name = "Tolerance"; Value = "±0.1%"; VariantName = "[No Variations]"
Add component (AddParameter): Name = "Value"; Value = "10 kOhms"; VariantName = "[No Variations]"
Added Component: Designator=R11(RES 0805_2012)
Add component (AddParameter): Name = "ComponentLink1Description"; Value = "Datasheet"; VariantName = "[No Variations]"
Add component (AddParameter): Name = "ComponentLink1URL"; Value = "http://www.keyelco.com/product-pdf.cfm?p=14350"; VariantName = "[No Variations]"
Add component (AddParameter): Name = "ComponentLink2Description"; Value = "DigiKey Link"; VariantName = "[No Variations]"
Add component (AddParameter): Name = "ComponentLink2URL"; Value = "https://www.digikey.com/en/products/detail/keystone-electronics/5107/7942981"; VariantName = "[No Variations]"
Add component (AddParameter): Name = "Composition"; Value = "Metal Element"; VariantName = "[No Variations]"
Add component (AddParameter): Name = "Device Package"; Value = "0805 (2012 Metric)"; VariantName = "[No Variations]"
Add component (AddParameter): Name = "Height - Seated (Max)"; Value = "0.033" (0.84mm)"; VariantName = "[No Variations]"
Add component (AddParameter): Name = "LastUpdated"; Value = "8.02.2024 21:01:23"; VariantName = "[No Variations]"
Add component (AddParameter): Name = "Lifecycle Status"; Value = "Active"; VariantName = "[No Variations]"
Add component (AddParameter): Name = "Manufacturer"; Value = "Keystone Electronics"; VariantName = "[No Variations]"
Add component (AddParameter): Name = "Minimum Order"; Value = "1"; VariantName = "[No Variations]"
Add component (AddParameter): Name = "Number of Terminations"; Value = "2"; VariantName = "[No Variations]"
Add component (AddParameter): Name = "Package / Case"; Value = "0805 (2012 Metric)"; VariantName = "[No Variations]"
Add component (AddParameter): Name = "Packaging"; Value = "TapeAndReel"; VariantName = "[No Variations]"
Add component (AddParameter): Name = "Part Number"; Value = "5107"; VariantName = "[No Variations]"
Add component (AddParameter): Name = "Part Status"; Value = "Active"; VariantName = "[No Variations]"
Add component (AddParameter): Name = "PartId"; Value = "45276"; VariantName = "[No Variations]"
Add component (AddParameter): Name = "Power (Watts)"; Value = "0.5W, 1/2W"; VariantName = "[No Variations]"
Add component (AddParameter): Name = "Price"; Value = "0.16"; VariantName = "[No Variations]"
Add component (AddParameter): Name = "Resistance"; Value = "0 Ohms"; VariantName = "[No Variations]"
Add component (AddParameter): Name = "Series"; Value = "-"; VariantName = "[No Variations]"
Add component (AddParameter): Name = "Size / Dimension"; Value = "0.079" L x 0.049" W (2.00mm x 1.25mm)"; VariantName = "[No Variations]"
Add component (AddParameter): Name = "Supplier 1"; Value = "DigiKey"; VariantName = "[No Variations]"
Add component (AddParameter): Name = "Supplier Device Package"; Value = "0805"; VariantName = "[No Variations]"
Add component (AddParameter): Name = "Supplier Part Number 1"; Value = "36-5107CT-ND"; VariantName = "[No Variations]"
Add component (AddParameter): Name = "Tolerance"; Value = "Jumper"; VariantName = "[No Variations]"
Add component (AddParameter): Name = "Value"; Value = "0 Ohms"; VariantName = "[No Variations]"
Added Component: Designator=R12(RES 0805_2012)
Add component (AddParameter): Name = "ComponentLink2Description"; Value = "DigiKey Link"; VariantName = "[No Variations]"
Add component (AddParameter): Name = "ComponentLink2URL"; Value = "https://www.digikey.com/en/products/detail/te-connectivity-passive-product/3430A2F470RTDF/17763718"; VariantName = "[No Variations]"
Add component (AddParameter): Name = "Composition"; Value = "Thick Film"; VariantName = "[No Variations]"
Add component (AddParameter): Name = "Device Package"; Value = "0805 (2012 Metric)"; VariantName = "[No Variations]"
Add component (AddParameter): Name = "Features"; Value = "Automotive AEC-Q200"; VariantName = "[No Variations]"
Add component (AddParameter): Name = "Height - Seated (Max)"; Value = "0.026" (0.65mm)"; VariantName = "[No Variations]"
Add component (AddParameter): Name = "LastUpdated"; Value = "8.02.2024 21:00:03"; VariantName = "[No Variations]"
Add component (AddParameter): Name = "Lifecycle Status"; Value = "Active"; VariantName = "[No Variations]"
Add component (AddParameter): Name = "Manufacturer"; Value = "TE Connectivity Passive Product"; VariantName = "[No Variations]"
Add component (AddParameter): Name = "Minimum Order"; Value = "1"; VariantName = "[No Variations]"
Add component (AddParameter): Name = "Number of Terminations"; Value = "2"; VariantName = "[No Variations]"
Add component (AddParameter): Name = "Operating Temperature"; Value = "-55°C ~ 155°C"; VariantName = "[No Variations]"
Add component (AddParameter): Name = "Package / Case"; Value = "0805 (2012 Metric)"; VariantName = "[No Variations]"
Add component (AddParameter): Name = "Packaging"; Value = "TapeAndReel"; VariantName = "[No Variations]"
Add component (AddParameter): Name = "Part Number"; Value = "3430A2F470RTDF"; VariantName = "[No Variations]"
Add component (AddParameter): Name = "Part Status"; Value = "Active"; VariantName = "[No Variations]"
Add component (AddParameter): Name = "PartId"; Value = "77780"; VariantName = "[No Variations]"
Add component (AddParameter): Name = "Power (Watts)"; Value = "1W"; VariantName = "[No Variations]"
Add component (AddParameter): Name = "Price"; Value = "0.02"; VariantName = "[No Variations]"
Add component (AddParameter): Name = "Ratings"; Value = "AEC-Q200"; VariantName = "[No Variations]"
Add component (AddParameter): Name = "Resistance"; Value = "470 Ohms"; VariantName = "[No Variations]"
Add component (AddParameter): Name = "Series"; Value = "3430"; VariantName = "[No Variations]"
Add component (AddParameter): Name = "Size / Dimension"; Value = "0.049" L x 0.079" W (1.25mm x 2.00mm)"; VariantName = "[No Variations]"
Add component (AddParameter): Name = "Supplier 1"; Value = "DigiKey"; VariantName = "[No Variations]"
Add component (AddParameter): Name = "Supplier Device Package"; Value = "0508"; VariantName = "[No Variations]"
Add component (AddParameter): Name = "Supplier Part Number 1"; Value = "1712-3430A2F470RTDFCT-ND"; VariantName = "[No Variations]"
Add component (AddParameter): Name = "Temperature Coefficient"; Value = "±100ppm/°C"; VariantName = "[No Variations]"
Add component (AddParameter): Name = "Tolerance"; Value = "±1%"; VariantName = "[No Variations]"
Add component (AddParameter): Name = "Value"; Value = "470 Ohms"; VariantName = "[No Variations]"
Added Component: Designator=R13(RES 0805_2012)
Add component (AddParameter): Name = "ComponentLink1Description"; Value = "Datasheet"; VariantName = "[No Variations]"
Add component (AddParameter): Name = "ComponentLink1URL"; Value = "https://www.te.com/commerce/DocumentDelivery/DDEController?Action=srchrtrv&DocNm=1773272&DocType=DS&DocLang=English"; VariantName = "[No Variations]"
Add component (AddParameter): Name = "ComponentLink2Description"; Value = "DigiKey Link"; VariantName = "[No Variations]"
Add component (AddParameter): Name = "ComponentLink2URL"; Value = "https://www.digikey.com/en/products/detail/te-connectivity-passive-product/2176093-5/4034107"; VariantName = "[No Variations]"
Add component (AddParameter): Name = "Composition"; Value = "Thin Film"; VariantName = "[No Variations]"
Add component (AddParameter): Name = "Device Package"; Value = "0805 (2012 Metric)"; VariantName = "[No Variations]"
Add component (AddParameter): Name = "Height - Seated (Max)"; Value = "0.026" (0.65mm)"; VariantName = "[No Variations]"
Add component (AddParameter): Name = "LastUpdated"; Value = "8.02.2024 21:02:35"; VariantName = "[No Variations]"
Add component (AddParameter): Name = "Lifecycle Status"; Value = "Active"; VariantName = "[No Variations]"
Add component (AddParameter): Name = "Manufacturer"; Value = "TE Connectivity Passive Product"; VariantName = "[No Variations]"
Add component (AddParameter): Name = "Minimum Order"; Value = "1"; VariantName = "[No Variations]"
Add component (AddParameter): Name = "Number of Terminations"; Value = "2"; VariantName = "[No Variations]"
Add component (AddParameter): Name = "Operating Temperature"; Value = "-55°C ~ 155°C"; VariantName = "[No Variations]"
Add component (AddParameter): Name = "Package / Case"; Value = "0805 (2012 Metric)"; VariantName = "[No Variations]"
Add component (AddParameter): Name = "Packaging"; Value = "TapeAndReel"; VariantName = "[No Variations]"
Add component (AddParameter): Name = "Part Number"; Value = "2176093-5"; VariantName = "[No Variations]"
Add component (AddParameter): Name = "Part Status"; Value = "Active"; VariantName = "[No Variations]"
Add component (AddParameter): Name = "PartId"; Value = "28478"; VariantName = "[No Variations]"
Add component (AddParameter): Name = "Power (Watts)"; Value = "0.25W, 1/4W"; VariantName = "[No Variations]"
Add component (AddParameter): Name = "Price"; Value = "0.14"; VariantName = "[No Variations]"
Add component (AddParameter): Name = "Resistance"; Value = "10 kOhms"; VariantName = "[No Variations]"
Add component (AddParameter): Name = "Series"; Value = "RP73P, Holsworthy"; VariantName = "[No Variations]"
Add component (AddParameter): Name = "Size / Dimension"; Value = "0.079" L x 0.049" W (2.00mm x 1.25mm)"; VariantName = "[No Variations]"
Add component (AddParameter): Name = "Supplier 1"; Value = "DigiKey"; VariantName = "[No Variations]"
Add component (AddParameter): Name = "Supplier Device Package"; Value = "0805"; VariantName = "[No Variations]"
Add component (AddParameter): Name = "Supplier Part Number 1"; Value = "A110639CT-ND"; VariantName = "[No Variations]"
Add component (AddParameter): Name = "Temperature Coefficient"; Value = "±25ppm/°C"; VariantName = "[No Variations]"
Add component (AddParameter): Name = "Tolerance"; Value = "±0.1%"; VariantName = "[No Variations]"
Add component (AddParameter): Name = "Value"; Value = "10 kOhms"; VariantName = "[No Variations]"
Added Component: Designator=R14(RES 0805_2012)
Add component (AddParameter): Name = "ComponentLink1Description"; Value = "Datasheet"; VariantName = "[No Variations]"
Add component (AddParameter): Name = "ComponentLink1URL"; Value = "https://www.te.com/commerce/DocumentDelivery/DDEController?Action=srchrtrv&DocNm=1773272&DocType=DS&DocLang=English"; VariantName = "[No Variations]"
Add component (AddParameter): Name = "ComponentLink2Description"; Value = "DigiKey Link"; VariantName = "[No Variations]"
Add component (AddParameter): Name = "ComponentLink2URL"; Value = "https://www.digikey.com/en/products/detail/te-connectivity-passive-product/2176091-4/4033895"; VariantName = "[No Variations]"
Add component (AddParameter): Name = "Composition"; Value = "Thin Film"; VariantName = "[No Variations]"
Add component (AddParameter): Name = "Device Package"; Value = "0805 (2012 Metric)"; VariantName = "[No Variations]"
Add component (AddParameter): Name = "Height - Seated (Max)"; Value = "0.026" (0.65mm)"; VariantName = "[No Variations]"
Add component (AddParameter): Name = "LastUpdated"; Value = "8.02.2024 21:01:14"; VariantName = "[No Variations]"
Add component (AddParameter): Name = "Lifecycle Status"; Value = "Active"; VariantName = "[No Variations]"
Add component (AddParameter): Name = "Manufacturer"; Value = "TE Connectivity Passive Product"; VariantName = "[No Variations]"
Add component (AddParameter): Name = "Minimum Order"; Value = "1"; VariantName = "[No Variations]"
Add component (AddParameter): Name = "Number of Terminations"; Value = "2"; VariantName = "[No Variations]"
Add component (AddParameter): Name = "Operating Temperature"; Value = "-55°C ~ 155°C"; VariantName = "[No Variations]"
Add component (AddParameter): Name = "Package / Case"; Value = "0805 (2012 Metric)"; VariantName = "[No Variations]"
Add component (AddParameter): Name = "Packaging"; Value = "TapeAndReel"; VariantName = "[No Variations]"
Add component (AddParameter): Name = "Part Number"; Value = "2176091-4"; VariantName = "[No Variations]"
Add component (AddParameter): Name = "Part Status"; Value = "Active"; VariantName = "[No Variations]"
Add component (AddParameter): Name = "PartId"; Value = "46762"; VariantName = "[No Variations]"
Add component (AddParameter): Name = "Power (Watts)"; Value = "0.25W, 1/4W"; VariantName = "[No Variations]"
Add component (AddParameter): Name = "Price"; Value = "0.14"; VariantName = "[No Variations]"
Add component (AddParameter): Name = "Resistance"; Value = "61.9 Ohms"; VariantName = "[No Variations]"
Add component (AddParameter): Name = "Series"; Value = "RP73P, Holsworthy"; VariantName = "[No Variations]"
Add component (AddParameter): Name = "Size / Dimension"; Value = "0.079" L x 0.049" W (2.00mm x 1.25mm)"; VariantName = "[No Variations]"
Add component (AddParameter): Name = "Supplier 1"; Value = "DigiKey"; VariantName = "[No Variations]"
Add component (AddParameter): Name = "Supplier Device Package"; Value = "0805"; VariantName = "[No Variations]"
Add component (AddParameter): Name = "Supplier Part Number 1"; Value = "A110427CT-ND"; VariantName = "[No Variations]"
Add component (AddParameter): Name = "Temperature Coefficient"; Value = "±25ppm/°C"; VariantName = "[No Variations]"
Add component (AddParameter): Name = "Tolerance"; Value = "±0.1%"; VariantName = "[No Variations]"
Add component (AddParameter): Name = "Value"; Value = "61.9 Ohms"; VariantName = "[No Variations]"
Added Component: Designator=R15(RES 0805_2012)
Add component (AddParameter): Name = "ComponentLink1Description"; Value = "Datasheet"; VariantName = "[No Variations]"
Add component (AddParameter): Name = "ComponentLink1URL"; Value = "https://www.te.com/commerce/DocumentDelivery/DDEController?Action=srchrtrv&DocNm=1773272&DocType=DS&DocLang=English"; VariantName = "[No Variations]"
Add component (AddParameter): Name = "ComponentLink2Description"; Value = "DigiKey Link"; VariantName = "[No Variations]"
Add component (AddParameter): Name = "ComponentLink2URL"; Value = "https://www.digikey.com/en/products/detail/te-connectivity-passive-product/2176091-4/4033895"; VariantName = "[No Variations]"
Add component (AddParameter): Name = "Composition"; Value = "Thin Film"; VariantName = "[No Variations]"
Add component (AddParameter): Name = "Device Package"; Value = "0805 (2012 Metric)"; VariantName = "[No Variations]"
Add component (AddParameter): Name = "Height - Seated (Max)"; Value = "0.026" (0.65mm)"; VariantName = "[No Variations]"
Add component (AddParameter): Name = "LastUpdated"; Value = "8.02.2024 21:01:14"; VariantName = "[No Variations]"
Add component (AddParameter): Name = "Lifecycle Status"; Value = "Active"; VariantName = "[No Variations]"
Add component (AddParameter): Name = "Manufacturer"; Value = "TE Connectivity Passive Product"; VariantName = "[No Variations]"
Add component (AddParameter): Name = "Minimum Order"; Value = "1"; VariantName = "[No Variations]"
Add component (AddParameter): Name = "Number of Terminations"; Value = "2"; VariantName = "[No Variations]"
Add component (AddParameter): Name = "Operating Temperature"; Value = "-55°C ~ 155°C"; VariantName = "[No Variations]"
Add component (AddParameter): Name = "Package / Case"; Value = "0805 (2012 Metric)"; VariantName = "[No Variations]"
Add component (AddParameter): Name = "Packaging"; Value = "TapeAndReel"; VariantName = "[No Variations]"
Add component (AddParameter): Name = "Part Number"; Value = "2176091-4"; VariantName = "[No Variations]"
Add component (AddParameter): Name = "Part Status"; Value = "Active"; VariantName = "[No Variations]"
Add component (AddParameter): Name = "PartId"; Value = "46762"; VariantName = "[No Variations]"
Add component (AddParameter): Name = "Power (Watts)"; Value = "0.25W, 1/4W"; VariantName = "[No Variations]"
Add component (AddParameter): Name = "Price"; Value = "0.14"; VariantName = "[No Variations]"
Add component (AddParameter): Name = "Resistance"; Value = "61.9 Ohms"; VariantName = "[No Variations]"
Add component (AddParameter): Name = "Series"; Value = "RP73P, Holsworthy"; VariantName = "[No Variations]"
Add component (AddParameter): Name = "Size / Dimension"; Value = "0.079" L x 0.049" W (2.00mm x 1.25mm)"; VariantName = "[No Variations]"
Add component (AddParameter): Name = "Supplier 1"; Value = "DigiKey"; VariantName = "[No Variations]"
Add component (AddParameter): Name = "Supplier Device Package"; Value = "0805"; VariantName = "[No Variations]"
Add component (AddParameter): Name = "Supplier Part Number 1"; Value = "A110427CT-ND"; VariantName = "[No Variations]"
Add component (AddParameter): Name = "Temperature Coefficient"; Value = "±25ppm/°C"; VariantName = "[No Variations]"
Add component (AddParameter): Name = "Tolerance"; Value = "±0.1%"; VariantName = "[No Variations]"
Add component (AddParameter): Name = "Value"; Value = "61.9 Ohms"; VariantName = "[No Variations]"
Added Component: Designator=R16(RES 0805_2012)
Add component (AddParameter): Name = "ComponentLink1Description"; Value = "Datasheet"; VariantName = "[No Variations]"
Add component (AddParameter): Name = "ComponentLink1URL"; Value = "http://www.keyelco.com/product-pdf.cfm?p=14350"; VariantName = "[No Variations]"
Add component (AddParameter): Name = "ComponentLink2Description"; Value = "DigiKey Link"; VariantName = "[No Variations]"
Add component (AddParameter): Name = "ComponentLink2URL"; Value = "https://www.digikey.com/en/products/detail/keystone-electronics/5107/7942981"; VariantName = "[No Variations]"
Add component (AddParameter): Name = "Composition"; Value = "Metal Element"; VariantName = "[No Variations]"
Add component (AddParameter): Name = "Device Package"; Value = "0805 (2012 Metric)"; VariantName = "[No Variations]"
Add component (AddParameter): Name = "Height - Seated (Max)"; Value = "0.033" (0.84mm)"; VariantName = "[No Variations]"
Add component (AddParameter): Name = "LastUpdated"; Value = "8.02.2024 21:01:23"; VariantName = "[No Variations]"
Add component (AddParameter): Name = "Lifecycle Status"; Value = "Active"; VariantName = "[No Variations]"
Add component (AddParameter): Name = "Manufacturer"; Value = "Keystone Electronics"; VariantName = "[No Variations]"
Add component (AddParameter): Name = "Minimum Order"; Value = "1"; VariantName = "[No Variations]"
Add component (AddParameter): Name = "Number of Terminations"; Value = "2"; VariantName = "[No Variations]"
Add component (AddParameter): Name = "Package / Case"; Value = "0805 (2012 Metric)"; VariantName = "[No Variations]"
Add component (AddParameter): Name = "Packaging"; Value = "TapeAndReel"; VariantName = "[No Variations]"
Add component (AddParameter): Name = "Part Number"; Value = "5107"; VariantName = "[No Variations]"
Add component (AddParameter): Name = "Part Status"; Value = "Active"; VariantName = "[No Variations]"
Add component (AddParameter): Name = "PartId"; Value = "45276"; VariantName = "[No Variations]"
Add component (AddParameter): Name = "Power (Watts)"; Value = "0.5W, 1/2W"; VariantName = "[No Variations]"
Add component (AddParameter): Name = "Price"; Value = "0.16"; VariantName = "[No Variations]"
Add component (AddParameter): Name = "Resistance"; Value = "0 Ohms"; VariantName = "[No Variations]"
Add component (AddParameter): Name = "Series"; Value = "-"; VariantName = "[No Variations]"
Add component (AddParameter): Name = "Size / Dimension"; Value = "0.079" L x 0.049" W (2.00mm x 1.25mm)"; VariantName = "[No Variations]"
Add component (AddParameter): Name = "Supplier 1"; Value = "DigiKey"; VariantName = "[No Variations]"
Add component (AddParameter): Name = "Supplier Device Package"; Value = "0805"; VariantName = "[No Variations]"
Add component (AddParameter): Name = "Supplier Part Number 1"; Value = "36-5107CT-ND"; VariantName = "[No Variations]"
Add component (AddParameter): Name = "Tolerance"; Value = "Jumper"; VariantName = "[No Variations]"
Add component (AddParameter): Name = "Value"; Value = "0 Ohms"; VariantName = "[No Variations]"
Added Component: Designator=R17(RES 0805_2012)
Add component (AddParameter): Name = "ComponentLink1Description"; Value = "Datasheet"; VariantName = "[No Variations]"
Add component (AddParameter): Name = "ComponentLink1URL"; Value = "https://www.te.com/commerce/DocumentDelivery/DDEController?Action=srchrtrv&DocNm=1773272&DocType=DS&DocLang=English"; VariantName = "[No Variations]"
Add component (AddParameter): Name = "ComponentLink2Description"; Value = "DigiKey Link"; VariantName = "[No Variations]"
Add component (AddParameter): Name = "ComponentLink2URL"; Value = "https://www.digikey.com/en/products/detail/te-connectivity-passive-product/2176093-5/4034107"; VariantName = "[No Variations]"
Add component (AddParameter): Name = "Composition"; Value = "Thin Film"; VariantName = "[No Variations]"
Add component (AddParameter): Name = "Device Package"; Value = "0805 (2012 Metric)"; VariantName = "[No Variations]"
Add component (AddParameter): Name = "Height - Seated (Max)"; Value = "0.026" (0.65mm)"; VariantName = "[No Variations]"
Add component (AddParameter): Name = "LastUpdated"; Value = "8.02.2024 21:02:35"; VariantName = "[No Variations]"
Add component (AddParameter): Name = "Lifecycle Status"; Value = "Active"; VariantName = "[No Variations]"
Add component (AddParameter): Name = "Manufacturer"; Value = "TE Connectivity Passive Product"; VariantName = "[No Variations]"
Add component (AddParameter): Name = "Minimum Order"; Value = "1"; VariantName = "[No Variations]"
Add component (AddParameter): Name = "Number of Terminations"; Value = "2"; VariantName = "[No Variations]"
Add component (AddParameter): Name = "Operating Temperature"; Value = "-55°C ~ 155°C"; VariantName = "[No Variations]"
Add component (AddParameter): Name = "Package / Case"; Value = "0805 (2012 Metric)"; VariantName = "[No Variations]"
Add component (AddParameter): Name = "Packaging"; Value = "TapeAndReel"; VariantName = "[No Variations]"
Add component (AddParameter): Name = "Part Number"; Value = "2176093-5"; VariantName = "[No Variations]"
Add component (AddParameter): Name = "Part Status"; Value = "Active"; VariantName = "[No Variations]"
Add component (AddParameter): Name = "PartId"; Value = "28478"; VariantName = "[No Variations]"
Add component (AddParameter): Name = "Power (Watts)"; Value = "0.25W, 1/4W"; VariantName = "[No Variations]"
Add component (AddParameter): Name = "Price"; Value = "0.14"; VariantName = "[No Variations]"
Add component (AddParameter): Name = "Resistance"; Value = "10 kOhms"; VariantName = "[No Variations]"
Add component (AddParameter): Name = "Series"; Value = "RP73P, Holsworthy"; VariantName = "[No Variations]"
Add component (AddParameter): Name = "Size / Dimension"; Value = "0.079" L x 0.049" W (2.00mm x 1.25mm)"; VariantName = "[No Variations]"
Add component (AddParameter): Name = "Supplier 1"; Value = "DigiKey"; VariantName = "[No Variations]"
Add component (AddParameter): Name = "Supplier Device Package"; Value = "0805"; VariantName = "[No Variations]"
Add component (AddParameter): Name = "Supplier Part Number 1"; Value = "A110639CT-ND"; VariantName = "[No Variations]"
Add component (AddParameter): Name = "Temperature Coefficient"; Value = "±25ppm/°C"; VariantName = "[No Variations]"
Add component (AddParameter): Name = "Tolerance"; Value = "±0.1%"; VariantName = "[No Variations]"
Add component (AddParameter): Name = "Value"; Value = "10 kOhms"; VariantName = "[No Variations]"
Added Component: Designator=R18(RES 0805_2012)
Add component (AddParameter): Name = "ComponentLink1Description"; Value = "Datasheet"; VariantName = "[No Variations]"
Add component (AddParameter): Name = "ComponentLink1URL"; Value = "https://www.te.com/commerce/DocumentDelivery/DDEController?Action=srchrtrv&DocNm=1773272&DocType=DS&DocLang=English"; VariantName = "[No Variations]"
Add component (AddParameter): Name = "ComponentLink2Description"; Value = "DigiKey Link"; VariantName = "[No Variations]"
Add component (AddParameter): Name = "ComponentLink2URL"; Value = "https://www.digikey.com/en/products/detail/te-connectivity-passive-product/2176093-5/4034107"; VariantName = "[No Variations]"
Add component (AddParameter): Name = "Composition"; Value = "Thin Film"; VariantName = "[No Variations]"
Add component (AddParameter): Name = "Device Package"; Value = "0805 (2012 Metric)"; VariantName = "[No Variations]"
Add component (AddParameter): Name = "Height - Seated (Max)"; Value = "0.026" (0.65mm)"; VariantName = "[No Variations]"
Add component (AddParameter): Name = "LastUpdated"; Value = "8.02.2024 21:02:35"; VariantName = "[No Variations]"
Add component (AddParameter): Name = "Lifecycle Status"; Value = "Active"; VariantName = "[No Variations]"
Add component (AddParameter): Name = "Manufacturer"; Value = "TE Connectivity Passive Product"; VariantName = "[No Variations]"
Add component (AddParameter): Name = "Minimum Order"; Value = "1"; VariantName = "[No Variations]"
Add component (AddParameter): Name = "Number of Terminations"; Value = "2"; VariantName = "[No Variations]"
Add component (AddParameter): Name = "Operating Temperature"; Value = "-55°C ~ 155°C"; VariantName = "[No Variations]"
Add component (AddParameter): Name = "Package / Case"; Value = "0805 (2012 Metric)"; VariantName = "[No Variations]"
Add component (AddParameter): Name = "Packaging"; Value = "TapeAndReel"; VariantName = "[No Variations]"
Add component (AddParameter): Name = "Part Number"; Value = "2176093-5"; VariantName = "[No Variations]"
Add component (AddParameter): Name = "Part Status"; Value = "Active"; VariantName = "[No Variations]"
Add component (AddParameter): Name = "PartId"; Value = "28478"; VariantName = "[No Variations]"
Add component (AddParameter): Name = "Power (Watts)"; Value = "0.25W, 1/4W"; VariantName = "[No Variations]"
Add component (AddParameter): Name = "Price"; Value = "0.14"; VariantName = "[No Variations]"
Add component (AddParameter): Name = "Resistance"; Value = "10 kOhms"; VariantName = "[No Variations]"
Add component (AddParameter): Name = "Series"; Value = "RP73P, Holsworthy"; VariantName = "[No Variations]"
Add component (AddParameter): Name = "Size / Dimension"; Value = "0.079" L x 0.049" W (2.00mm x 1.25mm)"; VariantName = "[No Variations]"
Add component (AddParameter): Name = "Supplier 1"; Value = "DigiKey"; VariantName = "[No Variations]"
Add component (AddParameter): Name = "Supplier Device Package"; Value = "0805"; VariantName = "[No Variations]"
Add component (AddParameter): Name = "Supplier Part Number 1"; Value = "A110639CT-ND"; VariantName = "[No Variations]"
Add component (AddParameter): Name = "Temperature Coefficient"; Value = "±25ppm/°C"; VariantName = "[No Variations]"
Add component (AddParameter): Name = "Tolerance"; Value = "±0.1%"; VariantName = "[No Variations]"
Add component (AddParameter): Name = "Value"; Value = "10 kOhms"; VariantName = "[No Variations]"
Added Component: Designator=R19(RES 0805_2012)
Add component (AddParameter): Name = "ComponentLink1Description"; Value = "Datasheet"; VariantName = "[No Variations]"
Add component (AddParameter): Name = "ComponentLink1URL"; Value = "https://www.te.com/commerce/DocumentDelivery/DDEController?Action=srchrtrv&DocNm=1773200&DocType=DS&DocLang=English"; VariantName = "[No Variations]"
Add component (AddParameter): Name = "ComponentLink2Description"; Value = "DigiKey Link"; VariantName = "[No Variations]"
Add component (AddParameter): Name = "ComponentLink2URL"; Value = "https://www.digikey.com/en/products/detail/te-connectivity-passive-product/CPF0805B56RE1/2382003"; VariantName = "[No Variations]"
Add component (AddParameter): Name = "Composition"; Value = "Thin Film"; VariantName = "[No Variations]"
Add component (AddParameter): Name = "Device Package"; Value = "0805 (2012 Metric)"; VariantName = "[No Variations]"
Add component (AddParameter): Name = "Height - Seated (Max)"; Value = "0.026" (0.65mm)"; VariantName = "[No Variations]"
Add component (AddParameter): Name = "LastUpdated"; Value = "8.02.2024 21:02:01"; VariantName = "[No Variations]"
Add component (AddParameter): Name = "Lifecycle Status"; Value = "Active"; VariantName = "[No Variations]"
Add component (AddParameter): Name = "Manufacturer"; Value = "TE Connectivity Passive Product"; VariantName = "[No Variations]"
Add component (AddParameter): Name = "Minimum Order"; Value = "1"; VariantName = "[No Variations]"
Add component (AddParameter): Name = "Number of Terminations"; Value = "2"; VariantName = "[No Variations]"
Add component (AddParameter): Name = "Operating Temperature"; Value = "-55°C ~ 155°C"; VariantName = "[No Variations]"
Add component (AddParameter): Name = "Package / Case"; Value = "0805 (2012 Metric)"; VariantName = "[No Variations]"
Add component (AddParameter): Name = "Packaging"; Value = "TapeAndReel"; VariantName = "[No Variations]"
Add component (AddParameter): Name = "Part Number"; Value = "CPF0805B56RE1"; VariantName = "[No Variations]"
Add component (AddParameter): Name = "Part Status"; Value = "Active"; VariantName = "[No Variations]"
Add component (AddParameter): Name = "PartId"; Value = "36553"; VariantName = "[No Variations]"
Add component (AddParameter): Name = "Power (Watts)"; Value = "0.1W, 1/10W"; VariantName = "[No Variations]"
Add component (AddParameter): Name = "Price"; Value = "0.12"; VariantName = "[No Variations]"
Add component (AddParameter): Name = "Resistance"; Value = "56 Ohms"; VariantName = "[No Variations]"
Add component (AddParameter): Name = "Series"; Value = "CPF, Neohm"; VariantName = "[No Variations]"
Add component (AddParameter): Name = "Size / Dimension"; Value = "0.079" L x 0.049" W (2.00mm x 1.25mm)"; VariantName = "[No Variations]"
Add component (AddParameter): Name = "Supplier 1"; Value = "DigiKey"; VariantName = "[No Variations]"
Add component (AddParameter): Name = "Supplier Device Package"; Value = "0805"; VariantName = "[No Variations]"
Add component (AddParameter): Name = "Supplier Part Number 1"; Value = "A103223CT-ND"; VariantName = "[No Variations]"
Add component (AddParameter): Name = "Temperature Coefficient"; Value = "±25ppm/°C"; VariantName = "[No Variations]"
Add component (AddParameter): Name = "Tolerance"; Value = "±0.1%"; VariantName = "[No Variations]"
Add component (AddParameter): Name = "Value"; Value = "56 Ohms"; VariantName = "[No Variations]"
Added Component: Designator=R20(RES 0805_2012)
Add component (AddParameter): Name = "ComponentLink1Description"; Value = "Datasheet"; VariantName = "[No Variations]"
Add component (AddParameter): Name = "ComponentLink1URL"; Value = "https://www.te.com/commerce/DocumentDelivery/DDEController?Action=srchrtrv&DocNm=1773200&DocType=DS&DocLang=English"; VariantName = "[No Variations]"
Add component (AddParameter): Name = "ComponentLink2Description"; Value = "DigiKey Link"; VariantName = "[No Variations]"
Add component (AddParameter): Name = "ComponentLink2URL"; Value = "https://www.digikey.com/en/products/detail/te-connectivity-passive-product/CPF0805B56RE1/2382003"; VariantName = "[No Variations]"
Add component (AddParameter): Name = "Composition"; Value = "Thin Film"; VariantName = "[No Variations]"
Add component (AddParameter): Name = "Device Package"; Value = "0805 (2012 Metric)"; VariantName = "[No Variations]"
Add component (AddParameter): Name = "Height - Seated (Max)"; Value = "0.026" (0.65mm)"; VariantName = "[No Variations]"
Add component (AddParameter): Name = "LastUpdated"; Value = "8.02.2024 21:02:01"; VariantName = "[No Variations]"
Add component (AddParameter): Name = "Lifecycle Status"; Value = "Active"; VariantName = "[No Variations]"
Add component (AddParameter): Name = "Manufacturer"; Value = "TE Connectivity Passive Product"; VariantName = "[No Variations]"
Add component (AddParameter): Name = "Minimum Order"; Value = "1"; VariantName = "[No Variations]"
Add component (AddParameter): Name = "Number of Terminations"; Value = "2"; VariantName = "[No Variations]"
Add component (AddParameter): Name = "Operating Temperature"; Value = "-55°C ~ 155°C"; VariantName = "[No Variations]"
Add component (AddParameter): Name = "Package / Case"; Value = "0805 (2012 Metric)"; VariantName = "[No Variations]"
Add component (AddParameter): Name = "Packaging"; Value = "TapeAndReel"; VariantName = "[No Variations]"
Add component (AddParameter): Name = "Part Number"; Value = "CPF0805B56RE1"; VariantName = "[No Variations]"
Add component (AddParameter): Name = "Part Status"; Value = "Active"; VariantName = "[No Variations]"
Add component (AddParameter): Name = "PartId"; Value = "36553"; VariantName = "[No Variations]"
Add component (AddParameter): Name = "Power (Watts)"; Value = "0.1W, 1/10W"; VariantName = "[No Variations]"
Add component (AddParameter): Name = "Price"; Value = "0.12"; VariantName = "[No Variations]"
Add component (AddParameter): Name = "Resistance"; Value = "56 Ohms"; VariantName = "[No Variations]"
Add component (AddParameter): Name = "Series"; Value = "CPF, Neohm"; VariantName = "[No Variations]"
Add component (AddParameter): Name = "Size / Dimension"; Value = "0.079" L x 0.049" W (2.00mm x 1.25mm)"; VariantName = "[No Variations]"
Add component (AddParameter): Name = "Supplier 1"; Value = "DigiKey"; VariantName = "[No Variations]"
Add component (AddParameter): Name = "Supplier Device Package"; Value = "0805"; VariantName = "[No Variations]"
Add component (AddParameter): Name = "Supplier Part Number 1"; Value = "A103223CT-ND"; VariantName = "[No Variations]"
Add component (AddParameter): Name = "Temperature Coefficient"; Value = "±25ppm/°C"; VariantName = "[No Variations]"
Add component (AddParameter): Name = "Tolerance"; Value = "±0.1%"; VariantName = "[No Variations]"
Add component (AddParameter): Name = "Value"; Value = "56 Ohms"; VariantName = "[No Variations]"
Added Component: Designator=R21(RES 0805_2012)
Add component (AddParameter): Name = "ComponentLink1Description"; Value = "Datasheet"; VariantName = "[No Variations]"
Add component (AddParameter): Name = "ComponentLink1URL"; Value = "https://www.te.com/commerce/DocumentDelivery/DDEController?Action=srchrtrv&DocNm=1773200&DocType=DS&DocLang=English"; VariantName = "[No Variations]"
Add component (AddParameter): Name = "ComponentLink2Description"; Value = "DigiKey Link"; VariantName = "[No Variations]"
Add component (AddParameter): Name = "ComponentLink2URL"; Value = "https://www.digikey.com/en/products/detail/te-connectivity-passive-product/CPF0805B56RE1/2382003"; VariantName = "[No Variations]"
Add component (AddParameter): Name = "Composition"; Value = "Thin Film"; VariantName = "[No Variations]"
Add component (AddParameter): Name = "Device Package"; Value = "0805 (2012 Metric)"; VariantName = "[No Variations]"
Add component (AddParameter): Name = "Height - Seated (Max)"; Value = "0.026" (0.65mm)"; VariantName = "[No Variations]"
Add component (AddParameter): Name = "LastUpdated"; Value = "8.02.2024 21:02:01"; VariantName = "[No Variations]"
Add component (AddParameter): Name = "Lifecycle Status"; Value = "Active"; VariantName = "[No Variations]"
Add component (AddParameter): Name = "Manufacturer"; Value = "TE Connectivity Passive Product"; VariantName = "[No Variations]"
Add component (AddParameter): Name = "Minimum Order"; Value = "1"; VariantName = "[No Variations]"
Add component (AddParameter): Name = "Number of Terminations"; Value = "2"; VariantName = "[No Variations]"
Add component (AddParameter): Name = "Operating Temperature"; Value = "-55°C ~ 155°C"; VariantName = "[No Variations]"
Add component (AddParameter): Name = "Package / Case"; Value = "0805 (2012 Metric)"; VariantName = "[No Variations]"
Add component (AddParameter): Name = "Packaging"; Value = "TapeAndReel"; VariantName = "[No Variations]"
Add component (AddParameter): Name = "Part Number"; Value = "CPF0805B56RE1"; VariantName = "[No Variations]"
Add component (AddParameter): Name = "Part Status"; Value = "Active"; VariantName = "[No Variations]"
Add component (AddParameter): Name = "PartId"; Value = "36553"; VariantName = "[No Variations]"
Add component (AddParameter): Name = "Power (Watts)"; Value = "0.1W, 1/10W"; VariantName = "[No Variations]"
Add component (AddParameter): Name = "Price"; Value = "0.12"; VariantName = "[No Variations]"
Add component (AddParameter): Name = "Resistance"; Value = "56 Ohms"; VariantName = "[No Variations]"
Add component (AddParameter): Name = "Series"; Value = "CPF, Neohm"; VariantName = "[No Variations]"
Add component (AddParameter): Name = "Size / Dimension"; Value = "0.079" L x 0.049" W (2.00mm x 1.25mm)"; VariantName = "[No Variations]"
Add component (AddParameter): Name = "Supplier 1"; Value = "DigiKey"; VariantName = "[No Variations]"
Add component (AddParameter): Name = "Supplier Device Package"; Value = "0805"; VariantName = "[No Variations]"
Add component (AddParameter): Name = "Supplier Part Number 1"; Value = "A103223CT-ND"; VariantName = "[No Variations]"
Add component (AddParameter): Name = "Temperature Coefficient"; Value = "±25ppm/°C"; VariantName = "[No Variations]"
Add component (AddParameter): Name = "Tolerance"; Value = "±0.1%"; VariantName = "[No Variations]"
Add component (AddParameter): Name = "Value"; Value = "56 Ohms"; VariantName = "[No Variations]"
Added Component: Designator=R22(RES 0805_2012)
Add component (AddParameter): Name = "ComponentLink1Description"; Value = "Datasheet"; VariantName = "[No Variations]"
Add component (AddParameter): Name = "ComponentLink1URL"; Value = "https://www.te.com/commerce/DocumentDelivery/DDEController?Action=srchrtrv&DocNm=1773200&DocType=DS&DocLang=English"; VariantName = "[No Variations]"
Add component (AddParameter): Name = "ComponentLink2Description"; Value = "DigiKey Link"; VariantName = "[No Variations]"
Add component (AddParameter): Name = "ComponentLink2URL"; Value = "https://www.digikey.com/en/products/detail/te-connectivity-passive-product/CPF0805B56RE1/2382003"; VariantName = "[No Variations]"
Add component (AddParameter): Name = "Composition"; Value = "Thin Film"; VariantName = "[No Variations]"
Add component (AddParameter): Name = "Device Package"; Value = "0805 (2012 Metric)"; VariantName = "[No Variations]"
Add component (AddParameter): Name = "Height - Seated (Max)"; Value = "0.026" (0.65mm)"; VariantName = "[No Variations]"
Add component (AddParameter): Name = "LastUpdated"; Value = "8.02.2024 21:02:01"; VariantName = "[No Variations]"
Add component (AddParameter): Name = "Lifecycle Status"; Value = "Active"; VariantName = "[No Variations]"
Add component (AddParameter): Name = "Manufacturer"; Value = "TE Connectivity Passive Product"; VariantName = "[No Variations]"
Add component (AddParameter): Name = "Minimum Order"; Value = "1"; VariantName = "[No Variations]"
Add component (AddParameter): Name = "Number of Terminations"; Value = "2"; VariantName = "[No Variations]"
Add component (AddParameter): Name = "Operating Temperature"; Value = "-55°C ~ 155°C"; VariantName = "[No Variations]"
Add component (AddParameter): Name = "Package / Case"; Value = "0805 (2012 Metric)"; VariantName = "[No Variations]"
Add component (AddParameter): Name = "Packaging"; Value = "TapeAndReel"; VariantName = "[No Variations]"
Add component (AddParameter): Name = "Part Number"; Value = "CPF0805B56RE1"; VariantName = "[No Variations]"
Add component (AddParameter): Name = "Part Status"; Value = "Active"; VariantName = "[No Variations]"
Add component (AddParameter): Name = "PartId"; Value = "36553"; VariantName = "[No Variations]"
Add component (AddParameter): Name = "Power (Watts)"; Value = "0.1W, 1/10W"; VariantName = "[No Variations]"
Add component (AddParameter): Name = "Price"; Value = "0.12"; VariantName = "[No Variations]"
Add component (AddParameter): Name = "Resistance"; Value = "56 Ohms"; VariantName = "[No Variations]"
Add component (AddParameter): Name = "Series"; Value = "CPF, Neohm"; VariantName = "[No Variations]"
Add component (AddParameter): Name = "Size / Dimension"; Value = "0.079" L x 0.049" W (2.00mm x 1.25mm)"; VariantName = "[No Variations]"
Add component (AddParameter): Name = "Supplier 1"; Value = "DigiKey"; VariantName = "[No Variations]"
Add component (AddParameter): Name = "Supplier Device Package"; Value = "0805"; VariantName = "[No Variations]"
Add component (AddParameter): Name = "Supplier Part Number 1"; Value = "A103223CT-ND"; VariantName = "[No Variations]"
Add component (AddParameter): Name = "Temperature Coefficient"; Value = "±25ppm/°C"; VariantName = "[No Variations]"
Add component (AddParameter): Name = "Tolerance"; Value = "±0.1%"; VariantName = "[No Variations]"
Add component (AddParameter): Name = "Value"; Value = "56 Ohms"; VariantName = "[No Variations]"
Added Component: Designator=SW1(418121270801)
Add component (AddParameter): Name = "Actuator Type"; Value = "Raise Type"; VariantName = "[No Variations]"
Add component (AddParameter): Name = "Category"; Value = "Dip Switches"; VariantName = "[No Variations]"
Add component (AddParameter): Name = "ComponentLink1Description"; Value = "Website Link"; VariantName = "[No Variations]"
Add component (AddParameter): Name = "ComponentLink1URL"; Value = "https://www.we-online.com/redexpert/article/418121270801?ad"; VariantName = "[No Variations]"
Add component (AddParameter): Name = "ComponentLink2Description"; Value = "Datasheet Link"; VariantName = "[No Variations]"
Add component (AddParameter): Name = "ComponentLink2URL"; Value = "https://www.we-online.com/redexpert/spec/418121270801?ad"; VariantName = "[No Variations]"
Add component (AddParameter): Name = "Contact Material"; Value = "Copper Alloy"; VariantName = "[No Variations]"
Add component (AddParameter): Name = "Contact Plating"; Value = "Gold"; VariantName = "[No Variations]"
Add component (AddParameter): Name = "Manufacturer"; Value = "Wurth Elektronik"; VariantName = "[No Variations]"
Add component (AddParameter): Name = "Manufacturer Part Number"; Value = "418121270801"; VariantName = "[No Variations]"
Add component (AddParameter): Name = "Match Code"; Value = "WS-DISV"; VariantName = "[No Variations]"
Add component (AddParameter): Name = "Mount"; Value = "Surface Mount"; VariantName = "[No Variations]"
Add component (AddParameter): Name = "Number of Poles"; Value = "1"; VariantName = "[No Variations]"
Add component (AddParameter): Name = "Operating Temperature Max"; Value = "85°C"; VariantName = "[No Variations]"
Add component (AddParameter): Name = "Operating Temperature Min"; Value = "-40°C"; VariantName = "[No Variations]"
Add component (AddParameter): Name = "Operation Force"; Value = "600g"; VariantName = "[No Variations]"
Add component (AddParameter): Name = "Packaging"; Value = "Tape and Reel"; VariantName = "[No Variations]"
Add component (AddParameter): Name = "Pitch"; Value = "2.54mm"; VariantName = "[No Variations]"
Add component (AddParameter): Name = "Rated Current Non-Switching"; Value = "100mA"; VariantName = "[No Variations]"
Add component (AddParameter): Name = "Rated Current Switching"; Value = "25mA"; VariantName = "[No Variations]"
Add component (AddParameter): Name = "Rated Voltage Non-Switching"; Value = "50VDC"; VariantName = "[No Variations]"
Add component (AddParameter): Name = "Rated Voltage Switching"; Value = "24VDC"; VariantName = "[No Variations]"
Added Component: Designator=SW2(WS-TASV_L6W6H4.3_4301x20438x6)
Add component (AddParameter): Name = "Category"; Value = "Tact Switches"; VariantName = "[No Variations]"
Add component (AddParameter): Name = "Circuit"; Value = "SPST-NO"; VariantName = "[No Variations]"
Add component (AddParameter): Name = "ComponentLink1Description"; Value = "Website Link"; VariantName = "[No Variations]"
Add component (AddParameter): Name = "ComponentLink1URL"; Value = "https://www.we-online.com/redexpert/article/430152043826?ad"; VariantName = "[No Variations]"
Add component (AddParameter): Name = "ComponentLink2Description"; Value = "Datasheet Link"; VariantName = "[No Variations]"
Add component (AddParameter): Name = "ComponentLink2URL"; Value = "https://www.we-online.com/redexpert/spec/430152043826?ad"; VariantName = "[No Variations]"
Add component (AddParameter): Name = "Contact Material"; Value = "Stainless Steel"; VariantName = "[No Variations]"
Add component (AddParameter): Name = "Contact Plating"; Value = "Silver"; VariantName = "[No Variations]"
Add component (AddParameter): Name = "Height"; Value = "4.3mm"; VariantName = "[No Variations]"
Add component (AddParameter): Name = "Length"; Value = "6mm"; VariantName = "[No Variations]"
Add component (AddParameter): Name = "Manufacturer"; Value = "Wurth Elektronik"; VariantName = "[No Variations]"
Add component (AddParameter): Name = "Manufacturer Part Number"; Value = "430152043826"; VariantName = "[No Variations]"
Add component (AddParameter): Name = "Match Code"; Value = "WS-TASV"; VariantName = "[No Variations]"
Add component (AddParameter): Name = "Mount"; Value = "Surface Mount"; VariantName = "[No Variations]"
Add component (AddParameter): Name = "Operating Temperature Max"; Value = "85°C"; VariantName = "[No Variations]"
Add component (AddParameter): Name = "Operating Temperature Min"; Value = "-40°C"; VariantName = "[No Variations]"
Add component (AddParameter): Name = "Operation Force"; Value = "260g"; VariantName = "[No Variations]"
Add component (AddParameter): Name = "Packaging"; Value = "Tape and Reel"; VariantName = "[No Variations]"
Add component (AddParameter): Name = "Rated Current"; Value = "50mA"; VariantName = "[No Variations]"
Add component (AddParameter): Name = "Rated Voltage (DC)"; Value = "12V"; VariantName = "[No Variations]"
Add component (AddParameter): Name = "Terminal Material"; Value = "Copper Alloy"; VariantName = "[No Variations]"
Add component (AddParameter): Name = "Terminal Plating"; Value = "Silver"; VariantName = "[No Variations]"
Add component (AddParameter): Name = "Washable"; Value = "No"; VariantName = "[No Variations]"
Add component (AddParameter): Name = "Width"; Value = "6mm"; VariantName = "[No Variations]"
Added Component: Designator=TVS1(SOP95P275X110-6N)
Add component (AddParameter): Name = "Copyright"; Value = "Copyright (C) 2021 Ultra Librarian. All rights reserved."; VariantName = "[No Variations]"
Add component (AddParameter): Name = "Manufacturer_Part_Number"; Value = "SZTVS4201MR6T1G"; VariantName = "[No Variations]"
Add component (AddParameter): Name = "Mfr_Name"; Value = "onsemi"; VariantName = "[No Variations]"
Add component (AddParameter): Name = "RefDes"; Value = "RefDes"; VariantName = "[No Variations]"
Add component (AddParameter): Name = "Supplier 1"; Value = "Mouser"; VariantName = "[No Variations]"
Add component (AddParameter): Name = "Supplier Part Number 1"; Value = "863-SZTVS4201MR6T1G"; VariantName = "[No Variations]"
Add component (AddParameter): Name = "Type"; Value = "DEV"; VariantName = "[No Variations]"
Added Component: Designator=TVS2(SOP95P275X110-6N)
Add component (AddParameter): Name = "Copyright"; Value = "Copyright (C) 2021 Ultra Librarian. All rights reserved."; VariantName = "[No Variations]"
Add component (AddParameter): Name = "Manufacturer_Part_Number"; Value = "SZTVS4201MR6T1G"; VariantName = "[No Variations]"
Add component (AddParameter): Name = "Mfr_Name"; Value = "onsemi"; VariantName = "[No Variations]"
Add component (AddParameter): Name = "RefDes"; Value = "RefDes"; VariantName = "[No Variations]"
Add component (AddParameter): Name = "Supplier 1"; Value = "Mouser"; VariantName = "[No Variations]"
Add component (AddParameter): Name = "Supplier Part Number 1"; Value = "863-SZTVS4201MR6T1G"; VariantName = "[No Variations]"
Add component (AddParameter): Name = "Type"; Value = "DEV"; VariantName = "[No Variations]"
Added Component: Designator=U1(SOT-223-4 M)
Add component (AddParameter): Name = "Accuracy"; Value = "1%"; VariantName = "[No Variations]"
Add component (AddParameter): Name = "Case/Package"; Value = "SOT-223"; VariantName = "[No Variations]"
Add component (AddParameter): Name = "Category"; Value = "Voltage Regulators - Linear"; VariantName = "[No Variations]"
Add component (AddParameter): Name = "ComponentLink1Description"; Value = "https://datasheet.ciiva.com/6588/lm1117-n-6588632.pdf?src-supplier=Digi-Key"; VariantName = "[No Variations]"
Add component (AddParameter): Name = "ComponentLink1URL"; Value = "https://datasheet.ciiva.com/6588/lm1117-n-6588632.pdf?src-supplier=Digi-Key"; VariantName = "[No Variations]"
Add component (AddParameter): Name = "ComponentLink2Description"; Value = "https://datasheet.ciiva.com/6588/lm1117-n-6588636.pdf?src-supplier=Digi-Key"; VariantName = "[No Variations]"
Add component (AddParameter): Name = "ComponentLink2URL"; Value = "https://datasheet.ciiva.com/6588/lm1117-n-6588636.pdf?src-supplier=Digi-Key"; VariantName = "[No Variations]"
Add component (AddParameter): Name = "ComponentLink3Description"; Value = "https://datasheet.ciiva.com/6588/lm1117-n-6588639.pdf?src-supplier=Digi-Key"; VariantName = "[No Variations]"
Add component (AddParameter): Name = "ComponentLink3URL"; Value = "https://datasheet.ciiva.com/6588/lm1117-n-6588639.pdf?src-supplier=Digi-Key"; VariantName = "[No Variations]"
Add component (AddParameter): Name = "Dropout Voltage"; Value = "1.2V"; VariantName = "[No Variations]"
Add component (AddParameter): Name = "Lead Free"; Value = "Contains Lead"; VariantName = "[No Variations]"
Add component (AddParameter): Name = "Manufacturer"; Value = "Texas Instruments"; VariantName = "[No Variations]"
Add component (AddParameter): Name = "Manufacturer Part Number"; Value = "LM1117IMPX-3.3"; VariantName = "[No Variations]"
Add component (AddParameter): Name = "Max Operating Temperature"; Value = "125°C"; VariantName = "[No Variations]"
Add component (AddParameter): Name = "Max Output Current"; Value = "800mA"; VariantName = "[No Variations]"
Add component (AddParameter): Name = "Max Input Voltage"; Value = "15V"; VariantName = "[No Variations]"
Add component (AddParameter): Name = "Min Current Limit"; Value = "800mA"; VariantName = "[No Variations]"
Add component (AddParameter): Name = "Min Operating Temperature"; Value = "-40°C"; VariantName = "[No Variations]"
Add component (AddParameter): Name = "Mount"; Value = "Surface Mount"; VariantName = "[No Variations]"
Add component (AddParameter): Name = "Number of Outputs"; Value = "1"; VariantName = "[No Variations]"
Add component (AddParameter): Name = "Number of Pins"; Value = "4"; VariantName = "[No Variations]"
Add component (AddParameter): Name = "Number of Regulators"; Value = "1"; VariantName = "[No Variations]"
Add component (AddParameter): Name = "Output Current"; Value = "800mA"; VariantName = "[No Variations]"
Add component (AddParameter): Name = "Output Type"; Value = "Fixed"; VariantName = "[No Variations]"
Add component (AddParameter): Name = "Output Voltage"; Value = "3.3V"; VariantName = "[No Variations]"
Add component (AddParameter): Name = "Output Voltage Accuracy"; Value = "1%"; VariantName = "[No Variations]"
Add component (AddParameter): Name = "Package Quantity"; Value = "2000"; VariantName = "[No Variations]"
Add component (AddParameter): Name = "Packaging"; Value = "Tape and Reel"; VariantName = "[No Variations]"
Add component (AddParameter): Name = "Polarity"; Value = "Positive"; VariantName = "[No Variations]"
Add component (AddParameter): Name = "Quiescent Current"; Value = "15mA"; VariantName = "[No Variations]"
Add component (AddParameter): Name = "RoHS"; Value = "No"; VariantName = "[No Variations]"
Add component (AddParameter): Name = "Supplier 1"; Value = "Mouser"; VariantName = "[No Variations]"
Add component (AddParameter): Name = "Supplier Part Number 1"; Value = "926-M1117IMPXADJNOPB"; VariantName = "[No Variations]"
Added Component: Designator=U2(SOT-223-4 M)
Add component (AddParameter): Name = "Accuracy"; Value = "1%"; VariantName = "[No Variations]"
Add component (AddParameter): Name = "Case/Package"; Value = "SOT-223"; VariantName = "[No Variations]"
Add component (AddParameter): Name = "Category"; Value = "Voltage Regulators - Linear"; VariantName = "[No Variations]"
Add component (AddParameter): Name = "ComponentLink1Description"; Value = "https://datasheet.ciiva.com/6588/lm1117-n-6588632.pdf?src-supplier=Digi-Key"; VariantName = "[No Variations]"
Add component (AddParameter): Name = "ComponentLink1URL"; Value = "https://datasheet.ciiva.com/6588/lm1117-n-6588632.pdf?src-supplier=Digi-Key"; VariantName = "[No Variations]"
Add component (AddParameter): Name = "ComponentLink2Description"; Value = "https://datasheet.ciiva.com/6588/lm1117-n-6588636.pdf?src-supplier=Digi-Key"; VariantName = "[No Variations]"
Add component (AddParameter): Name = "ComponentLink2URL"; Value = "https://datasheet.ciiva.com/6588/lm1117-n-6588636.pdf?src-supplier=Digi-Key"; VariantName = "[No Variations]"
Add component (AddParameter): Name = "ComponentLink3Description"; Value = "https://datasheet.ciiva.com/6588/lm1117-n-6588639.pdf?src-supplier=Digi-Key"; VariantName = "[No Variations]"
Add component (AddParameter): Name = "ComponentLink3URL"; Value = "https://datasheet.ciiva.com/6588/lm1117-n-6588639.pdf?src-supplier=Digi-Key"; VariantName = "[No Variations]"
Add component (AddParameter): Name = "Dropout Voltage"; Value = "1.2V"; VariantName = "[No Variations]"
Add component (AddParameter): Name = "Lead Free"; Value = "Contains Lead"; VariantName = "[No Variations]"
Add component (AddParameter): Name = "Manufacturer"; Value = "Texas Instruments"; VariantName = "[No Variations]"
Add component (AddParameter): Name = "Manufacturer Part Number"; Value = "LM1117IMPX-3.3"; VariantName = "[No Variations]"
Add component (AddParameter): Name = "Max Operating Temperature"; Value = "125°C"; VariantName = "[No Variations]"
Add component (AddParameter): Name = "Max Output Current"; Value = "800mA"; VariantName = "[No Variations]"
Add component (AddParameter): Name = "Max Input Voltage"; Value = "15V"; VariantName = "[No Variations]"
Add component (AddParameter): Name = "Min Current Limit"; Value = "800mA"; VariantName = "[No Variations]"
Add component (AddParameter): Name = "Min Operating Temperature"; Value = "-40°C"; VariantName = "[No Variations]"
Add component (AddParameter): Name = "Mount"; Value = "Surface Mount"; VariantName = "[No Variations]"
Add component (AddParameter): Name = "Number of Outputs"; Value = "1"; VariantName = "[No Variations]"
Add component (AddParameter): Name = "Number of Pins"; Value = "4"; VariantName = "[No Variations]"
Add component (AddParameter): Name = "Number of Regulators"; Value = "1"; VariantName = "[No Variations]"
Add component (AddParameter): Name = "Output Current"; Value = "800mA"; VariantName = "[No Variations]"
Add component (AddParameter): Name = "Output Type"; Value = "Fixed"; VariantName = "[No Variations]"
Add component (AddParameter): Name = "Output Voltage"; Value = "3.3V"; VariantName = "[No Variations]"
Add component (AddParameter): Name = "Output Voltage Accuracy"; Value = "1%"; VariantName = "[No Variations]"
Add component (AddParameter): Name = "Package Quantity"; Value = "2000"; VariantName = "[No Variations]"
Add component (AddParameter): Name = "Packaging"; Value = "Tape and Reel"; VariantName = "[No Variations]"
Add component (AddParameter): Name = "Polarity"; Value = "Positive"; VariantName = "[No Variations]"
Add component (AddParameter): Name = "Quiescent Current"; Value = "15mA"; VariantName = "[No Variations]"
Add component (AddParameter): Name = "RoHS"; Value = "No"; VariantName = "[No Variations]"
Add component (AddParameter): Name = "Supplier 1"; Value = "Mouser"; VariantName = "[No Variations]"
Add component (AddParameter): Name = "Supplier Part Number 1"; Value = "926-M1117IMPXADJNOPB"; VariantName = "[No Variations]"
Added Component: Designator=U3(MCP2551T-I/SN)
Add component (AddParameter): Name = "Datasheet"; Value = "https://www.nxp.com/docs/en/data-sheet/TJA1462.pdf"; VariantName = "[No Variations]"
Add component (AddParameter): Name = "Differential Reciever Hysteresis"; Value = "100mV"; VariantName = "[No Variations]"
Add component (AddParameter): Name = "Operating Temperature"; Value = "-40°C ~ 125°C"; VariantName = "[No Variations]"
Add component (AddParameter): Name = "Supplier 1"; Value = "Arrow Electronics"; VariantName = "[No Variations]"
Add component (AddParameter): Name = "Supplier Part Number 1"; Value = "MCP2551-I/SN"; VariantName = "[No Variations]"
Add component (AddParameter): Name = "Transreciever Hysteresis"; Value = "50mV"; VariantName = "[No Variations]"
Add component (AddParameter): Name = "VCANH-VCANL"; Value = "-40V ~ 40V"; VariantName = "[No Variations]"
Add component (AddParameter): Name = "Virtual Junction Temperature (Tvj)"; Value = "-40°C ~ 150°C"; VariantName = "[No Variations]"
Added Component: Designator=X1(XTAL_ECS-100-20-4VX)
Add component (AddParameter): Name = "Aging (First Year) @ 25°C"; Value = "±5 ppm"; VariantName = "[No Variations]"
Add component (AddParameter): Name = "Datasheet"; Value = "https://ecsxtal.com/store/pdf/HC-49USS.pdf"; VariantName = "[No Variations]"
Add component (AddParameter): Name = "Drive Level"; Value = "500 uW"; VariantName = "[No Variations]"
Add component (AddParameter): Name = "ESR (Equivalent Series Resistance)"; Value = "80 Ohms"; VariantName = "[No Variations]"
Add component (AddParameter): Name = "Frequency"; Value = "10MHZ"; VariantName = "[No Variations]"
Add component (AddParameter): Name = "Frequency Stability"; Value = "±50ppm"; VariantName = "[No Variations]"
Add component (AddParameter): Name = "Frequency Tolerance"; Value = "±50ppm"; VariantName = "[No Variations]"
Add component (AddParameter): Name = "Lifcycle Status"; Value = "Active"; VariantName = "[No Variations]"
Add component (AddParameter): Name = "Load Capacitance"; Value = "20 pF"; VariantName = "[No Variations]"
Add component (AddParameter): Name = "Manufacturer"; Value = "ESC INC"; VariantName = "[No Variations]"
Add component (AddParameter): Name = "Mounting Type"; Value = "Through Hole"; VariantName = "[No Variations]"
Add component (AddParameter): Name = "Operating Mode"; Value = "Fumdamental"; VariantName = "[No Variations]"
Add component (AddParameter): Name = "Operating Temperature"; Value = "-10°C ~ 70°C"; VariantName = "[No Variations]"
Add component (AddParameter): Name = "Packaging"; Value = "HC-49UCCX"; VariantName = "[No Variations]"
Add component (AddParameter): Name = "Supplier 1"; Value = "Arrow Electronics"; VariantName = "[No Variations]"
Add component (AddParameter): Name = "Supplier Part Number 1"; Value = "ECS-100-20-4VX"; VariantName = "[No Variations]"
Added Component: Designator=Y1(ABRACON ABS07)
Add component (AddParameter): Name = "ComponentLink1Description"; Value = "Datasheet"; VariantName = "[No Variations]"
Add component (AddParameter): Name = "ComponentLink1URL"; Value = "https://abracon.com/Resonators/ABS07.pdf"; VariantName = "[No Variations]"
Add component (AddParameter): Name = "ComponentLink2Description"; Value = "DigiKey Link"; VariantName = "[No Variations]"
Add component (AddParameter): Name = "ComponentLink2URL"; Value = "https://www.digikey.com/en/products/detail/abracon-llc/ABS07-32-768KHZ-6-T/3508065"; VariantName = "[No Variations]"
Add component (AddParameter): Name = "ESR (Equivalent Series Resistance)"; Value = "70 kOhms"; VariantName = "[No Variations]"
Add component (AddParameter): Name = "Frequency"; Value = "32.768 kHz"; VariantName = "[No Variations]"
Add component (AddParameter): Name = "Frequency Tolerance"; Value = "±20ppm"; VariantName = "[No Variations]"
Add component (AddParameter): Name = "Height - Seated (Max)"; Value = "0.035" (0.90mm)"; VariantName = "[No Variations]"
Add component (AddParameter): Name = "LastUpdated"; Value = "3.06.2024 20:02:04"; VariantName = "[No Variations]"
Add component (AddParameter): Name = "Lifecycle Status"; Value = "Active"; VariantName = "[No Variations]"
Add component (AddParameter): Name = "Load Capacitance"; Value = "6pF"; VariantName = "[No Variations]"
Add component (AddParameter): Name = "Manufacturer"; Value = "Abracon LLC"; VariantName = "[No Variations]"
Add component (AddParameter): Name = "Minimum Order"; Value = "1"; VariantName = "[No Variations]"
Add component (AddParameter): Name = "Mounting Type"; Value = "Surface Mount"; VariantName = "[No Variations]"
Add component (AddParameter): Name = "Operating Mode"; Value = "Fundamental"; VariantName = "[No Variations]"
Add component (AddParameter): Name = "Operating Temperature"; Value = "-40°C ~ 85°C"; VariantName = "[No Variations]"
Add component (AddParameter): Name = "Package / Case"; Value = "2-SMD, No Lead"; VariantName = "[No Variations]"
Add component (AddParameter): Name = "Packaging"; Value = "TapeAndReel"; VariantName = "[No Variations]"
Add component (AddParameter): Name = "Part Number"; Value = "ABS07-32.768KHZ-6-T"; VariantName = "[No Variations]"
Add component (AddParameter): Name = "Part Status"; Value = "Active"; VariantName = "[No Variations]"
Add component (AddParameter): Name = "PartId"; Value = "379"; VariantName = "[No Variations]"
Add component (AddParameter): Name = "Price"; Value = "0.37"; VariantName = "[No Variations]"
Add component (AddParameter): Name = "Series"; Value = "ABS07"; VariantName = "[No Variations]"
Add component (AddParameter): Name = "Size / Dimension"; Value = "0.126" L x 0.059" W (3.20mm x 1.50mm)"; VariantName = "[No Variations]"
Add component (AddParameter): Name = "Supplier 1"; Value = "DigiKey"; VariantName = "[No Variations]"
Add component (AddParameter): Name = "Supplier Part Number 1"; Value = "535-11898-1-ND"; VariantName = "[No Variations]"
Add component (AddParameter): Name = "Type"; Value = "kHz Crystal (Tuning Fork)"; VariantName = "[No Variations]"
Add component (AddParameter): Name = "Value"; Value = "32.768 kHz"; VariantName = "[No Variations]"
Added Component: Designator=Z1(SOT95P230X110-3N)
Add component (AddParameter): Name = "Datasheet Link"; Value = "http://de.rs-online.com/webdocs/0b4d/0900766b80b4dbb6.pdf"; VariantName = "[No Variations]"
Add component (AddParameter): Name = "Height"; Value = "1.1mm"; VariantName = "[No Variations]"
Add component (AddParameter): Name = "Manufacturer_Name"; Value = "Nexperia"; VariantName = "[No Variations]"
Add component (AddParameter): Name = "Manufacturer_Part_Number"; Value = "PESD2CAN,215"; VariantName = "[No Variations]"
Add component (AddParameter): Name = "Mouser Part Number"; Value = "771-PESD2CAN-T/R"; VariantName = "[No Variations]"
Add component (AddParameter): Name = "Mouser Price/Stock"; Value = "https://www.mouser.com/Search/Refine.aspx?Keyword=771-PESD2CAN-T%2FR"; VariantName = "[No Variations]"
Add component (AddParameter): Name = "RS Part Number"; Value = "0508462"; VariantName = "[No Variations]"
Add component (AddParameter): Name = "RS Price/Stock"; Value = "http://uk.rs-online.com/web/p/products/0508462"; VariantName = "[No Variations]"
Added Pin To Net: NetName=+3V3_D Pin=C1-1
Added Pin To Net: NetName=+3V3_D Pin=C2-2
Added Pin To Net: NetName=+3V3_D Pin=C3-1
Added Pin To Net: NetName=+3V3_D Pin=C4-2
Added Pin To Net: NetName=+3V3_D Pin=C5-1
Added Pin To Net: NetName=+3V3_D Pin=C6-2
Added Pin To Net: NetName=+3V3_D Pin=C7-1
Added Pin To Net: NetName=+3V3_D Pin=C8-2
Added Net: Name=+3V3_D
Added Pin To Net: NetName=+3V3 Pin=C12-2
Added Pin To Net: NetName=+3V3 Pin=C16-2
Added Pin To Net: NetName=+3V3 Pin=C17-2
Added Pin To Net: NetName=+3V3 Pin=C22-1
Added Pin To Net: NetName=+3V3 Pin=C28-2
Added Pin To Net: NetName=+3V3 Pin=C29-2
Added Pin To Net: NetName=+3V3 Pin=J2-4
Added Pin To Net: NetName=+3V3 Pin=P1-4
Added Pin To Net: NetName=+3V3 Pin=P2-3
Added Pin To Net: NetName=+3V3 Pin=R2-2
Added Pin To Net: NetName=+3V3 Pin=R4-2
Added Pin To Net: NetName=+3V3 Pin=R7-2
Added Pin To Net: NetName=+3V3 Pin=R8-2
Added Pin To Net: NetName=+3V3 Pin=R9-2
Added Pin To Net: NetName=+3V3 Pin=R10-2
Added Pin To Net: NetName=+3V3 Pin=R12-1
Added Pin To Net: NetName=+3V3 Pin=R16-1
Added Pin To Net: NetName=+3V3 Pin=R18-2
Added Pin To Net: NetName=+3V3 Pin=TVS1-5
Added Pin To Net: NetName=+3V3 Pin=TVS2-5
Added Pin To Net: NetName=+3V3 Pin=U2-2
Added Pin To Net: NetName=+3V3 Pin=U2-4
Added Pin To Net: NetName=+3V3 Pin=IC1-9
Added Pin To Net: NetName=+3V3 Pin=IC1-24
Added Pin To Net: NetName=+3V3 Pin=IC1-36
Added Pin To Net: NetName=+3V3 Pin=IC1-48
Added Net: Name=+3V3
Added Pin To Net: NetName=+5V Pin=C10-2
Added Pin To Net: NetName=+5V Pin=C11-2
Added Pin To Net: NetName=+5V Pin=C18-2
Added Pin To Net: NetName=+5V Pin=C19-1
Added Pin To Net: NetName=+5V Pin=L1-1
Added Pin To Net: NetName=+5V Pin=R1-2
Added Pin To Net: NetName=+5V Pin=R3-2
Added Pin To Net: NetName=+5V Pin=U1-2
Added Pin To Net: NetName=+5V Pin=U1-4
Added Pin To Net: NetName=+5V Pin=U2-3
Added Pin To Net: NetName=+5V Pin=U3-3
Added Net: Name=+5V
Added Pin To Net: NetName=BOOT0 Pin=R17-2
Added Pin To Net: NetName=BOOT0 Pin=IC1-44
Added Net: Name=BOOT0
Added Pin To Net: NetName=CAN_F_N Pin=J3-2
Added Pin To Net: NetName=CAN_F_N Pin=L2-2
Added Pin To Net: NetName=CAN_F_N Pin=R15-2
Added Pin To Net: NetName=CAN_F_N Pin=Z1-2
Added Net: Name=CAN_F_N
Added Pin To Net: NetName=CAN_F_P Pin=J3-1
Added Pin To Net: NetName=CAN_F_P Pin=L2-3
Added Pin To Net: NetName=CAN_F_P Pin=R14-2
Added Pin To Net: NetName=CAN_F_P Pin=Z1-1
Added Net: Name=CAN_F_P
Added Pin To Net: NetName=CAN_N Pin=L2-1
Added Pin To Net: NetName=CAN_N Pin=U3-6
Added Net: Name=CAN_N
Added Pin To Net: NetName=CAN_P Pin=L2-4
Added Pin To Net: NetName=CAN_P Pin=U3-7
Added Net: Name=CAN_P
Added Pin To Net: NetName=CAN_RX_F Pin=R19-1
Added Pin To Net: NetName=CAN_RX_F Pin=IC1-45
Added Net: Name=CAN_RX_F
Added Pin To Net: NetName=CAN_RX Pin=C33-2
Added Pin To Net: NetName=CAN_RX Pin=R19-2
Added Pin To Net: NetName=CAN_RX Pin=TVS1-1
Added Pin To Net: NetName=CAN_RX Pin=U3-4
Added Net: Name=CAN_RX
Added Pin To Net: NetName=CAN_TX_F Pin=R20-1
Added Pin To Net: NetName=CAN_TX_F Pin=IC1-46
Added Net: Name=CAN_TX_F
Added Pin To Net: NetName=CAN_TX Pin=C32-2
Added Pin To Net: NetName=CAN_TX Pin=R20-2
Added Pin To Net: NetName=CAN_TX Pin=TVS1-6
Added Pin To Net: NetName=CAN_TX Pin=U3-1
Added Net: Name=CAN_TX
Added Pin To Net: NetName=GND Pin=C1-2
Added Pin To Net: NetName=GND Pin=C2-1
Added Pin To Net: NetName=GND Pin=C3-2
Added Pin To Net: NetName=GND Pin=C4-1
Added Pin To Net: NetName=GND Pin=C5-2
Added Pin To Net: NetName=GND Pin=C6-1
Added Pin To Net: NetName=GND Pin=C7-2
Added Pin To Net: NetName=GND Pin=C8-1
Added Pin To Net: NetName=GND Pin=C9-1
Added Pin To Net: NetName=GND Pin=C10-1
Added Pin To Net: NetName=GND Pin=C11-1
Added Pin To Net: NetName=GND Pin=C12-1
Added Pin To Net: NetName=GND Pin=C13-1
Added Pin To Net: NetName=GND Pin=C14-1
Added Pin To Net: NetName=GND Pin=C15-1
Added Pin To Net: NetName=GND Pin=C16-1
Added Pin To Net: NetName=GND Pin=C17-1
Added Pin To Net: NetName=GND Pin=C18-1
Added Pin To Net: NetName=GND Pin=C19-2
Added Pin To Net: NetName=GND Pin=C20-1
Added Pin To Net: NetName=GND Pin=C21-1
Added Pin To Net: NetName=GND Pin=C22-2
Added Pin To Net: NetName=GND Pin=C23-1
Added Pin To Net: NetName=GND Pin=C24-1
Added Pin To Net: NetName=GND Pin=C25-1
Added Pin To Net: NetName=GND Pin=C26-1
Added Pin To Net: NetName=GND Pin=C27-1
Added Pin To Net: NetName=GND Pin=C28-1
Added Pin To Net: NetName=GND Pin=C29-1
Added Pin To Net: NetName=GND Pin=C30-1
Added Pin To Net: NetName=GND Pin=C31-1
Added Pin To Net: NetName=GND Pin=C32-1
Added Pin To Net: NetName=GND Pin=C33-1
Added Pin To Net: NetName=GND Pin=D1-1
Added Pin To Net: NetName=GND Pin=D2-1
Added Pin To Net: NetName=GND Pin=J1-5
Added Pin To Net: NetName=GND Pin=J1-Shell
Added Pin To Net: NetName=GND Pin=J1-Shell
Added Pin To Net: NetName=GND Pin=J1-Shell
Added Pin To Net: NetName=GND Pin=J1-Shell
Added Pin To Net: NetName=GND Pin=J2-6
Added Pin To Net: NetName=GND Pin=J2-10
Added Pin To Net: NetName=GND Pin=J2-11
Added Pin To Net: NetName=GND Pin=J2-11
Added Pin To Net: NetName=GND Pin=J2-11
Added Pin To Net: NetName=GND Pin=J2-11
Added Pin To Net: NetName=GND Pin=J2-11
Added Pin To Net: NetName=GND Pin=J2-11
Added Pin To Net: NetName=GND Pin=J2-11
Added Pin To Net: NetName=GND Pin=J2-11
Added Pin To Net: NetName=GND Pin=J2-11
Added Pin To Net: NetName=GND Pin=J3-4
Added Pin To Net: NetName=GND Pin=J3-6
Added Pin To Net: NetName=GND Pin=J3-8
Added Pin To Net: NetName=GND Pin=J3-Shell
Added Pin To Net: NetName=GND Pin=J3-Shell
Added Pin To Net: NetName=GND Pin=J4-NEG
Added Pin To Net: NetName=GND Pin=P1-1
Added Pin To Net: NetName=GND Pin=P2-1
Added Pin To Net: NetName=GND Pin=R5-1
Added Pin To Net: NetName=GND Pin=R13-2
Added Pin To Net: NetName=GND Pin=SW1-2
Added Pin To Net: NetName=GND Pin=SW2-B1
Added Pin To Net: NetName=GND Pin=SW2-B2
Added Pin To Net: NetName=GND Pin=TVS1-2
Added Pin To Net: NetName=GND Pin=TVS2-2
Added Pin To Net: NetName=GND Pin=U3-2
Added Pin To Net: NetName=GND Pin=Z1-3
Added Pin To Net: NetName=GND Pin=IC1-8
Added Pin To Net: NetName=GND Pin=IC1-23
Added Pin To Net: NetName=GND Pin=IC1-35
Added Pin To Net: NetName=GND Pin=IC1-47
Added Net: Name=GND
Added Pin To Net: NetName=NetBT1_N Pin=BT1-N
Added Pin To Net: NetName=NetBT1_N Pin=SW1-1
Added Net: Name=NetBT1_N
Added Pin To Net: NetName=NetBT1_P Pin=BT1-P
Added Pin To Net: NetName=NetBT1_P Pin=C9-2
Added Pin To Net: NetName=NetBT1_P Pin=U1-3
Added Net: Name=NetBT1_P
Added Pin To Net: NetName=NetC13_2 Pin=C13-2
Added Pin To Net: NetName=NetC13_2 Pin=R1-1
Added Pin To Net: NetName=NetC13_2 Pin=R5-2
Added Pin To Net: NetName=NetC13_2 Pin=U1-1
Added Net: Name=NetC13_2
Added Pin To Net: NetName=NetC14_2 Pin=C14-2
Added Pin To Net: NetName=NetC14_2 Pin=R2-1
Added Pin To Net: NetName=NetC14_2 Pin=R6-2
Added Pin To Net: NetName=NetC14_2 Pin=U2-1
Added Net: Name=NetC14_2
Added Pin To Net: NetName=NetC15_2 Pin=C15-2
Added Pin To Net: NetName=NetC15_2 Pin=D3-2
Added Pin To Net: NetName=NetC15_2 Pin=FB1-2
Added Net: Name=NetC15_2
Added Pin To Net: NetName=NetC20_2 Pin=C20-2
Added Pin To Net: NetName=NetC20_2 Pin=U3-5
Added Net: Name=NetC20_2
Added Pin To Net: NetName=NetC21_2 Pin=C21-2
Added Pin To Net: NetName=NetC21_2 Pin=R14-1
Added Pin To Net: NetName=NetC21_2 Pin=R15-1
Added Net: Name=NetC21_2
Added Pin To Net: NetName=NetC27_2 Pin=C27-2
Added Pin To Net: NetName=NetC27_2 Pin=SW2-A2
Added Net: Name=NetC27_2
Added Pin To Net: NetName=NetD1_2 Pin=D1-2
Added Pin To Net: NetName=NetD1_2 Pin=R3-1
Added Net: Name=NetD1_2
Added Pin To Net: NetName=NetD2_2 Pin=D2-2
Added Pin To Net: NetName=NetD2_2 Pin=R4-1
Added Net: Name=NetD2_2
Added Pin To Net: NetName=NetD3_1 Pin=D3-1
Added Pin To Net: NetName=NetD3_1 Pin=J1-1
Added Net: Name=NetD3_1
Added Pin To Net: NetName=NetD4_2 Pin=D4-2
Added Pin To Net: NetName=NetD4_2 Pin=R12-2
Added Net: Name=NetD4_2
Added Pin To Net: NetName=NetFB1_1 Pin=FB1-1
Added Pin To Net: NetName=NetFB1_1 Pin=L1-2
Added Net: Name=NetFB1_1
Added Pin To Net: NetName=NetJ2_2 Pin=J2-2
Added Pin To Net: NetName=NetJ2_2 Pin=R10-1
Added Pin To Net: NetName=NetJ2_2 Pin=IC1-14
Added Net: Name=NetJ2_2
Added Pin To Net: NetName=NetJ2_3 Pin=J2-3
Added Pin To Net: NetName=NetJ2_3 Pin=R9-1
Added Pin To Net: NetName=NetJ2_3 Pin=IC1-17
Added Net: Name=NetJ2_3
Added Pin To Net: NetName=NetJ2_5 Pin=J2-5
Added Pin To Net: NetName=NetJ2_5 Pin=R8-1
Added Pin To Net: NetName=NetJ2_5 Pin=IC1-15
Added Net: Name=NetJ2_5
Added Pin To Net: NetName=NetJ2_7 Pin=J2-7
Added Pin To Net: NetName=NetJ2_7 Pin=R7-1
Added Pin To Net: NetName=NetJ2_7 Pin=IC1-16
Added Net: Name=NetJ2_7
Added Pin To Net: NetName=NetJ2_9 Pin=J2-9
Added Pin To Net: NetName=NetJ2_9 Pin=R11-2
Added Net: Name=NetJ2_9
Added Pin To Net: NetName=NetP2_2 Pin=P2-2
Added Pin To Net: NetName=NetP2_2 Pin=R17-1
Added Net: Name=NetP2_2
Added Pin To Net: NetName=NetR13_1 Pin=R13-1
Added Pin To Net: NetName=NetR13_1 Pin=U3-8
Added Net: Name=NetR13_1
Added Pin To Net: NetName=NRST Pin=R18-1
Added Pin To Net: NetName=NRST Pin=SW2-A1
Added Pin To Net: NetName=NRST Pin=IC1-7
Added Net: Name=NRST
Added Pin To Net: NetName=PC14/OSC32_IN Pin=C23-2
Added Pin To Net: NetName=PC14/OSC32_IN Pin=Y1-1
Added Pin To Net: NetName=PC14/OSC32_IN Pin=IC1-3
Added Net: Name=PC14/OSC32_IN
Added Pin To Net: NetName=PC15/OSC32_OUT Pin=C24-2
Added Pin To Net: NetName=PC15/OSC32_OUT Pin=Y1-2
Added Pin To Net: NetName=PC15/OSC32_OUT Pin=IC1-4
Added Net: Name=PC15/OSC32_OUT
Added Pin To Net: NetName=PD0/OSC_IN Pin=C25-2
Added Pin To Net: NetName=PD0/OSC_IN Pin=X1-1
Added Pin To Net: NetName=PD0/OSC_IN Pin=IC1-5
Added Net: Name=PD0/OSC_IN
Added Pin To Net: NetName=PD1/OSC_OUT Pin=C26-2
Added Pin To Net: NetName=PD1/OSC_OUT Pin=X1-2
Added Pin To Net: NetName=PD1/OSC_OUT Pin=IC1-6
Added Net: Name=PD1/OSC_OUT
Added Pin To Net: NetName=SD_CardD Pin=D4-1
Added Pin To Net: NetName=SD_CardD Pin=R11-1
Added Net: Name=SD_CardD
Added Pin To Net: NetName=SWCLK Pin=P1-3
Added Pin To Net: NetName=SWCLK Pin=IC1-37
Added Net: Name=SWCLK
Added Pin To Net: NetName=SWDIO Pin=P1-2
Added Pin To Net: NetName=SWDIO Pin=IC1-34
Added Net: Name=SWDIO
Added Pin To Net: NetName=USB_DM_F Pin=R21-1
Added Pin To Net: NetName=USB_DM_F Pin=IC1-32
Added Net: Name=USB_DM_F
Added Pin To Net: NetName=USB_DM Pin=C31-2
Added Pin To Net: NetName=USB_DM Pin=J1-2
Added Pin To Net: NetName=USB_DM Pin=R21-2
Added Pin To Net: NetName=USB_DM Pin=TVS2-1
Added Net: Name=USB_DM
Added Pin To Net: NetName=USB_DP_F Pin=R22-1
Added Pin To Net: NetName=USB_DP_F Pin=IC1-33
Added Net: Name=USB_DP_F
Added Pin To Net: NetName=USB_DP Pin=C30-2
Added Pin To Net: NetName=USB_DP Pin=J1-3
Added Pin To Net: NetName=USB_DP Pin=R22-2
Added Pin To Net: NetName=USB_DP Pin=TVS2-6
Added Net: Name=USB_DP
Added Pin To Net: NetName=VBAT Pin=J4-POS
Added Pin To Net: NetName=VBAT Pin=R16-2
Added Pin To Net: NetName=VBAT Pin=IC1-1
Added Net: Name=VBAT
Added Class: Name=Communication
Added Class: Name=Filters
Added Class: Name=Microcontroller
Added Class: Name=Power
